schema_version,generated_at,code_commit_sha,dataset_file_sha256,config_hash,validator_version,status,dataset,context_length,horizon,sampling_seed,requested_rate,unique_context_time_points,unique_target_time_points,unique_total_observed_time_points,context_coverage_ratio,target_coverage_ratio,total_coverage_ratio,average_time_point_exposure_count,maximum_time_point_exposure_count
1.0,2026-09-20T11:53:36.910358+00:00,97ff94ac46223bbf5ff537ca65743299fdf36803,876035eacc24fdea96a472e83e80c8d1f19356e86f4b759c79ad66a29264f2d0,3369a1508281082433c78fe0083966801b3d7085c521919558dc1265ecbee42f,streaming-long-csv-v1,blocked,ETTh1,256,96,42,0.0,0,0,0,0.0,0.0,0.0,0.0,0
1.0,2026-09-20T11:53:36.910358+00:00,97ff94ac46223bbf5ff537ca65743299fdf36803,876035eacc24fdea96a472e83e80c8d1f19356e86f4b759c79ad66a29264f2d0,3369a1508281082433c78fe0083966801b3d7085c521919558dc1265ecbee42f,streaming-long-csv-v1,blocked,ETTh1,256,96,42,0.005,10159,4800,10379,0.9719670876387294,0.4592422502870264,0.9930156907768848,1.695731766066095,3
1.0,2026-09-20T11:53:36.910358+00:00,97ff94ac46223bbf5ff537ca65743299fdf36803,876035eacc24fdea96a472e83e80c8d1f19356e86f4b759c79ad66a29264f2d0,3369a1508281082433c78fe0083966801b3d7085c521919558dc1265ecbee42f,streaming-long-csv-v1,blocked,ETTh1,256,96,42,0.01,10283,8158,10379,0.9838308457711443,0.7805204745503252,0.9930156907768848,3.4253781674535118,5
1.0,2026-09-20T11:53:36.910358+00:00,97ff94ac46223bbf5ff537ca65743299fdf36803,876035eacc24fdea96a472e83e80c8d1f19356e86f4b759c79ad66a29264f2d0,3369a1508281082433c78fe0083966801b3d7085c521919558dc1265ecbee42f,streaming-long-csv-v1,blocked,ETTh1,256,96,42,0.02,10321,9643,10417,0.9874665135859165,0.9225985457328741,0.9966513585916571,6.825765575501584,10
1.0,2026-09-20T11:53:36.910358+00:00,97ff94ac46223bbf5ff537ca65743299fdf36803,876035eacc24fdea96a472e83e80c8d1f19356e86f4b759c79ad66a29264f2d0,3369a1508281082433c78fe0083966801b3d7085c521919558dc1265ecbee42f,streaming-long-csv-v1,blocked,ETTh1,256,96,42,0.05,10321,10150,10417,0.9874665135859165,0.9711060084194413,0.9966513585916571,17.064413938753958,22
1.0,2026-09-20T11:53:36.910358+00:00,97ff94ac46223bbf5ff537ca65743299fdf36803,876035eacc24fdea96a472e83e80c8d1f19356e86f4b759c79ad66a29264f2d0,3369a1508281082433c78fe0083966801b3d7085c521919558dc1265ecbee42f,streaming-long-csv-v1,blocked,ETTh1,256,96,42,0.1,10343,10183,10439,0.9895713738997322,0.9742632988901646,0.9987562189054726,34.056902002107485,41
1.0,2026-09-20T11:53:36.910358+00:00,97ff94ac46223bbf5ff537ca65743299fdf36803,876035eacc24fdea96a472e83e80c8d1f19356e86f4b759c79ad66a29264f2d0,3369a1508281082433c78fe0083966801b3d7085c521919558dc1265ecbee42f,streaming-long-csv-v1,blocked,ETTh1,256,96,42,0.2,10343,10183,10439,0.9895713738997322,0.9742632988901646,0.9987562189054726,68.11380400421497,78
1.0,2026-09-20T11:53:36.910358+00:00,97ff94ac46223bbf5ff537ca65743299fdf36803,876035eacc24fdea96a472e83e80c8d1f19356e86f4b759c79ad66a29264f2d0,3369a1508281082433c78fe0083966801b3d7085c521919558dc1265ecbee42f,streaming-long-csv-v1,blocked,ETTh1,256,96,42,0.5,10349,10189,10445,0.9901454267125909,0.9748373517030233,0.9993302717183314,170.18669219722355,187
1.0,2026-09-20T11:53:36.910358+00:00,97ff94ac46223bbf5ff537ca65743299fdf36803,876035eacc24fdea96a472e83e80c8d1f19356e86f4b759c79ad66a29264f2d0,3369a1508281082433c78fe0083966801b3d7085c521919558dc1265ecbee42f,streaming-long-csv-v1,blocked,ETTh1,256,96,42,1.0,10356,10196,10452,0.9908151549942594,0.9755070799846919,1.0,340.17910447761193,352
1.0,2026-09-20T11:53:36.910358+00:00,97ff94ac46223bbf5ff537ca65743299fdf36803,876035eacc24fdea96a472e83e80c8d1f19356e86f4b759c79ad66a29264f2d0,3369a1508281082433c78fe0083966801b3d7085c521919558dc1265ecbee42f,streaming-long-csv-v1,blocked,ETTh1,256,192,42,0.0,0,0,0,0.0,0.0,0.0,0.0,0
1.0,2026-09-20T11:53:36.910358+00:00,97ff94ac46223bbf5ff537ca65743299fdf36803,876035eacc24fdea96a472e83e80c8d1f19356e86f4b759c79ad66a29264f2d0,3369a1508281082433c78fe0083966801b3d7085c521919558dc1265ecbee42f,streaming-long-csv-v1,blocked,ETTh1,256,192,42,0.005,10007,9064,10345,0.9574244163796403,0.8672024492920015,0.9897627248373517,2.165297245045916,3
1.0,2026-09-20T11:53:36.910358+00:00,97ff94ac46223bbf5ff537ca65743299fdf36803,876035eacc24fdea96a472e83e80c8d1f19356e86f4b759c79ad66a29264f2d0,3369a1508281082433c78fe0083966801b3d7085c521919558dc1265ecbee42f,streaming-long-csv-v1,blocked,ETTh1,256,192,42,0.01,10153,10088,10345,0.9713930348258707,0.9651741293532339,0.9897627248373517,4.330594490091832,6
1.0,2026-09-20T11:53:36.910358+00:00,97ff94ac46223bbf5ff537ca65743299fdf36803,876035eacc24fdea96a472e83e80c8d1f19356e86f4b759c79ad66a29264f2d0,3369a1508281082433c78fe0083966801b3d7085c521919558dc1265ecbee42f,streaming-long-csv-v1,blocked,ETTh1,256,192,42,0.02,10155,10091,10347,0.9715843857634903,0.9654611557596632,0.9899540757749713,8.659514835217937,12
1.0,2026-09-20T11:53:36.910358+00:00,97ff94ac46223bbf5ff537ca65743299fdf36803,876035eacc24fdea96a472e83e80c8d1f19356e86f4b759c79ad66a29264f2d0,3369a1508281082433c78fe0083966801b3d7085c521919558dc1265ecbee42f,streaming-long-csv-v1,blocked,ETTh1,256,192,42,0.05,10248,10184,10440,0.9804822043628014,0.9743589743589743,0.9988518943742825,21.455938697318008,28
1.0,2026-09-20T11:53:36.910358+00:00,97ff94ac46223bbf5ff537ca65743299fdf36803,876035eacc24fdea96a472e83e80c8d1f19356e86f4b759c79ad66a29264f2d0,3369a1508281082433c78fe0083966801b3d7085c521919558dc1265ecbee42f,streaming-long-csv-v1,blocked,ETTh1,256,192,42,0.1,10248,10184,10440,0.9804822043628014,0.9743589743589743,0.9988518943742825,42.911877394636015,51
1.0,2026-09-20T11:53:36.910358+00:00,97ff94ac46223bbf5ff537ca65743299fdf36803,876035eacc24fdea96a472e83e80c8d1f19356e86f4b759c79ad66a29264f2d0,3369a1508281082433c78fe0083966801b3d7085c521919558dc1265ecbee42f,streaming-long-csv-v1,blocked,ETTh1,256,192,42,0.2,10248,10184,10440,0.9804822043628014,0.9743589743589743,0.9988518943742825,85.86666666666666,99
1.0,2026-09-20T11:53:36.910358+00:00,97ff94ac46223bbf5ff537ca65743299fdf36803,876035eacc24fdea96a472e83e80c8d1f19356e86f4b759c79ad66a29264f2d0,3369a1508281082433c78fe0083966801b3d7085c521919558dc1265ecbee42f,streaming-long-csv-v1,blocked,ETTh1,256,192,42,0.5,10253,10189,10445,0.9809605817068504,0.9748373517030233,0.9993302717183314,214.5424605074198,234
1.0,2026-09-20T11:53:36.910358+00:00,97ff94ac46223bbf5ff537ca65743299fdf36803,876035eacc24fdea96a472e83e80c8d1f19356e86f4b759c79ad66a29264f2d0,3369a1508281082433c78fe0083966801b3d7085c521919558dc1265ecbee42f,streaming-long-csv-v1,blocked,ETTh1,256,192,42,1.0,10260,10196,10452,0.981630309988519,0.9755070799846919,1.0,428.84041331802524,448
1.0,2026-09-20T11:53:36.910358+00:00,97ff94ac46223bbf5ff537ca65743299fdf36803,876035eacc24fdea96a472e83e80c8d1f19356e86f4b759c79ad66a29264f2d0,3369a1508281082433c78fe0083966801b3d7085c521919558dc1265ecbee42f,streaming-long-csv-v1,blocked,ETTh1,256,336,42,0.0,0,0,0,0.0,0.0,0.0,0.0,0
1.0,2026-09-20T11:53:36.910358+00:00,97ff94ac46223bbf5ff537ca65743299fdf36803,876035eacc24fdea96a472e83e80c8d1f19356e86f4b759c79ad66a29264f2d0,3369a1508281082433c78fe0083966801b3d7085c521919558dc1265ecbee42f,streaming-long-csv-v1,blocked,ETTh1,256,336,42,0.005,9702,9829,10085,0.9282433983926521,0.9403941829314963,0.9648871029468045,2.8763510163609323,4
1.0,2026-09-20T11:53:36.910358+00:00,97ff94ac46223bbf5ff537ca65743299fdf36803,876035eacc24fdea96a472e83e80c8d1f19356e86f4b759c79ad66a29264f2d0,3369a1508281082433c78fe0083966801b3d7085c521919558dc1265ecbee42f,streaming-long-csv-v1,blocked,ETTh1,256,336,42,0.01,9938,10018,10274,0.9508228090317643,0.9584768465365481,0.9829697665518561,5.646875608331711,7
1.0,2026-09-20T11:53:36.910358+00:00,97ff94ac46223bbf5ff537ca65743299fdf36803,876035eacc24fdea96a472e83e80c8d1f19356e86f4b759c79ad66a29264f2d0,3369a1508281082433c78fe0083966801b3d7085c521919558dc1265ecbee42f,streaming-long-csv-v1,blocked,ETTh1,256,336,42,0.02,10027,10107,10363,0.9593379257558362,0.96699196326062,0.9914848832759281,11.253884010421693,14
1.0,2026-09-20T11:53:36.910358+00:00,97ff94ac46223bbf5ff537ca65743299fdf36803,876035eacc24fdea96a472e83e80c8d1f19356e86f4b759c79ad66a29264f2d0,3369a1508281082433c78fe0083966801b3d7085c521919558dc1265ecbee42f,streaming-long-csv-v1,blocked,ETTh1,256,336,42,0.05,10092,10172,10428,0.965556831228473,0.9732108687332568,0.9977037887485649,27.987725354813964,34
1.0,2026-09-20T11:53:36.910358+00:00,97ff94ac46223bbf5ff537ca65743299fdf36803,876035eacc24fdea96a472e83e80c8d1f19356e86f4b759c79ad66a29264f2d0,3369a1508281082433c78fe0083966801b3d7085c521919558dc1265ecbee42f,streaming-long-csv-v1,blocked,ETTh1,256,336,42,0.1,10100,10180,10436,0.9663222349789514,0.9739762724837352,0.9984691924990432,55.932541203526256,64
1.0,2026-09-20T11:53:36.910358+00:00,97ff94ac46223bbf5ff537ca65743299fdf36803,876035eacc24fdea96a472e83e80c8d1f19356e86f4b759c79ad66a29264f2d0,3369a1508281082433c78fe0083966801b3d7085c521919558dc1265ecbee42f,streaming-long-csv-v1,blocked,ETTh1,256,336,42,0.2,10100,10180,10436,0.9663222349789514,0.9739762724837352,0.9984691924990432,111.86508240705251,127
1.0,2026-09-20T11:53:36.910358+00:00,97ff94ac46223bbf5ff537ca65743299fdf36803,876035eacc24fdea96a472e83e80c8d1f19356e86f4b759c79ad66a29264f2d0,3369a1508281082433c78fe0083966801b3d7085c521919558dc1265ecbee42f,streaming-long-csv-v1,blocked,ETTh1,256,336,42,0.5,10108,10188,10444,0.9670876387294298,0.9747416762342136,0.9992345962495216,279.4484871696668,307
1.0,2026-09-20T11:53:36.910358+00:00,97ff94ac46223bbf5ff537ca65743299fdf36803,876035eacc24fdea96a472e83e80c8d1f19356e86f4b759c79ad66a29264f2d0,3369a1508281082433c78fe0083966801b3d7085c521919558dc1265ecbee42f,streaming-long-csv-v1,blocked,ETTh1,256,336,42,1.0,10116,10196,10452,0.9678530424799081,0.9755070799846919,1.0,558.5258323765786,592
1.0,2026-09-20T11:53:36.910358+00:00,97ff94ac46223bbf5ff537ca65743299fdf36803,876035eacc24fdea96a472e83e80c8d1f19356e86f4b759c79ad66a29264f2d0,3369a1508281082433c78fe0083966801b3d7085c521919558dc1265ecbee42f,streaming-long-csv-v1,blocked,ETTh1,256,720,42,0.0,0,0,0,0.0,0.0,0.0,0.0,0
1.0,2026-09-20T11:53:36.910358+00:00,97ff94ac46223bbf5ff537ca65743299fdf36803,876035eacc24fdea96a472e83e80c8d1f19356e86f4b759c79ad66a29264f2d0,3369a1508281082433c78fe0083966801b3d7085c521919558dc1265ecbee42f,streaming-long-csv-v1,blocked,ETTh1,256,720,42,0.005,9182,9997,10253,0.8784921546115576,0.9564676616915423,0.9809605817068504,4.474007607529503,6
1.0,2026-09-20T11:53:36.910358+00:00,97ff94ac46223bbf5ff537ca65743299fdf36803,876035eacc24fdea96a472e83e80c8d1f19356e86f4b759c79ad66a29264f2d0,3369a1508281082433c78fe0083966801b3d7085c521919558dc1265ecbee42f,streaming-long-csv-v1,blocked,ETTh1,256,720,42,0.01,9577,10041,10297,0.9162839647914275,0.9606773823191733,0.9851703023344814,8.909779547441003,11
1.0,2026-09-20T11:53:36.910358+00:00,97ff94ac46223bbf5ff537ca65743299fdf36803,876035eacc24fdea96a472e83e80c8d1f19356e86f4b759c79ad66a29264f2d0,3369a1508281082433c78fe0083966801b3d7085c521919558dc1265ecbee42f,streaming-long-csv-v1,blocked,ETTh1,256,720,42,0.02,9613,10077,10333,0.9197282816685802,0.9641216991963261,0.9886146192116342,17.851930707442175,22
1.0,2026-09-20T11:53:36.910358+00:00,97ff94ac46223bbf5ff537ca65743299fdf36803,876035eacc24fdea96a472e83e80c8d1f19356e86f4b759c79ad66a29264f2d0,3369a1508281082433c78fe0083966801b3d7085c521919558dc1265ecbee42f,streaming-long-csv-v1,blocked,ETTh1,256,720,42,0.05,9718,10182,10438,0.9297742058936089,0.9741676234213548,0.9986605434366629,44.22762981414064,54
1.0,2026-09-20T11:53:36.910358+00:00,97ff94ac46223bbf5ff537ca65743299fdf36803,876035eacc24fdea96a472e83e80c8d1f19356e86f4b759c79ad66a29264f2d0,3369a1508281082433c78fe0083966801b3d7085c521919558dc1265ecbee42f,streaming-long-csv-v1,blocked,ETTh1,256,720,42,0.1,9723,10187,10443,0.9302525832376579,0.9746460007654038,0.9991389207807119,88.50636790194389,104
1.0,2026-09-20T11:53:36.910358+00:00,97ff94ac46223bbf5ff537ca65743299fdf36803,876035eacc24fdea96a472e83e80c8d1f19356e86f4b759c79ad66a29264f2d0,3369a1508281082433c78fe0083966801b3d7085c521919558dc1265ecbee42f,streaming-long-csv-v1,blocked,ETTh1,256,720,42,0.2,9723,10187,10443,0.9302525832376579,0.9746460007654038,0.9991389207807119,177.10619553768075,203
1.0,2026-09-20T11:53:36.910358+00:00,97ff94ac46223bbf5ff537ca65743299fdf36803,876035eacc24fdea96a472e83e80c8d1f19356e86f4b759c79ad66a29264f2d0,3369a1508281082433c78fe0083966801b3d7085c521919558dc1265ecbee42f,streaming-long-csv-v1,blocked,ETTh1,256,720,42,0.5,9726,10190,10446,0.9305396096440872,0.9749330271718332,0.9994259471871412,442.68504690790735,499
1.0,2026-09-20T11:53:36.910358+00:00,97ff94ac46223bbf5ff537ca65743299fdf36803,876035eacc24fdea96a472e83e80c8d1f19356e86f4b759c79ad66a29264f2d0,3369a1508281082433c78fe0083966801b3d7085c521919558dc1265ecbee42f,streaming-long-csv-v1,blocked,ETTh1,256,720,42,1.0,9732,10196,10452,0.931113662456946,0.9755070799846919,1.0,884.955223880597,976
1.0,2026-09-20T11:53:36.910358+00:00,97ff94ac46223bbf5ff537ca65743299fdf36803,876035eacc24fdea96a472e83e80c8d1f19356e86f4b759c79ad66a29264f2d0,3369a1508281082433c78fe0083966801b3d7085c521919558dc1265ecbee42f,streaming-long-csv-v1,blocked,ETTh1,512,96,42,0.0,0,0,0,0.0,0.0,0.0,0.0,0
1.0,2026-09-20T11:53:36.910358+00:00,97ff94ac46223bbf5ff537ca65743299fdf36803,876035eacc24fdea96a472e83e80c8d1f19356e86f4b759c79ad66a29264f2d0,3369a1508281082433c78fe0083966801b3d7085c521919558dc1265ecbee42f,streaming-long-csv-v1,blocked,ETTh1,512,96,42,0.005,9911,4704,10007,0.9482395713738997,0.4500574052812859,0.9574244163796403,2.977116018786849,4
1.0,2026-09-20T11:53:36.910358+00:00,97ff94ac46223bbf5ff537ca65743299fdf36803,876035eacc24fdea96a472e83e80c8d1f19356e86f4b759c79ad66a29264f2d0,3369a1508281082433c78fe0083966801b3d7085c521919558dc1265ecbee42f,streaming-long-csv-v1,blocked,ETTh1,512,96,42,0.01,10096,7874,10192,0.9659395331037122,0.7533486414083429,0.9751243781094527,5.846153846153846,8
1.0,2026-09-20T11:53:36.910358+00:00,97ff94ac46223bbf5ff537ca65743299fdf36803,876035eacc24fdea96a472e83e80c8d1f19356e86f4b759c79ad66a29264f2d0,3369a1508281082433c78fe0083966801b3d7085c521919558dc1265ecbee42f,streaming-long-csv-v1,blocked,ETTh1,512,96,42,0.02,10267,9395,10363,0.9823000382701875,0.8988710294680444,0.9914848832759281,11.49937276850333,15
1.0,2026-09-20T11:53:36.910358+00:00,97ff94ac46223bbf5ff537ca65743299fdf36803,876035eacc24fdea96a472e83e80c8d1f19356e86f4b759c79ad66a29264f2d0,3369a1508281082433c78fe0083966801b3d7085c521919558dc1265ecbee42f,streaming-long-csv-v1,blocked,ETTh1,512,96,42,0.05,10332,9916,10428,0.9885189437428243,0.9487179487179487,0.9977037887485649,28.68584579976985,35
1.0,2026-09-20T11:53:36.910358+00:00,97ff94ac46223bbf5ff537ca65743299fdf36803,876035eacc24fdea96a472e83e80c8d1f19356e86f4b759c79ad66a29264f2d0,3369a1508281082433c78fe0083966801b3d7085c521919558dc1265ecbee42f,streaming-long-csv-v1,blocked,ETTh1,512,96,42,0.1,10340,9924,10436,0.9892843474933027,0.9494833524684271,0.9984691924990432,57.32771176696052,68
1.0,2026-09-20T11:53:36.910358+00:00,97ff94ac46223bbf5ff537ca65743299fdf36803,876035eacc24fdea96a472e83e80c8d1f19356e86f4b759c79ad66a29264f2d0,3369a1508281082433c78fe0083966801b3d7085c521919558dc1265ecbee42f,streaming-long-csv-v1,blocked,ETTh1,512,96,42,0.2,10340,9924,10436,0.9892843474933027,0.9494833524684271,0.9984691924990432,114.71368340360291,129
1.0,2026-09-20T11:53:36.910358+00:00,97ff94ac46223bbf5ff537ca65743299fdf36803,876035eacc24fdea96a472e83e80c8d1f19356e86f4b759c79ad66a29264f2d0,3369a1508281082433c78fe0083966801b3d7085c521919558dc1265ecbee42f,streaming-long-csv-v1,blocked,ETTh1,512,96,42,0.5,10348,9932,10444,0.9900497512437811,0.9502487562189055,0.9992345962495216,286.5354270394485,316
1.0,2026-09-20T11:53:36.910358+00:00,97ff94ac46223bbf5ff537ca65743299fdf36803,876035eacc24fdea96a472e83e80c8d1f19356e86f4b759c79ad66a29264f2d0,3369a1508281082433c78fe0083966801b3d7085c521919558dc1265ecbee42f,streaming-long-csv-v1,blocked,ETTh1,512,96,42,1.0,10356,9940,10452,0.9908151549942594,0.9510141599693839,1.0,572.6903941829315,608
1.0,2026-09-20T11:53:36.910358+00:00,97ff94ac46223bbf5ff537ca65743299fdf36803,876035eacc24fdea96a472e83e80c8d1f19356e86f4b759c79ad66a29264f2d0,3369a1508281082433c78fe0083966801b3d7085c521919558dc1265ecbee42f,streaming-long-csv-v1,blocked,ETTh1,512,192,42,0.0,0,0,0,0.0,0.0,0.0,0.0,0
1.0,2026-09-20T11:53:36.910358+00:00,97ff94ac46223bbf5ff537ca65743299fdf36803,876035eacc24fdea96a472e83e80c8d1f19356e86f4b759c79ad66a29264f2d0,3369a1508281082433c78fe0083966801b3d7085c521919558dc1265ecbee42f,streaming-long-csv-v1,blocked,ETTh1,512,192,42,0.005,9992,8582,10184,0.9559892843474933,0.8210868733256793,0.9743589743589743,3.3181461115475255,5
1.0,2026-09-20T11:53:36.910358+00:00,97ff94ac46223bbf5ff537ca65743299fdf36803,876035eacc24fdea96a472e83e80c8d1f19356e86f4b759c79ad66a29264f2d0,3369a1508281082433c78fe0083966801b3d7085c521919558dc1265ecbee42f,streaming-long-csv-v1,blocked,ETTh1,512,192,42,0.01,10098,9659,10290,0.9661308840413318,0.9241293532338308,0.9845005740528129,6.636345966958212,9
1.0,2026-09-20T11:53:36.910358+00:00,97ff94ac46223bbf5ff537ca65743299fdf36803,876035eacc24fdea96a472e83e80c8d1f19356e86f4b759c79ad66a29264f2d0,3369a1508281082433c78fe0083966801b3d7085c521919558dc1265ecbee42f,streaming-long-csv-v1,blocked,ETTh1,512,192,42,0.02,10134,9814,10326,0.9695752009184845,0.9389590508993494,0.9879448909299655,13.226418748789463,16
1.0,2026-09-20T11:53:36.910358+00:00,97ff94ac46223bbf5ff537ca65743299fdf36803,876035eacc24fdea96a472e83e80c8d1f19356e86f4b759c79ad66a29264f2d0,3369a1508281082433c78fe0083966801b3d7085c521919558dc1265ecbee42f,streaming-long-csv-v1,blocked,ETTh1,512,192,42,0.05,10246,9926,10438,0.9802908534251817,0.9496747034060466,0.9986605434366629,32.84613910710864,40
1.0,2026-09-20T11:53:36.910358+00:00,97ff94ac46223bbf5ff537ca65743299fdf36803,876035eacc24fdea96a472e83e80c8d1f19356e86f4b759c79ad66a29264f2d0,3369a1508281082433c78fe0083966801b3d7085c521919558dc1265ecbee42f,streaming-long-csv-v1,blocked,ETTh1,512,192,42,0.1,10249,9929,10441,0.9805778798316112,0.9499617298124761,0.9989475698430922,65.67340293075375,76
1.0,2026-09-20T11:53:36.910358+00:00,97ff94ac46223bbf5ff537ca65743299fdf36803,876035eacc24fdea96a472e83e80c8d1f19356e86f4b759c79ad66a29264f2d0,3369a1508281082433c78fe0083966801b3d7085c521919558dc1265ecbee42f,streaming-long-csv-v1,blocked,ETTh1,512,192,42,0.2,10249,9929,10441,0.9805778798316112,0.9499617298124761,0.9989475698430922,131.41423235322287,148
1.0,2026-09-20T11:53:36.910358+00:00,97ff94ac46223bbf5ff537ca65743299fdf36803,876035eacc24fdea96a472e83e80c8d1f19356e86f4b759c79ad66a29264f2d0,3369a1508281082433c78fe0083966801b3d7085c521919558dc1265ecbee42f,streaming-long-csv-v1,blocked,ETTh1,512,192,42,0.5,10253,9933,10445,0.9809605817068504,0.9503444316877153,0.9993302717183314,328.51086644327427,366
1.0,2026-09-20T11:53:36.910358+00:00,97ff94ac46223bbf5ff537ca65743299fdf36803,876035eacc24fdea96a472e83e80c8d1f19356e86f4b759c79ad66a29264f2d0,3369a1508281082433c78fe0083966801b3d7085c521919558dc1265ecbee42f,streaming-long-csv-v1,blocked,ETTh1,512,192,42,1.0,10260,9940,10452,0.981630309988519,0.9510141599693839,1.0,656.6490623804057,704
1.0,2026-09-20T11:53:36.910358+00:00,97ff94ac46223bbf5ff537ca65743299fdf36803,876035eacc24fdea96a472e83e80c8d1f19356e86f4b759c79ad66a29264f2d0,3369a1508281082433c78fe0083966801b3d7085c521919558dc1265ecbee42f,streaming-long-csv-v1,blocked,ETTh1,512,336,42,0.0,0,0,0,0.0,0.0,0.0,0.0,0
1.0,2026-09-20T11:53:36.910358+00:00,97ff94ac46223bbf5ff537ca65743299fdf36803,876035eacc24fdea96a472e83e80c8d1f19356e86f4b759c79ad66a29264f2d0,3369a1508281082433c78fe0083966801b3d7085c521919558dc1265ecbee42f,streaming-long-csv-v1,blocked,ETTh1,512,336,42,0.005,9819,9544,10155,0.9394374282433984,0.9131266743207042,0.9715843857634903,4.0082717872968985,5
1.0,2026-09-20T11:53:36.910358+00:00,97ff94ac46223bbf5ff537ca65743299fdf36803,876035eacc24fdea96a472e83e80c8d1f19356e86f4b759c79ad66a29264f2d0,3369a1508281082433c78fe0083966801b3d7085c521919558dc1265ecbee42f,streaming-long-csv-v1,blocked,ETTh1,512,336,42,0.01,10041,9865,10377,0.9606773823191733,0.9438384998086491,0.9928243398392652,7.845041919629951,10
1.0,2026-09-20T11:53:36.910358+00:00,97ff94ac46223bbf5ff537ca65743299fdf36803,876035eacc24fdea96a472e83e80c8d1f19356e86f4b759c79ad66a29264f2d0,3369a1508281082433c78fe0083966801b3d7085c521919558dc1265ecbee42f,streaming-long-csv-v1,blocked,ETTh1,512,336,42,0.02,10041,9865,10377,0.9606773823191733,0.9438384998086491,0.9928243398392652,15.690083839259902,20
1.0,2026-09-20T11:53:36.910358+00:00,97ff94ac46223bbf5ff537ca65743299fdf36803,876035eacc24fdea96a472e83e80c8d1f19356e86f4b759c79ad66a29264f2d0,3369a1508281082433c78fe0083966801b3d7085c521919558dc1265ecbee42f,streaming-long-csv-v1,blocked,ETTh1,512,336,42,0.05,10105,9929,10441,0.9668006123230004,0.9499617298124761,0.9989475698430922,38.984771573604064,47
1.0,2026-09-20T11:53:36.910358+00:00,97ff94ac46223bbf5ff537ca65743299fdf36803,876035eacc24fdea96a472e83e80c8d1f19356e86f4b759c79ad66a29264f2d0,3369a1508281082433c78fe0083966801b3d7085c521919558dc1265ecbee42f,streaming-long-csv-v1,blocked,ETTh1,512,336,42,0.1,10105,9929,10441,0.9668006123230004,0.9499617298124761,0.9989475698430922,77.96954314720813,90
1.0,2026-09-20T11:53:36.910358+00:00,97ff94ac46223bbf5ff537ca65743299fdf36803,876035eacc24fdea96a472e83e80c8d1f19356e86f4b759c79ad66a29264f2d0,3369a1508281082433c78fe0083966801b3d7085c521919558dc1265ecbee42f,streaming-long-csv-v1,blocked,ETTh1,512,336,42,0.2,10105,9929,10441,0.9668006123230004,0.9499617298124761,0.9989475698430922,156.0203045685279,176
1.0,2026-09-20T11:53:36.910358+00:00,97ff94ac46223bbf5ff537ca65743299fdf36803,876035eacc24fdea96a472e83e80c8d1f19356e86f4b759c79ad66a29264f2d0,3369a1508281082433c78fe0083966801b3d7085c521919558dc1265ecbee42f,streaming-long-csv-v1,blocked,ETTh1,512,336,42,0.5,10109,9933,10445,0.9671833141982396,0.9503444316877153,0.9993302717183314,389.86079463858306,435
1.0,2026-09-20T11:53:36.910358+00:00,97ff94ac46223bbf5ff537ca65743299fdf36803,876035eacc24fdea96a472e83e80c8d1f19356e86f4b759c79ad66a29264f2d0,3369a1508281082433c78fe0083966801b3d7085c521919558dc1265ecbee42f,streaming-long-csv-v1,blocked,ETTh1,512,336,42,1.0,10116,9940,10452,0.9678530424799081,0.9510141599693839,1.0,779.2805204745504,848
1.0,2026-09-20T11:53:36.910358+00:00,97ff94ac46223bbf5ff537ca65743299fdf36803,876035eacc24fdea96a472e83e80c8d1f19356e86f4b759c79ad66a29264f2d0,3369a1508281082433c78fe0083966801b3d7085c521919558dc1265ecbee42f,streaming-long-csv-v1,blocked,ETTh1,512,720,42,0.0,0,0,0,0.0,0.0,0.0,0.0,0
1.0,2026-09-20T11:53:36.910358+00:00,97ff94ac46223bbf5ff537ca65743299fdf36803,876035eacc24fdea96a472e83e80c8d1f19356e86f4b759c79ad66a29264f2d0,3369a1508281082433c78fe0083966801b3d7085c521919558dc1265ecbee42f,streaming-long-csv-v1,blocked,ETTh1,512,720,42,0.005,9689,9897,10409,0.9269996172981247,0.9469001148105626,0.9958859548411787,5.444519166106255,7
1.0,2026-09-20T11:53:36.910358+00:00,97ff94ac46223bbf5ff537ca65743299fdf36803,876035eacc24fdea96a472e83e80c8d1f19356e86f4b759c79ad66a29264f2d0,3369a1508281082433c78fe0083966801b3d7085c521919558dc1265ecbee42f,streaming-long-csv-v1,blocked,ETTh1,512,720,42,0.01,9689,9897,10409,0.9269996172981247,0.9469001148105626,0.9958859548411787,10.88903833221251,14
1.0,2026-09-20T11:53:36.910358+00:00,97ff94ac46223bbf5ff537ca65743299fdf36803,876035eacc24fdea96a472e83e80c8d1f19356e86f4b759c79ad66a29264f2d0,3369a1508281082433c78fe0083966801b3d7085c521919558dc1265ecbee42f,streaming-long-csv-v1,blocked,ETTh1,512,720,42,0.02,9689,9897,10409,0.9269996172981247,0.9469001148105626,0.9958859548411787,21.77807666442502,27
1.0,2026-09-20T11:53:36.910358+00:00,97ff94ac46223bbf5ff537ca65743299fdf36803,876035eacc24fdea96a472e83e80c8d1f19356e86f4b759c79ad66a29264f2d0,3369a1508281082433c78fe0083966801b3d7085c521919558dc1265ecbee42f,streaming-long-csv-v1,blocked,ETTh1,512,720,42,0.05,9700,9908,10420,0.9280520474550326,0.9479525449674704,0.9969383849980865,54.50595009596929,65
1.0,2026-09-20T11:53:36.910358+00:00,97ff94ac46223bbf5ff537ca65743299fdf36803,876035eacc24fdea96a472e83e80c8d1f19356e86f4b759c79ad66a29264f2d0,3369a1508281082433c78fe0083966801b3d7085c521919558dc1265ecbee42f,streaming-long-csv-v1,blocked,ETTh1,512,720,42,0.1,9725,9933,10445,0.9304439341752775,0.9503444316877153,0.9993302717183314,108.75098133078028,129
1.0,2026-09-20T11:53:36.910358+00:00,97ff94ac46223bbf5ff537ca65743299fdf36803,876035eacc24fdea96a472e83e80c8d1f19356e86f4b759c79ad66a29264f2d0,3369a1508281082433c78fe0083966801b3d7085c521919558dc1265ecbee42f,streaming-long-csv-v1,blocked,ETTh1,512,720,42,0.2,9725,9933,10445,0.9304439341752775,0.9503444316877153,0.9993302717183314,217.50196266156055,254
1.0,2026-09-20T11:53:36.910358+00:00,97ff94ac46223bbf5ff537ca65743299fdf36803,876035eacc24fdea96a472e83e80c8d1f19356e86f4b759c79ad66a29264f2d0,3369a1508281082433c78fe0083966801b3d7085c521919558dc1265ecbee42f,streaming-long-csv-v1,blocked,ETTh1,512,720,42,0.5,9726,9934,10446,0.9305396096440872,0.950440107156525,0.9994259471871412,543.7028527666092,627
1.0,2026-09-20T11:53:36.910358+00:00,97ff94ac46223bbf5ff537ca65743299fdf36803,876035eacc24fdea96a472e83e80c8d1f19356e86f4b759c79ad66a29264f2d0,3369a1508281082433c78fe0083966801b3d7085c521919558dc1265ecbee42f,streaming-long-csv-v1,blocked,ETTh1,512,720,42,1.0,9732,9940,10452,0.931113662456946,0.9510141599693839,1.0,1086.899349406812,1232
1.0,2026-09-20T11:53:36.910358+00:00,97ff94ac46223bbf5ff537ca65743299fdf36803,0a4e9e8cde4cfaa4031ac83f9587e0198429f5181a630b3cf3f092a3b7458ed4,3369a1508281082433c78fe0083966801b3d7085c521919558dc1265ecbee42f,streaming-long-csv-v1,blocked,ETTh2,256,96,42,0.0,0,0,0,0.0,0.0,0.0,0.0,0
1.0,2026-09-20T11:53:36.910358+00:00,97ff94ac46223bbf5ff537ca65743299fdf36803,0a4e9e8cde4cfaa4031ac83f9587e0198429f5181a630b3cf3f092a3b7458ed4,3369a1508281082433c78fe0083966801b3d7085c521919558dc1265ecbee42f,streaming-long-csv-v1,blocked,ETTh2,256,96,42,0.005,10159,4800,10379,0.9719670876387294,0.4592422502870264,0.9930156907768848,1.695731766066095,3
1.0,2026-09-20T11:53:36.910358+00:00,97ff94ac46223bbf5ff537ca65743299fdf36803,0a4e9e8cde4cfaa4031ac83f9587e0198429f5181a630b3cf3f092a3b7458ed4,3369a1508281082433c78fe0083966801b3d7085c521919558dc1265ecbee42f,streaming-long-csv-v1,blocked,ETTh2,256,96,42,0.01,10283,8158,10379,0.9838308457711443,0.7805204745503252,0.9930156907768848,3.4253781674535118,5
1.0,2026-09-20T11:53:36.910358+00:00,97ff94ac46223bbf5ff537ca65743299fdf36803,0a4e9e8cde4cfaa4031ac83f9587e0198429f5181a630b3cf3f092a3b7458ed4,3369a1508281082433c78fe0083966801b3d7085c521919558dc1265ecbee42f,streaming-long-csv-v1,blocked,ETTh2,256,96,42,0.02,10321,9643,10417,0.9874665135859165,0.9225985457328741,0.9966513585916571,6.825765575501584,10
1.0,2026-09-20T11:53:36.910358+00:00,97ff94ac46223bbf5ff537ca65743299fdf36803,0a4e9e8cde4cfaa4031ac83f9587e0198429f5181a630b3cf3f092a3b7458ed4,3369a1508281082433c78fe0083966801b3d7085c521919558dc1265ecbee42f,streaming-long-csv-v1,blocked,ETTh2,256,96,42,0.05,10321,10150,10417,0.9874665135859165,0.9711060084194413,0.9966513585916571,17.064413938753958,22
1.0,2026-09-20T11:53:36.910358+00:00,97ff94ac46223bbf5ff537ca65743299fdf36803,0a4e9e8cde4cfaa4031ac83f9587e0198429f5181a630b3cf3f092a3b7458ed4,3369a1508281082433c78fe0083966801b3d7085c521919558dc1265ecbee42f,streaming-long-csv-v1,blocked,ETTh2,256,96,42,0.1,10343,10183,10439,0.9895713738997322,0.9742632988901646,0.9987562189054726,34.056902002107485,41
1.0,2026-09-20T11:53:36.910358+00:00,97ff94ac46223bbf5ff537ca65743299fdf36803,0a4e9e8cde4cfaa4031ac83f9587e0198429f5181a630b3cf3f092a3b7458ed4,3369a1508281082433c78fe0083966801b3d7085c521919558dc1265ecbee42f,streaming-long-csv-v1,blocked,ETTh2,256,96,42,0.2,10343,10183,10439,0.9895713738997322,0.9742632988901646,0.9987562189054726,68.11380400421497,78
1.0,2026-09-20T11:53:36.910358+00:00,97ff94ac46223bbf5ff537ca65743299fdf36803,0a4e9e8cde4cfaa4031ac83f9587e0198429f5181a630b3cf3f092a3b7458ed4,3369a1508281082433c78fe0083966801b3d7085c521919558dc1265ecbee42f,streaming-long-csv-v1,blocked,ETTh2,256,96,42,0.5,10349,10189,10445,0.9901454267125909,0.9748373517030233,0.9993302717183314,170.18669219722355,187
1.0,2026-09-20T11:53:36.910358+00:00,97ff94ac46223bbf5ff537ca65743299fdf36803,0a4e9e8cde4cfaa4031ac83f9587e0198429f5181a630b3cf3f092a3b7458ed4,3369a1508281082433c78fe0083966801b3d7085c521919558dc1265ecbee42f,streaming-long-csv-v1,blocked,ETTh2,256,96,42,1.0,10356,10196,10452,0.9908151549942594,0.9755070799846919,1.0,340.17910447761193,352
1.0,2026-09-20T11:53:36.910358+00:00,97ff94ac46223bbf5ff537ca65743299fdf36803,0a4e9e8cde4cfaa4031ac83f9587e0198429f5181a630b3cf3f092a3b7458ed4,3369a1508281082433c78fe0083966801b3d7085c521919558dc1265ecbee42f,streaming-long-csv-v1,blocked,ETTh2,256,192,42,0.0,0,0,0,0.0,0.0,0.0,0.0,0
1.0,2026-09-20T11:53:36.910358+00:00,97ff94ac46223bbf5ff537ca65743299fdf36803,0a4e9e8cde4cfaa4031ac83f9587e0198429f5181a630b3cf3f092a3b7458ed4,3369a1508281082433c78fe0083966801b3d7085c521919558dc1265ecbee42f,streaming-long-csv-v1,blocked,ETTh2,256,192,42,0.005,10007,9064,10345,0.9574244163796403,0.8672024492920015,0.9897627248373517,2.165297245045916,3
1.0,2026-09-20T11:53:36.910358+00:00,97ff94ac46223bbf5ff537ca65743299fdf36803,0a4e9e8cde4cfaa4031ac83f9587e0198429f5181a630b3cf3f092a3b7458ed4,3369a1508281082433c78fe0083966801b3d7085c521919558dc1265ecbee42f,streaming-long-csv-v1,blocked,ETTh2,256,192,42,0.01,10153,10088,10345,0.9713930348258707,0.9651741293532339,0.9897627248373517,4.330594490091832,6
1.0,2026-09-20T11:53:36.910358+00:00,97ff94ac46223bbf5ff537ca65743299fdf36803,0a4e9e8cde4cfaa4031ac83f9587e0198429f5181a630b3cf3f092a3b7458ed4,3369a1508281082433c78fe0083966801b3d7085c521919558dc1265ecbee42f,streaming-long-csv-v1,blocked,ETTh2,256,192,42,0.02,10155,10091,10347,0.9715843857634903,0.9654611557596632,0.9899540757749713,8.659514835217937,12
1.0,2026-09-20T11:53:36.910358+00:00,97ff94ac46223bbf5ff537ca65743299fdf36803,0a4e9e8cde4cfaa4031ac83f9587e0198429f5181a630b3cf3f092a3b7458ed4,3369a1508281082433c78fe0083966801b3d7085c521919558dc1265ecbee42f,streaming-long-csv-v1,blocked,ETTh2,256,192,42,0.05,10248,10184,10440,0.9804822043628014,0.9743589743589743,0.9988518943742825,21.455938697318008,28
1.0,2026-09-20T11:53:36.910358+00:00,97ff94ac46223bbf5ff537ca65743299fdf36803,0a4e9e8cde4cfaa4031ac83f9587e0198429f5181a630b3cf3f092a3b7458ed4,3369a1508281082433c78fe0083966801b3d7085c521919558dc1265ecbee42f,streaming-long-csv-v1,blocked,ETTh2,256,192,42,0.1,10248,10184,10440,0.9804822043628014,0.9743589743589743,0.9988518943742825,42.911877394636015,51
1.0,2026-09-20T11:53:36.910358+00:00,97ff94ac46223bbf5ff537ca65743299fdf36803,0a4e9e8cde4cfaa4031ac83f9587e0198429f5181a630b3cf3f092a3b7458ed4,3369a1508281082433c78fe0083966801b3d7085c521919558dc1265ecbee42f,streaming-long-csv-v1,blocked,ETTh2,256,192,42,0.2,10248,10184,10440,0.9804822043628014,0.9743589743589743,0.9988518943742825,85.86666666666666,99
1.0,2026-09-20T11:53:36.910358+00:00,97ff94ac46223bbf5ff537ca65743299fdf36803,0a4e9e8cde4cfaa4031ac83f9587e0198429f5181a630b3cf3f092a3b7458ed4,3369a1508281082433c78fe0083966801b3d7085c521919558dc1265ecbee42f,streaming-long-csv-v1,blocked,ETTh2,256,192,42,0.5,10253,10189,10445,0.9809605817068504,0.9748373517030233,0.9993302717183314,214.5424605074198,234
1.0,2026-09-20T11:53:36.910358+00:00,97ff94ac46223bbf5ff537ca65743299fdf36803,0a4e9e8cde4cfaa4031ac83f9587e0198429f5181a630b3cf3f092a3b7458ed4,3369a1508281082433c78fe0083966801b3d7085c521919558dc1265ecbee42f,streaming-long-csv-v1,blocked,ETTh2,256,192,42,1.0,10260,10196,10452,0.981630309988519,0.9755070799846919,1.0,428.84041331802524,448
1.0,2026-09-20T11:53:36.910358+00:00,97ff94ac46223bbf5ff537ca65743299fdf36803,0a4e9e8cde4cfaa4031ac83f9587e0198429f5181a630b3cf3f092a3b7458ed4,3369a1508281082433c78fe0083966801b3d7085c521919558dc1265ecbee42f,streaming-long-csv-v1,blocked,ETTh2,256,336,42,0.0,0,0,0,0.0,0.0,0.0,0.0,0
1.0,2026-09-20T11:53:36.910358+00:00,97ff94ac46223bbf5ff537ca65743299fdf36803,0a4e9e8cde4cfaa4031ac83f9587e0198429f5181a630b3cf3f092a3b7458ed4,3369a1508281082433c78fe0083966801b3d7085c521919558dc1265ecbee42f,streaming-long-csv-v1,blocked,ETTh2,256,336,42,0.005,9702,9829,10085,0.9282433983926521,0.9403941829314963,0.9648871029468045,2.8763510163609323,4
1.0,2026-09-20T11:53:36.910358+00:00,97ff94ac46223bbf5ff537ca65743299fdf36803,0a4e9e8cde4cfaa4031ac83f9587e0198429f5181a630b3cf3f092a3b7458ed4,3369a1508281082433c78fe0083966801b3d7085c521919558dc1265ecbee42f,streaming-long-csv-v1,blocked,ETTh2,256,336,42,0.01,9938,10018,10274,0.9508228090317643,0.9584768465365481,0.9829697665518561,5.646875608331711,7
1.0,2026-09-20T11:53:36.910358+00:00,97ff94ac46223bbf5ff537ca65743299fdf36803,0a4e9e8cde4cfaa4031ac83f9587e0198429f5181a630b3cf3f092a3b7458ed4,3369a1508281082433c78fe0083966801b3d7085c521919558dc1265ecbee42f,streaming-long-csv-v1,blocked,ETTh2,256,336,42,0.02,10027,10107,10363,0.9593379257558362,0.96699196326062,0.9914848832759281,11.253884010421693,14
1.0,2026-09-20T11:53:36.910358+00:00,97ff94ac46223bbf5ff537ca65743299fdf36803,0a4e9e8cde4cfaa4031ac83f9587e0198429f5181a630b3cf3f092a3b7458ed4,3369a1508281082433c78fe0083966801b3d7085c521919558dc1265ecbee42f,streaming-long-csv-v1,blocked,ETTh2,256,336,42,0.05,10092,10172,10428,0.965556831228473,0.9732108687332568,0.9977037887485649,27.987725354813964,34
1.0,2026-09-20T11:53:36.910358+00:00,97ff94ac46223bbf5ff537ca65743299fdf36803,0a4e9e8cde4cfaa4031ac83f9587e0198429f5181a630b3cf3f092a3b7458ed4,3369a1508281082433c78fe0083966801b3d7085c521919558dc1265ecbee42f,streaming-long-csv-v1,blocked,ETTh2,256,336,42,0.1,10100,10180,10436,0.9663222349789514,0.9739762724837352,0.9984691924990432,55.932541203526256,64
1.0,2026-09-20T11:53:36.910358+00:00,97ff94ac46223bbf5ff537ca65743299fdf36803,0a4e9e8cde4cfaa4031ac83f9587e0198429f5181a630b3cf3f092a3b7458ed4,3369a1508281082433c78fe0083966801b3d7085c521919558dc1265ecbee42f,streaming-long-csv-v1,blocked,ETTh2,256,336,42,0.2,10100,10180,10436,0.9663222349789514,0.9739762724837352,0.9984691924990432,111.86508240705251,127
1.0,2026-09-20T11:53:36.910358+00:00,97ff94ac46223bbf5ff537ca65743299fdf36803,0a4e9e8cde4cfaa4031ac83f9587e0198429f5181a630b3cf3f092a3b7458ed4,3369a1508281082433c78fe0083966801b3d7085c521919558dc1265ecbee42f,streaming-long-csv-v1,blocked,ETTh2,256,336,42,0.5,10108,10188,10444,0.9670876387294298,0.9747416762342136,0.9992345962495216,279.4484871696668,307
1.0,2026-09-20T11:53:36.910358+00:00,97ff94ac46223bbf5ff537ca65743299fdf36803,0a4e9e8cde4cfaa4031ac83f9587e0198429f5181a630b3cf3f092a3b7458ed4,3369a1508281082433c78fe0083966801b3d7085c521919558dc1265ecbee42f,streaming-long-csv-v1,blocked,ETTh2,256,336,42,1.0,10116,10196,10452,0.9678530424799081,0.9755070799846919,1.0,558.5258323765786,592
1.0,2026-09-20T11:53:36.910358+00:00,97ff94ac46223bbf5ff537ca65743299fdf36803,0a4e9e8cde4cfaa4031ac83f9587e0198429f5181a630b3cf3f092a3b7458ed4,3369a1508281082433c78fe0083966801b3d7085c521919558dc1265ecbee42f,streaming-long-csv-v1,blocked,ETTh2,256,720,42,0.0,0,0,0,0.0,0.0,0.0,0.0,0
1.0,2026-09-20T11:53:36.910358+00:00,97ff94ac46223bbf5ff537ca65743299fdf36803,0a4e9e8cde4cfaa4031ac83f9587e0198429f5181a630b3cf3f092a3b7458ed4,3369a1508281082433c78fe0083966801b3d7085c521919558dc1265ecbee42f,streaming-long-csv-v1,blocked,ETTh2,256,720,42,0.005,9182,9997,10253,0.8784921546115576,0.9564676616915423,0.9809605817068504,4.474007607529503,6
1.0,2026-09-20T11:53:36.910358+00:00,97ff94ac46223bbf5ff537ca65743299fdf36803,0a4e9e8cde4cfaa4031ac83f9587e0198429f5181a630b3cf3f092a3b7458ed4,3369a1508281082433c78fe0083966801b3d7085c521919558dc1265ecbee42f,streaming-long-csv-v1,blocked,ETTh2,256,720,42,0.01,9577,10041,10297,0.9162839647914275,0.9606773823191733,0.9851703023344814,8.909779547441003,11
1.0,2026-09-20T11:53:36.910358+00:00,97ff94ac46223bbf5ff537ca65743299fdf36803,0a4e9e8cde4cfaa4031ac83f9587e0198429f5181a630b3cf3f092a3b7458ed4,3369a1508281082433c78fe0083966801b3d7085c521919558dc1265ecbee42f,streaming-long-csv-v1,blocked,ETTh2,256,720,42,0.02,9613,10077,10333,0.9197282816685802,0.9641216991963261,0.9886146192116342,17.851930707442175,22
1.0,2026-09-20T11:53:36.910358+00:00,97ff94ac46223bbf5ff537ca65743299fdf36803,0a4e9e8cde4cfaa4031ac83f9587e0198429f5181a630b3cf3f092a3b7458ed4,3369a1508281082433c78fe0083966801b3d7085c521919558dc1265ecbee42f,streaming-long-csv-v1,blocked,ETTh2,256,720,42,0.05,9718,10182,10438,0.9297742058936089,0.9741676234213548,0.9986605434366629,44.22762981414064,54
1.0,2026-09-20T11:53:36.910358+00:00,97ff94ac46223bbf5ff537ca65743299fdf36803,0a4e9e8cde4cfaa4031ac83f9587e0198429f5181a630b3cf3f092a3b7458ed4,3369a1508281082433c78fe0083966801b3d7085c521919558dc1265ecbee42f,streaming-long-csv-v1,blocked,ETTh2,256,720,42,0.1,9723,10187,10443,0.9302525832376579,0.9746460007654038,0.9991389207807119,88.50636790194389,104
1.0,2026-09-20T11:53:36.910358+00:00,97ff94ac46223bbf5ff537ca65743299fdf36803,0a4e9e8cde4cfaa4031ac83f9587e0198429f5181a630b3cf3f092a3b7458ed4,3369a1508281082433c78fe0083966801b3d7085c521919558dc1265ecbee42f,streaming-long-csv-v1,blocked,ETTh2,256,720,42,0.2,9723,10187,10443,0.9302525832376579,0.9746460007654038,0.9991389207807119,177.10619553768075,203
1.0,2026-09-20T11:53:36.910358+00:00,97ff94ac46223bbf5ff537ca65743299fdf36803,0a4e9e8cde4cfaa4031ac83f9587e0198429f5181a630b3cf3f092a3b7458ed4,3369a1508281082433c78fe0083966801b3d7085c521919558dc1265ecbee42f,streaming-long-csv-v1,blocked,ETTh2,256,720,42,0.5,9726,10190,10446,0.9305396096440872,0.9749330271718332,0.9994259471871412,442.68504690790735,499
1.0,2026-09-20T11:53:36.910358+00:00,97ff94ac46223bbf5ff537ca65743299fdf36803,0a4e9e8cde4cfaa4031ac83f9587e0198429f5181a630b3cf3f092a3b7458ed4,3369a1508281082433c78fe0083966801b3d7085c521919558dc1265ecbee42f,streaming-long-csv-v1,blocked,ETTh2,256,720,42,1.0,9732,10196,10452,0.931113662456946,0.9755070799846919,1.0,884.955223880597,976
1.0,2026-09-20T11:53:36.910358+00:00,97ff94ac46223bbf5ff537ca65743299fdf36803,0a4e9e8cde4cfaa4031ac83f9587e0198429f5181a630b3cf3f092a3b7458ed4,3369a1508281082433c78fe0083966801b3d7085c521919558dc1265ecbee42f,streaming-long-csv-v1,blocked,ETTh2,512,96,42,0.0,0,0,0,0.0,0.0,0.0,0.0,0
1.0,2026-09-20T11:53:36.910358+00:00,97ff94ac46223bbf5ff537ca65743299fdf36803,0a4e9e8cde4cfaa4031ac83f9587e0198429f5181a630b3cf3f092a3b7458ed4,3369a1508281082433c78fe0083966801b3d7085c521919558dc1265ecbee42f,streaming-long-csv-v1,blocked,ETTh2,512,96,42,0.005,9911,4704,10007,0.9482395713738997,0.4500574052812859,0.9574244163796403,2.977116018786849,4
1.0,2026-09-20T11:53:36.910358+00:00,97ff94ac46223bbf5ff537ca65743299fdf36803,0a4e9e8cde4cfaa4031ac83f9587e0198429f5181a630b3cf3f092a3b7458ed4,3369a1508281082433c78fe0083966801b3d7085c521919558dc1265ecbee42f,streaming-long-csv-v1,blocked,ETTh2,512,96,42,0.01,10096,7874,10192,0.9659395331037122,0.7533486414083429,0.9751243781094527,5.846153846153846,8
1.0,2026-09-20T11:53:36.910358+00:00,97ff94ac46223bbf5ff537ca65743299fdf36803,0a4e9e8cde4cfaa4031ac83f9587e0198429f5181a630b3cf3f092a3b7458ed4,3369a1508281082433c78fe0083966801b3d7085c521919558dc1265ecbee42f,streaming-long-csv-v1,blocked,ETTh2,512,96,42,0.02,10267,9395,10363,0.9823000382701875,0.8988710294680444,0.9914848832759281,11.49937276850333,15
1.0,2026-09-20T11:53:36.910358+00:00,97ff94ac46223bbf5ff537ca65743299fdf36803,0a4e9e8cde4cfaa4031ac83f9587e0198429f5181a630b3cf3f092a3b7458ed4,3369a1508281082433c78fe0083966801b3d7085c521919558dc1265ecbee42f,streaming-long-csv-v1,blocked,ETTh2,512,96,42,0.05,10332,9916,10428,0.9885189437428243,0.9487179487179487,0.9977037887485649,28.68584579976985,35
1.0,2026-09-20T11:53:36.910358+00:00,97ff94ac46223bbf5ff537ca65743299fdf36803,0a4e9e8cde4cfaa4031ac83f9587e0198429f5181a630b3cf3f092a3b7458ed4,3369a1508281082433c78fe0083966801b3d7085c521919558dc1265ecbee42f,streaming-long-csv-v1,blocked,ETTh2,512,96,42,0.1,10340,9924,10436,0.9892843474933027,0.9494833524684271,0.9984691924990432,57.32771176696052,68
1.0,2026-09-20T11:53:36.910358+00:00,97ff94ac46223bbf5ff537ca65743299fdf36803,0a4e9e8cde4cfaa4031ac83f9587e0198429f5181a630b3cf3f092a3b7458ed4,3369a1508281082433c78fe0083966801b3d7085c521919558dc1265ecbee42f,streaming-long-csv-v1,blocked,ETTh2,512,96,42,0.2,10340,9924,10436,0.9892843474933027,0.9494833524684271,0.9984691924990432,114.71368340360291,129
1.0,2026-09-20T11:53:36.910358+00:00,97ff94ac46223bbf5ff537ca65743299fdf36803,0a4e9e8cde4cfaa4031ac83f9587e0198429f5181a630b3cf3f092a3b7458ed4,3369a1508281082433c78fe0083966801b3d7085c521919558dc1265ecbee42f,streaming-long-csv-v1,blocked,ETTh2,512,96,42,0.5,10348,9932,10444,0.9900497512437811,0.9502487562189055,0.9992345962495216,286.5354270394485,316
1.0,2026-09-20T11:53:36.910358+00:00,97ff94ac46223bbf5ff537ca65743299fdf36803,0a4e9e8cde4cfaa4031ac83f9587e0198429f5181a630b3cf3f092a3b7458ed4,3369a1508281082433c78fe0083966801b3d7085c521919558dc1265ecbee42f,streaming-long-csv-v1,blocked,ETTh2,512,96,42,1.0,10356,9940,10452,0.9908151549942594,0.9510141599693839,1.0,572.6903941829315,608
1.0,2026-09-20T11:53:36.910358+00:00,97ff94ac46223bbf5ff537ca65743299fdf36803,0a4e9e8cde4cfaa4031ac83f9587e0198429f5181a630b3cf3f092a3b7458ed4,3369a1508281082433c78fe0083966801b3d7085c521919558dc1265ecbee42f,streaming-long-csv-v1,blocked,ETTh2,512,192,42,0.0,0,0,0,0.0,0.0,0.0,0.0,0
1.0,2026-09-20T11:53:36.910358+00:00,97ff94ac46223bbf5ff537ca65743299fdf36803,0a4e9e8cde4cfaa4031ac83f9587e0198429f5181a630b3cf3f092a3b7458ed4,3369a1508281082433c78fe0083966801b3d7085c521919558dc1265ecbee42f,streaming-long-csv-v1,blocked,ETTh2,512,192,42,0.005,9992,8582,10184,0.9559892843474933,0.8210868733256793,0.9743589743589743,3.3181461115475255,5
1.0,2026-09-20T11:53:36.910358+00:00,97ff94ac46223bbf5ff537ca65743299fdf36803,0a4e9e8cde4cfaa4031ac83f9587e0198429f5181a630b3cf3f092a3b7458ed4,3369a1508281082433c78fe0083966801b3d7085c521919558dc1265ecbee42f,streaming-long-csv-v1,blocked,ETTh2,512,192,42,0.01,10098,9659,10290,0.9661308840413318,0.9241293532338308,0.9845005740528129,6.636345966958212,9
1.0,2026-09-20T11:53:36.910358+00:00,97ff94ac46223bbf5ff537ca65743299fdf36803,0a4e9e8cde4cfaa4031ac83f9587e0198429f5181a630b3cf3f092a3b7458ed4,3369a1508281082433c78fe0083966801b3d7085c521919558dc1265ecbee42f,streaming-long-csv-v1,blocked,ETTh2,512,192,42,0.02,10134,9814,10326,0.9695752009184845,0.9389590508993494,0.9879448909299655,13.226418748789463,16
1.0,2026-09-20T11:53:36.910358+00:00,97ff94ac46223bbf5ff537ca65743299fdf36803,0a4e9e8cde4cfaa4031ac83f9587e0198429f5181a630b3cf3f092a3b7458ed4,3369a1508281082433c78fe0083966801b3d7085c521919558dc1265ecbee42f,streaming-long-csv-v1,blocked,ETTh2,512,192,42,0.05,10246,9926,10438,0.9802908534251817,0.9496747034060466,0.9986605434366629,32.84613910710864,40
1.0,2026-09-20T11:53:36.910358+00:00,97ff94ac46223bbf5ff537ca65743299fdf36803,0a4e9e8cde4cfaa4031ac83f9587e0198429f5181a630b3cf3f092a3b7458ed4,3369a1508281082433c78fe0083966801b3d7085c521919558dc1265ecbee42f,streaming-long-csv-v1,blocked,ETTh2,512,192,42,0.1,10249,9929,10441,0.9805778798316112,0.9499617298124761,0.9989475698430922,65.67340293075375,76
1.0,2026-09-20T11:53:36.910358+00:00,97ff94ac46223bbf5ff537ca65743299fdf36803,0a4e9e8cde4cfaa4031ac83f9587e0198429f5181a630b3cf3f092a3b7458ed4,3369a1508281082433c78fe0083966801b3d7085c521919558dc1265ecbee42f,streaming-long-csv-v1,blocked,ETTh2,512,192,42,0.2,10249,9929,10441,0.9805778798316112,0.9499617298124761,0.9989475698430922,131.41423235322287,148
1.0,2026-09-20T11:53:36.910358+00:00,97ff94ac46223bbf5ff537ca65743299fdf36803,0a4e9e8cde4cfaa4031ac83f9587e0198429f5181a630b3cf3f092a3b7458ed4,3369a1508281082433c78fe0083966801b3d7085c521919558dc1265ecbee42f,streaming-long-csv-v1,blocked,ETTh2,512,192,42,0.5,10253,9933,10445,0.9809605817068504,0.9503444316877153,0.9993302717183314,328.51086644327427,366
1.0,2026-09-20T11:53:36.910358+00:00,97ff94ac46223bbf5ff537ca65743299fdf36803,0a4e9e8cde4cfaa4031ac83f9587e0198429f5181a630b3cf3f092a3b7458ed4,3369a1508281082433c78fe0083966801b3d7085c521919558dc1265ecbee42f,streaming-long-csv-v1,blocked,ETTh2,512,192,42,1.0,10260,9940,10452,0.981630309988519,0.9510141599693839,1.0,656.6490623804057,704
1.0,2026-09-20T11:53:36.910358+00:00,97ff94ac46223bbf5ff537ca65743299fdf36803,0a4e9e8cde4cfaa4031ac83f9587e0198429f5181a630b3cf3f092a3b7458ed4,3369a1508281082433c78fe0083966801b3d7085c521919558dc1265ecbee42f,streaming-long-csv-v1,blocked,ETTh2,512,336,42,0.0,0,0,0,0.0,0.0,0.0,0.0,0
1.0,2026-09-20T11:53:36.910358+00:00,97ff94ac46223bbf5ff537ca65743299fdf36803,0a4e9e8cde4cfaa4031ac83f9587e0198429f5181a630b3cf3f092a3b7458ed4,3369a1508281082433c78fe0083966801b3d7085c521919558dc1265ecbee42f,streaming-long-csv-v1,blocked,ETTh2,512,336,42,0.005,9819,9544,10155,0.9394374282433984,0.9131266743207042,0.9715843857634903,4.0082717872968985,5
1.0,2026-09-20T11:53:36.910358+00:00,97ff94ac46223bbf5ff537ca65743299fdf36803,0a4e9e8cde4cfaa4031ac83f9587e0198429f5181a630b3cf3f092a3b7458ed4,3369a1508281082433c78fe0083966801b3d7085c521919558dc1265ecbee42f,streaming-long-csv-v1,blocked,ETTh2,512,336,42,0.01,10041,9865,10377,0.9606773823191733,0.9438384998086491,0.9928243398392652,7.845041919629951,10
1.0,2026-09-20T11:53:36.910358+00:00,97ff94ac46223bbf5ff537ca65743299fdf36803,0a4e9e8cde4cfaa4031ac83f9587e0198429f5181a630b3cf3f092a3b7458ed4,3369a1508281082433c78fe0083966801b3d7085c521919558dc1265ecbee42f,streaming-long-csv-v1,blocked,ETTh2,512,336,42,0.02,10041,9865,10377,0.9606773823191733,0.9438384998086491,0.9928243398392652,15.690083839259902,20
1.0,2026-09-20T11:53:36.910358+00:00,97ff94ac46223bbf5ff537ca65743299fdf36803,0a4e9e8cde4cfaa4031ac83f9587e0198429f5181a630b3cf3f092a3b7458ed4,3369a1508281082433c78fe0083966801b3d7085c521919558dc1265ecbee42f,streaming-long-csv-v1,blocked,ETTh2,512,336,42,0.05,10105,9929,10441,0.9668006123230004,0.9499617298124761,0.9989475698430922,38.984771573604064,47
1.0,2026-09-20T11:53:36.910358+00:00,97ff94ac46223bbf5ff537ca65743299fdf36803,0a4e9e8cde4cfaa4031ac83f9587e0198429f5181a630b3cf3f092a3b7458ed4,3369a1508281082433c78fe0083966801b3d7085c521919558dc1265ecbee42f,streaming-long-csv-v1,blocked,ETTh2,512,336,42,0.1,10105,9929,10441,0.9668006123230004,0.9499617298124761,0.9989475698430922,77.96954314720813,90
1.0,2026-09-20T11:53:36.910358+00:00,97ff94ac46223bbf5ff537ca65743299fdf36803,0a4e9e8cde4cfaa4031ac83f9587e0198429f5181a630b3cf3f092a3b7458ed4,3369a1508281082433c78fe0083966801b3d7085c521919558dc1265ecbee42f,streaming-long-csv-v1,blocked,ETTh2,512,336,42,0.2,10105,9929,10441,0.9668006123230004,0.9499617298124761,0.9989475698430922,156.0203045685279,176
1.0,2026-09-20T11:53:36.910358+00:00,97ff94ac46223bbf5ff537ca65743299fdf36803,0a4e9e8cde4cfaa4031ac83f9587e0198429f5181a630b3cf3f092a3b7458ed4,3369a1508281082433c78fe0083966801b3d7085c521919558dc1265ecbee42f,streaming-long-csv-v1,blocked,ETTh2,512,336,42,0.5,10109,9933,10445,0.9671833141982396,0.9503444316877153,0.9993302717183314,389.86079463858306,435
1.0,2026-09-20T11:53:36.910358+00:00,97ff94ac46223bbf5ff537ca65743299fdf36803,0a4e9e8cde4cfaa4031ac83f9587e0198429f5181a630b3cf3f092a3b7458ed4,3369a1508281082433c78fe0083966801b3d7085c521919558dc1265ecbee42f,streaming-long-csv-v1,blocked,ETTh2,512,336,42,1.0,10116,9940,10452,0.9678530424799081,0.9510141599693839,1.0,779.2805204745504,848
1.0,2026-09-20T11:53:36.910358+00:00,97ff94ac46223bbf5ff537ca65743299fdf36803,0a4e9e8cde4cfaa4031ac83f9587e0198429f5181a630b3cf3f092a3b7458ed4,3369a1508281082433c78fe0083966801b3d7085c521919558dc1265ecbee42f,streaming-long-csv-v1,blocked,ETTh2,512,720,42,0.0,0,0,0,0.0,0.0,0.0,0.0,0
1.0,2026-09-20T11:53:36.910358+00:00,97ff94ac46223bbf5ff537ca65743299fdf36803,0a4e9e8cde4cfaa4031ac83f9587e0198429f5181a630b3cf3f092a3b7458ed4,3369a1508281082433c78fe0083966801b3d7085c521919558dc1265ecbee42f,streaming-long-csv-v1,blocked,ETTh2,512,720,42,0.005,9689,9897,10409,0.9269996172981247,0.9469001148105626,0.9958859548411787,5.444519166106255,7
1.0,2026-09-20T11:53:36.910358+00:00,97ff94ac46223bbf5ff537ca65743299fdf36803,0a4e9e8cde4cfaa4031ac83f9587e0198429f5181a630b3cf3f092a3b7458ed4,3369a1508281082433c78fe0083966801b3d7085c521919558dc1265ecbee42f,streaming-long-csv-v1,blocked,ETTh2,512,720,42,0.01,9689,9897,10409,0.9269996172981247,0.9469001148105626,0.9958859548411787,10.88903833221251,14
1.0,2026-09-20T11:53:36.910358+00:00,97ff94ac46223bbf5ff537ca65743299fdf36803,0a4e9e8cde4cfaa4031ac83f9587e0198429f5181a630b3cf3f092a3b7458ed4,3369a1508281082433c78fe0083966801b3d7085c521919558dc1265ecbee42f,streaming-long-csv-v1,blocked,ETTh2,512,720,42,0.02,9689,9897,10409,0.9269996172981247,0.9469001148105626,0.9958859548411787,21.77807666442502,27
1.0,2026-09-20T11:53:36.910358+00:00,97ff94ac46223bbf5ff537ca65743299fdf36803,0a4e9e8cde4cfaa4031ac83f9587e0198429f5181a630b3cf3f092a3b7458ed4,3369a1508281082433c78fe0083966801b3d7085c521919558dc1265ecbee42f,streaming-long-csv-v1,blocked,ETTh2,512,720,42,0.05,9700,9908,10420,0.9280520474550326,0.9479525449674704,0.9969383849980865,54.50595009596929,65
1.0,2026-09-20T11:53:36.910358+00:00,97ff94ac46223bbf5ff537ca65743299fdf36803,0a4e9e8cde4cfaa4031ac83f9587e0198429f5181a630b3cf3f092a3b7458ed4,3369a1508281082433c78fe0083966801b3d7085c521919558dc1265ecbee42f,streaming-long-csv-v1,blocked,ETTh2,512,720,42,0.1,9725,9933,10445,0.9304439341752775,0.9503444316877153,0.9993302717183314,108.75098133078028,129
1.0,2026-09-20T11:53:36.910358+00:00,97ff94ac46223bbf5ff537ca65743299fdf36803,0a4e9e8cde4cfaa4031ac83f9587e0198429f5181a630b3cf3f092a3b7458ed4,3369a1508281082433c78fe0083966801b3d7085c521919558dc1265ecbee42f,streaming-long-csv-v1,blocked,ETTh2,512,720,42,0.2,9725,9933,10445,0.9304439341752775,0.9503444316877153,0.9993302717183314,217.50196266156055,254
1.0,2026-09-20T11:53:36.910358+00:00,97ff94ac46223bbf5ff537ca65743299fdf36803,0a4e9e8cde4cfaa4031ac83f9587e0198429f5181a630b3cf3f092a3b7458ed4,3369a1508281082433c78fe0083966801b3d7085c521919558dc1265ecbee42f,streaming-long-csv-v1,blocked,ETTh2,512,720,42,0.5,9726,9934,10446,0.9305396096440872,0.950440107156525,0.9994259471871412,543.7028527666092,627
1.0,2026-09-20T11:53:36.910358+00:00,97ff94ac46223bbf5ff537ca65743299fdf36803,0a4e9e8cde4cfaa4031ac83f9587e0198429f5181a630b3cf3f092a3b7458ed4,3369a1508281082433c78fe0083966801b3d7085c521919558dc1265ecbee42f,streaming-long-csv-v1,blocked,ETTh2,512,720,42,1.0,9732,9940,10452,0.931113662456946,0.9510141599693839,1.0,1086.899349406812,1232
1.0,2026-09-20T11:53:36.910358+00:00,97ff94ac46223bbf5ff537ca65743299fdf36803,114c044d49487a1dcc2c275f64bde9ab449355eae6031569002f96a2af22461e,3369a1508281082433c78fe0083966801b3d7085c521919558dc1265ecbee42f,streaming-long-csv-v1,blocked,ETTm1,256,96,42,0.0,0,0,0,0.0,0.0,0.0,0.0,0
1.0,2026-09-20T11:53:36.910358+00:00,97ff94ac46223bbf5ff537ca65743299fdf36803,114c044d49487a1dcc2c275f64bde9ab449355eae6031569002f96a2af22461e,3369a1508281082433c78fe0083966801b3d7085c521919558dc1265ecbee42f,streaming-long-csv-v1,blocked,ETTm1,256,96,42,0.005,39172,19101,41544,0.9369498660543437,0.4568742824339839,0.9936854190585533,1.7538994800693242,4
1.0,2026-09-20T11:53:36.910358+00:00,97ff94ac46223bbf5ff537ca65743299fdf36803,114c044d49487a1dcc2c275f64bde9ab449355eae6031569002f96a2af22461e,3369a1508281082433c78fe0083966801b3d7085c521919558dc1265ecbee42f,streaming-long-csv-v1,blocked,ETTm1,256,96,42,0.01,41407,29521,41647,0.9904085342518179,0.7061088786835056,0.9961490623804057,3.499123586332749,6
1.0,2026-09-20T11:53:36.910358+00:00,97ff94ac46223bbf5ff537ca65743299fdf36803,114c044d49487a1dcc2c275f64bde9ab449355eae6031569002f96a2af22461e,3369a1508281082433c78fe0083966801b3d7085c521919558dc1265ecbee42f,streaming-long-csv-v1,blocked,ETTm1,256,96,42,0.02,41578,38031,41674,0.9944986605434366,0.909658438576349,0.9967948717948718,7.002159619906896,11
1.0,2026-09-20T11:53:36.910358+00:00,97ff94ac46223bbf5ff537ca65743299fdf36803,114c044d49487a1dcc2c275f64bde9ab449355eae6031569002f96a2af22461e,3369a1508281082433c78fe0083966801b3d7085c521919558dc1265ecbee42f,streaming-long-csv-v1,blocked,ETTm1,256,96,42,0.05,41694,41512,41790,0.9972732491389208,0.992920015308075,0.9995694603903559,17.452596314907872,25
1.0,2026-09-20T11:53:36.910358+00:00,97ff94ac46223bbf5ff537ca65743299fdf36803,114c044d49487a1dcc2c275f64bde9ab449355eae6031569002f96a2af22461e,3369a1508281082433c78fe0083966801b3d7085c521919558dc1265ecbee42f,streaming-long-csv-v1,blocked,ETTm1,256,96,42,0.1,41708,41548,41804,0.9976081132797551,0.9937810945273632,0.9999043245311902,34.901923260931966,44
1.0,2026-09-20T11:53:36.910358+00:00,97ff94ac46223bbf5ff537ca65743299fdf36803,114c044d49487a1dcc2c275f64bde9ab449355eae6031569002f96a2af22461e,3369a1508281082433c78fe0083966801b3d7085c521919558dc1265ecbee42f,streaming-long-csv-v1,blocked,ETTm1,256,96,42,0.2,41708,41548,41804,0.9976081132797551,0.9937810945273632,0.9999043245311902,69.81226676873027,83
1.0,2026-09-20T11:53:36.910358+00:00,97ff94ac46223bbf5ff537ca65743299fdf36803,114c044d49487a1dcc2c275f64bde9ab449355eae6031569002f96a2af22461e,3369a1508281082433c78fe0083966801b3d7085c521919558dc1265ecbee42f,streaming-long-csv-v1,blocked,ETTm1,256,96,42,0.5,41710,41550,41806,0.9976559510141599,0.993828932261768,0.9999521622655951,174.5265272927331,193
1.0,2026-09-20T11:53:36.910358+00:00,97ff94ac46223bbf5ff537ca65743299fdf36803,114c044d49487a1dcc2c275f64bde9ab449355eae6031569002f96a2af22461e,3369a1508281082433c78fe0083966801b3d7085c521919558dc1265ecbee42f,streaming-long-csv-v1,blocked,ETTm1,256,96,42,1.0,41712,41552,41808,0.9977037887485649,0.993876769996173,1.0,349.04477611940297,352
1.0,2026-09-20T11:53:36.910358+00:00,97ff94ac46223bbf5ff537ca65743299fdf36803,114c044d49487a1dcc2c275f64bde9ab449355eae6031569002f96a2af22461e,3369a1508281082433c78fe0083966801b3d7085c521919558dc1265ecbee42f,streaming-long-csv-v1,blocked,ETTm1,256,192,42,0.0,0,0,0,0.0,0.0,0.0,0.0,0
1.0,2026-09-20T11:53:36.910358+00:00,97ff94ac46223bbf5ff537ca65743299fdf36803,114c044d49487a1dcc2c275f64bde9ab449355eae6031569002f96a2af22461e,3369a1508281082433c78fe0083966801b3d7085c521919558dc1265ecbee42f,streaming-long-csv-v1,blocked,ETTm1,256,192,42,0.005,39198,33750,41636,0.9375717566016073,0.8072617680826636,0.9958859548411787,2.2165433759246804,4
1.0,2026-09-20T11:53:36.910358+00:00,97ff94ac46223bbf5ff537ca65743299fdf36803,114c044d49487a1dcc2c275f64bde9ab449355eae6031569002f96a2af22461e,3369a1508281082433c78fe0083966801b3d7085c521919558dc1265ecbee42f,streaming-long-csv-v1,blocked,ETTm1,256,192,42,0.01,41352,40230,41648,0.9890929965556832,0.962256027554535,0.9961729812476081,4.442566269688821,7
1.0,2026-09-20T11:53:36.910358+00:00,97ff94ac46223bbf5ff537ca65743299fdf36803,114c044d49487a1dcc2c275f64bde9ab449355eae6031569002f96a2af22461e,3369a1508281082433c78fe0083966801b3d7085c521919558dc1265ecbee42f,streaming-long-csv-v1,blocked,ETTm1,256,192,42,0.02,41483,41319,41675,0.992226368159204,0.9883036739380023,0.9968187906620742,8.89012597480504,13
1.0,2026-09-20T11:53:36.910358+00:00,97ff94ac46223bbf5ff537ca65743299fdf36803,114c044d49487a1dcc2c275f64bde9ab449355eae6031569002f96a2af22461e,3369a1508281082433c78fe0083966801b3d7085c521919558dc1265ecbee42f,streaming-long-csv-v1,blocked,ETTm1,256,192,42,0.05,41598,41534,41790,0.9949770378874856,0.9934462303865289,0.9995694603903559,22.169514237855946,28
1.0,2026-09-20T11:53:36.910358+00:00,97ff94ac46223bbf5ff537ca65743299fdf36803,114c044d49487a1dcc2c275f64bde9ab449355eae6031569002f96a2af22461e,3369a1508281082433c78fe0083966801b3d7085c521919558dc1265ecbee42f,streaming-long-csv-v1,blocked,ETTm1,256,192,42,0.1,41612,41548,41804,0.99531190202832,0.9937810945273632,0.9999043245311902,44.32417950435365,53
1.0,2026-09-20T11:53:36.910358+00:00,97ff94ac46223bbf5ff537ca65743299fdf36803,114c044d49487a1dcc2c275f64bde9ab449355eae6031569002f96a2af22461e,3369a1508281082433c78fe0083966801b3d7085c521919558dc1265ecbee42f,streaming-long-csv-v1,blocked,ETTm1,256,192,42,0.2,41612,41548,41804,0.99531190202832,0.9937810945273632,0.9999043245311902,88.6483590087073,102
1.0,2026-09-20T11:53:36.910358+00:00,97ff94ac46223bbf5ff537ca65743299fdf36803,114c044d49487a1dcc2c275f64bde9ab449355eae6031569002f96a2af22461e,3369a1508281082433c78fe0083966801b3d7085c521919558dc1265ecbee42f,streaming-long-csv-v1,blocked,ETTm1,256,192,42,0.5,41614,41550,41806,0.9953597397627248,0.993828932261768,0.9999521622655951,221.61029517294168,240
1.0,2026-09-20T11:53:36.910358+00:00,97ff94ac46223bbf5ff537ca65743299fdf36803,114c044d49487a1dcc2c275f64bde9ab449355eae6031569002f96a2af22461e,3369a1508281082433c78fe0083966801b3d7085c521919558dc1265ecbee42f,streaming-long-csv-v1,blocked,ETTm1,256,192,42,1.0,41616,41552,41808,0.9954075774971297,0.993876769996173,1.0,443.2101033295063,448
1.0,2026-09-20T11:53:36.910358+00:00,97ff94ac46223bbf5ff537ca65743299fdf36803,114c044d49487a1dcc2c275f64bde9ab449355eae6031569002f96a2af22461e,3369a1508281082433c78fe0083966801b3d7085c521919558dc1265ecbee42f,streaming-long-csv-v1,blocked,ETTm1,256,336,42,0.0,0,0,0,0.0,0.0,0.0,0.0,0
1.0,2026-09-20T11:53:36.910358+00:00,97ff94ac46223bbf5ff537ca65743299fdf36803,114c044d49487a1dcc2c275f64bde9ab449355eae6031569002f96a2af22461e,3369a1508281082433c78fe0083966801b3d7085c521919558dc1265ecbee42f,streaming-long-csv-v1,blocked,ETTm1,256,336,42,0.005,38836,41284,41636,0.9289131266743207,0.9874665135859165,0.9958859548411787,2.9290037467576138,4
1.0,2026-09-20T11:53:36.910358+00:00,97ff94ac46223bbf5ff537ca65743299fdf36803,114c044d49487a1dcc2c275f64bde9ab449355eae6031569002f96a2af22461e,3369a1508281082433c78fe0083966801b3d7085c521919558dc1265ecbee42f,streaming-long-csv-v1,blocked,ETTm1,256,336,42,0.01,41148,41392,41648,0.9842135476463835,0.9900497512437811,0.9961729812476081,5.856319631194776,9
1.0,2026-09-20T11:53:36.910358+00:00,97ff94ac46223bbf5ff537ca65743299fdf36803,114c044d49487a1dcc2c275f64bde9ab449355eae6031569002f96a2af22461e,3369a1508281082433c78fe0083966801b3d7085c521919558dc1265ecbee42f,streaming-long-csv-v1,blocked,ETTm1,256,336,42,0.02,41339,41419,41675,0.9887820512820513,0.9906955606582473,0.9968187906620742,11.70505098980204,15
1.0,2026-09-20T11:53:36.910358+00:00,97ff94ac46223bbf5ff537ca65743299fdf36803,114c044d49487a1dcc2c275f64bde9ab449355eae6031569002f96a2af22461e,3369a1508281082433c78fe0083966801b3d7085c521919558dc1265ecbee42f,streaming-long-csv-v1,blocked,ETTm1,256,336,42,0.05,41454,41534,41790,0.991532721010333,0.9934462303865289,0.9995694603903559,29.182100981095957,37
1.0,2026-09-20T11:53:36.910358+00:00,97ff94ac46223bbf5ff537ca65743299fdf36803,114c044d49487a1dcc2c275f64bde9ab449355eae6031569002f96a2af22461e,3369a1508281082433c78fe0083966801b3d7085c521919558dc1265ecbee42f,streaming-long-csv-v1,blocked,ETTm1,256,336,42,0.1,41468,41548,41804,0.9918675851511672,0.9937810945273632,0.9999043245311902,58.358817338053775,68
1.0,2026-09-20T11:53:36.910358+00:00,97ff94ac46223bbf5ff537ca65743299fdf36803,114c044d49487a1dcc2c275f64bde9ab449355eae6031569002f96a2af22461e,3369a1508281082433c78fe0083966801b3d7085c521919558dc1265ecbee42f,streaming-long-csv-v1,blocked,ETTm1,256,336,42,0.2,41468,41548,41804,0.9918675851511672,0.9937810945273632,0.9999043245311902,116.73179600038274,130
1.0,2026-09-20T11:53:36.910358+00:00,97ff94ac46223bbf5ff537ca65743299fdf36803,114c044d49487a1dcc2c275f64bde9ab449355eae6031569002f96a2af22461e,3369a1508281082433c78fe0083966801b3d7085c521919558dc1265ecbee42f,streaming-long-csv-v1,blocked,ETTm1,256,336,42,0.5,41470,41550,41806,0.9919154228855721,0.993828932261768,0.9999521622655951,291.8226091948524,315
1.0,2026-09-20T11:53:36.910358+00:00,97ff94ac46223bbf5ff537ca65743299fdf36803,114c044d49487a1dcc2c275f64bde9ab449355eae6031569002f96a2af22461e,3369a1508281082433c78fe0083966801b3d7085c521919558dc1265ecbee42f,streaming-long-csv-v1,blocked,ETTm1,256,336,42,1.0,41472,41552,41808,0.9919632606199771,0.993876769996173,1.0,583.6314580941447,592
1.0,2026-09-20T11:53:36.910358+00:00,97ff94ac46223bbf5ff537ca65743299fdf36803,114c044d49487a1dcc2c275f64bde9ab449355eae6031569002f96a2af22461e,3369a1508281082433c78fe0083966801b3d7085c521919558dc1265ecbee42f,streaming-long-csv-v1,blocked,ETTm1,256,720,42,0.0,0,0,0,0.0,0.0,0.0,0.0,0
1.0,2026-09-20T11:53:36.910358+00:00,97ff94ac46223bbf5ff537ca65743299fdf36803,114c044d49487a1dcc2c275f64bde9ab449355eae6031569002f96a2af22461e,3369a1508281082433c78fe0083966801b3d7085c521919558dc1265ecbee42f,streaming-long-csv-v1,blocked,ETTm1,256,720,42,0.005,38091,41306,41562,0.9110935706084959,0.9879927286643705,0.9941159586681975,4.790529810884943,7
1.0,2026-09-20T11:53:36.910358+00:00,97ff94ac46223bbf5ff537ca65743299fdf36803,114c044d49487a1dcc2c275f64bde9ab449355eae6031569002f96a2af22461e,3369a1508281082433c78fe0083966801b3d7085c521919558dc1265ecbee42f,streaming-long-csv-v1,blocked,ETTm1,256,720,42,0.01,40769,41469,41725,0.9751482969766552,0.9918915040183697,0.9980147340221968,9.543630916716596,12
1.0,2026-09-20T11:53:36.910358+00:00,97ff94ac46223bbf5ff537ca65743299fdf36803,114c044d49487a1dcc2c275f64bde9ab449355eae6031569002f96a2af22461e,3369a1508281082433c78fe0083966801b3d7085c521919558dc1265ecbee42f,streaming-long-csv-v1,blocked,ETTm1,256,720,42,0.02,41032,41496,41752,0.9814389590508994,0.9925373134328358,0.9986605434366629,19.074918566775246,23
1.0,2026-09-20T11:53:36.910358+00:00,97ff94ac46223bbf5ff537ca65743299fdf36803,114c044d49487a1dcc2c275f64bde9ab449355eae6031569002f96a2af22461e,3369a1508281082433c78fe0083966801b3d7085c521919558dc1265ecbee42f,streaming-long-csv-v1,blocked,ETTm1,256,720,42,0.05,41074,41538,41794,0.9824435514734022,0.9935419058553386,0.9996651358591657,47.66272670718285,55
1.0,2026-09-20T11:53:36.910358+00:00,97ff94ac46223bbf5ff537ca65743299fdf36803,114c044d49487a1dcc2c275f64bde9ab449355eae6031569002f96a2af22461e,3369a1508281082433c78fe0083966801b3d7085c521919558dc1265ecbee42f,streaming-long-csv-v1,blocked,ETTm1,256,720,42,0.1,41087,41551,41807,0.9827544967470341,0.9938528511289705,0.9999760811327976,95.31915707895807,106
1.0,2026-09-20T11:53:36.910358+00:00,97ff94ac46223bbf5ff537ca65743299fdf36803,114c044d49487a1dcc2c275f64bde9ab449355eae6031569002f96a2af22461e,3369a1508281082433c78fe0083966801b3d7085c521919558dc1265ecbee42f,streaming-long-csv-v1,blocked,ETTm1,256,720,42,0.2,41088,41552,41808,0.9827784156142365,0.993876769996173,1.0,190.6337543053961,207
1.0,2026-09-20T11:53:36.910358+00:00,97ff94ac46223bbf5ff537ca65743299fdf36803,114c044d49487a1dcc2c275f64bde9ab449355eae6031569002f96a2af22461e,3369a1508281082433c78fe0083966801b3d7085c521919558dc1265ecbee42f,streaming-long-csv-v1,blocked,ETTm1,256,720,42,0.5,41088,41552,41808,0.9827784156142365,0.993876769996173,1.0,476.6077305778798,503
1.0,2026-09-20T11:53:36.910358+00:00,97ff94ac46223bbf5ff537ca65743299fdf36803,114c044d49487a1dcc2c275f64bde9ab449355eae6031569002f96a2af22461e,3369a1508281082433c78fe0083966801b3d7085c521919558dc1265ecbee42f,streaming-long-csv-v1,blocked,ETTm1,256,720,42,1.0,41088,41552,41808,0.9827784156142365,0.993876769996173,1.0,953.2388059701492,976
1.0,2026-09-20T11:53:36.910358+00:00,97ff94ac46223bbf5ff537ca65743299fdf36803,114c044d49487a1dcc2c275f64bde9ab449355eae6031569002f96a2af22461e,3369a1508281082433c78fe0083966801b3d7085c521919558dc1265ecbee42f,streaming-long-csv-v1,blocked,ETTm1,512,96,42,0.0,0,0,0,0.0,0.0,0.0,0.0,0
1.0,2026-09-20T11:53:36.910358+00:00,97ff94ac46223bbf5ff537ca65743299fdf36803,114c044d49487a1dcc2c275f64bde9ab449355eae6031569002f96a2af22461e,3369a1508281082433c78fe0083966801b3d7085c521919558dc1265ecbee42f,streaming-long-csv-v1,blocked,ETTm1,512,96,42,0.005,41436,19040,41532,0.9911021814006888,0.45541523153463453,0.993398392652124,3.0156987383222575,5
1.0,2026-09-20T11:53:36.910358+00:00,97ff94ac46223bbf5ff537ca65743299fdf36803,114c044d49487a1dcc2c275f64bde9ab449355eae6031569002f96a2af22461e,3369a1508281082433c78fe0083966801b3d7085c521919558dc1265ecbee42f,streaming-long-csv-v1,blocked,ETTm1,512,96,42,0.01,41493,29540,41589,0.9924655568312285,0.7065633371603521,0.9947617680826636,6.023131116400972,9
1.0,2026-09-20T11:53:36.910358+00:00,97ff94ac46223bbf5ff537ca65743299fdf36803,114c044d49487a1dcc2c275f64bde9ab449355eae6031569002f96a2af22461e,3369a1508281082433c78fe0083966801b3d7085c521919558dc1265ecbee42f,streaming-long-csv-v1,blocked,ETTm1,512,96,42,0.02,41533,37874,41629,0.9934223115193265,0.9059031764255645,0.9957185227707616,12.034687357371064,16
1.0,2026-09-20T11:53:36.910358+00:00,97ff94ac46223bbf5ff537ca65743299fdf36803,114c044d49487a1dcc2c275f64bde9ab449355eae6031569002f96a2af22461e,3369a1508281082433c78fe0083966801b3d7085c521919558dc1265ecbee42f,streaming-long-csv-v1,blocked,ETTm1,512,96,42,0.05,41682,41242,41778,0.9969862227324914,0.9864619211634137,0.9992824339839265,29.979415003111686,37
1.0,2026-09-20T11:53:36.910358+00:00,97ff94ac46223bbf5ff537ca65743299fdf36803,114c044d49487a1dcc2c275f64bde9ab449355eae6031569002f96a2af22461e,3369a1508281082433c78fe0083966801b3d7085c521919558dc1265ecbee42f,streaming-long-csv-v1,blocked,ETTm1,512,96,42,0.1,41695,41279,41791,0.9972971680061232,0.9873469192499044,0.9995933792575583,59.94017850733412,69
1.0,2026-09-20T11:53:36.910358+00:00,97ff94ac46223bbf5ff537ca65743299fdf36803,114c044d49487a1dcc2c275f64bde9ab449355eae6031569002f96a2af22461e,3369a1508281082433c78fe0083966801b3d7085c521919558dc1265ecbee42f,streaming-long-csv-v1,blocked,ETTm1,512,96,42,0.2,41710,41294,41806,0.9976559510141599,0.9877057022579411,0.9999521622655951,119.83734392192508,133
1.0,2026-09-20T11:53:36.910358+00:00,97ff94ac46223bbf5ff537ca65743299fdf36803,114c044d49487a1dcc2c275f64bde9ab449355eae6031569002f96a2af22461e,3369a1508281082433c78fe0083966801b3d7085c521919558dc1265ecbee42f,streaming-long-csv-v1,blocked,ETTm1,512,96,42,0.5,41711,41295,41807,0.9976798698813624,0.9877296211251435,0.9999760811327976,299.5861936996197,320
1.0,2026-09-20T11:53:36.910358+00:00,97ff94ac46223bbf5ff537ca65743299fdf36803,114c044d49487a1dcc2c275f64bde9ab449355eae6031569002f96a2af22461e,3369a1508281082433c78fe0083966801b3d7085c521919558dc1265ecbee42f,streaming-long-csv-v1,blocked,ETTm1,512,96,42,1.0,41712,41296,41808,0.9977037887485649,0.9877535399923459,1.0,599.1725985457329,608
1.0,2026-09-20T11:53:36.910358+00:00,97ff94ac46223bbf5ff537ca65743299fdf36803,114c044d49487a1dcc2c275f64bde9ab449355eae6031569002f96a2af22461e,3369a1508281082433c78fe0083966801b3d7085c521919558dc1265ecbee42f,streaming-long-csv-v1,blocked,ETTm1,512,192,42,0.0,0,0,0,0.0,0.0,0.0,0.0,0
1.0,2026-09-20T11:53:36.910358+00:00,97ff94ac46223bbf5ff537ca65743299fdf36803,114c044d49487a1dcc2c275f64bde9ab449355eae6031569002f96a2af22461e,3369a1508281082433c78fe0083966801b3d7085c521919558dc1265ecbee42f,streaming-long-csv-v1,blocked,ETTm1,512,192,42,0.005,41340,33562,41532,0.9888059701492538,0.8027650210486031,0.993398392652124,3.474910912067803,5
1.0,2026-09-20T11:53:36.910358+00:00,97ff94ac46223bbf5ff537ca65743299fdf36803,114c044d49487a1dcc2c275f64bde9ab449355eae6031569002f96a2af22461e,3369a1508281082433c78fe0083966801b3d7085c521919558dc1265ecbee42f,streaming-long-csv-v1,blocked,ETTm1,512,192,42,0.01,41397,39845,41589,0.9901693455797933,0.9530472636815921,0.9947617680826636,6.957224266031884,11
1.0,2026-09-20T11:53:36.910358+00:00,97ff94ac46223bbf5ff537ca65743299fdf36803,114c044d49487a1dcc2c275f64bde9ab449355eae6031569002f96a2af22461e,3369a1508281082433c78fe0083966801b3d7085c521919558dc1265ecbee42f,streaming-long-csv-v1,blocked,ETTm1,512,192,42,0.02,41437,41003,41629,0.9911261002678913,0.9807453119020283,0.9957185227707616,13.901078575031828,19
1.0,2026-09-20T11:53:36.910358+00:00,97ff94ac46223bbf5ff537ca65743299fdf36803,114c044d49487a1dcc2c275f64bde9ab449355eae6031569002f96a2af22461e,3369a1508281082433c78fe0083966801b3d7085c521919558dc1265ecbee42f,streaming-long-csv-v1,blocked,ETTm1,512,192,42,0.05,41586,41266,41778,0.9946900114810563,0.9870359739762725,0.9992824339839265,34.62875197472354,41
1.0,2026-09-20T11:53:36.910358+00:00,97ff94ac46223bbf5ff537ca65743299fdf36803,114c044d49487a1dcc2c275f64bde9ab449355eae6031569002f96a2af22461e,3369a1508281082433c78fe0083966801b3d7085c521919558dc1265ecbee42f,streaming-long-csv-v1,blocked,ETTm1,512,192,42,0.1,41599,41279,41791,0.9950009567546881,0.9873469192499044,0.9995933792575583,69.23595989567131,79
1.0,2026-09-20T11:53:36.910358+00:00,97ff94ac46223bbf5ff537ca65743299fdf36803,114c044d49487a1dcc2c275f64bde9ab449355eae6031569002f96a2af22461e,3369a1508281082433c78fe0083966801b3d7085c521919558dc1265ecbee42f,streaming-long-csv-v1,blocked,ETTm1,512,192,42,0.2,41614,41294,41806,0.9953597397627248,0.9877057022579411,0.9999521622655951,138.43907573075634,151
1.0,2026-09-20T11:53:36.910358+00:00,97ff94ac46223bbf5ff537ca65743299fdf36803,114c044d49487a1dcc2c275f64bde9ab449355eae6031569002f96a2af22461e,3369a1508281082433c78fe0083966801b3d7085c521919558dc1265ecbee42f,streaming-long-csv-v1,blocked,ETTm1,512,192,42,0.5,41615,41295,41807,0.9953836586299273,0.9877296211251435,0.9999760811327976,346.08099122156574,369
1.0,2026-09-20T11:53:36.910358+00:00,97ff94ac46223bbf5ff537ca65743299fdf36803,114c044d49487a1dcc2c275f64bde9ab449355eae6031569002f96a2af22461e,3369a1508281082433c78fe0083966801b3d7085c521919558dc1265ecbee42f,streaming-long-csv-v1,blocked,ETTm1,512,192,42,1.0,41616,41296,41808,0.9954075774971297,0.9877535399923459,1.0,692.1622655951014,704
1.0,2026-09-20T11:53:36.910358+00:00,97ff94ac46223bbf5ff537ca65743299fdf36803,114c044d49487a1dcc2c275f64bde9ab449355eae6031569002f96a2af22461e,3369a1508281082433c78fe0083966801b3d7085c521919558dc1265ecbee42f,streaming-long-csv-v1,blocked,ETTm1,512,336,42,0.0,0,0,0,0.0,0.0,0.0,0.0,0
1.0,2026-09-20T11:53:36.910358+00:00,97ff94ac46223bbf5ff537ca65743299fdf36803,114c044d49487a1dcc2c275f64bde9ab449355eae6031569002f96a2af22461e,3369a1508281082433c78fe0083966801b3d7085c521919558dc1265ecbee42f,streaming-long-csv-v1,blocked,ETTm1,512,336,42,0.005,41226,40939,41562,0.9860792192881745,0.9792145044010716,0.9941159586681975,4.162263606178721,6
1.0,2026-09-20T11:53:36.910358+00:00,97ff94ac46223bbf5ff537ca65743299fdf36803,114c044d49487a1dcc2c275f64bde9ab449355eae6031569002f96a2af22461e,3369a1508281082433c78fe0083966801b3d7085c521919558dc1265ecbee42f,streaming-long-csv-v1,blocked,ETTm1,512,336,42,0.01,41389,41213,41725,0.9899779946421737,0.9857682740145427,0.9980147340221968,8.312330736968244,12
1.0,2026-09-20T11:53:36.910358+00:00,97ff94ac46223bbf5ff537ca65743299fdf36803,114c044d49487a1dcc2c275f64bde9ab449355eae6031569002f96a2af22461e,3369a1508281082433c78fe0083966801b3d7085c521919558dc1265ecbee42f,streaming-long-csv-v1,blocked,ETTm1,512,336,42,0.02,41416,41240,41752,0.9906238040566399,0.9864140834290088,0.9986605434366629,16.63422111515616,21
1.0,2026-09-20T11:53:36.910358+00:00,97ff94ac46223bbf5ff537ca65743299fdf36803,114c044d49487a1dcc2c275f64bde9ab449355eae6031569002f96a2af22461e,3369a1508281082433c78fe0083966801b3d7085c521919558dc1265ecbee42f,streaming-long-csv-v1,blocked,ETTm1,512,336,42,0.05,41458,41282,41794,0.9916283964791427,0.9874186758515117,0.9996651358591657,41.553907259415226,48
1.0,2026-09-20T11:53:36.910358+00:00,97ff94ac46223bbf5ff537ca65743299fdf36803,114c044d49487a1dcc2c275f64bde9ab449355eae6031569002f96a2af22461e,3369a1508281082433c78fe0083966801b3d7085c521919558dc1265ecbee42f,streaming-long-csv-v1,blocked,ETTm1,512,336,42,0.1,41471,41295,41807,0.9919393417527745,0.9877296211251435,0.9999760811327976,83.08197191857823,93
1.0,2026-09-20T11:53:36.910358+00:00,97ff94ac46223bbf5ff537ca65743299fdf36803,114c044d49487a1dcc2c275f64bde9ab449355eae6031569002f96a2af22461e,3369a1508281082433c78fe0083966801b3d7085c521919558dc1265ecbee42f,streaming-long-csv-v1,blocked,ETTm1,512,336,42,0.2,41472,41296,41808,0.9919632606199771,0.9877535399923459,1.0,166.15996938384998,181
1.0,2026-09-20T11:53:36.910358+00:00,97ff94ac46223bbf5ff537ca65743299fdf36803,114c044d49487a1dcc2c275f64bde9ab449355eae6031569002f96a2af22461e,3369a1508281082433c78fe0083966801b3d7085c521919558dc1265ecbee42f,streaming-long-csv-v1,blocked,ETTm1,512,336,42,0.5,41472,41296,41808,0.9919632606199771,0.9877535399923459,1.0,415.399923459625,442
1.0,2026-09-20T11:53:36.910358+00:00,97ff94ac46223bbf5ff537ca65743299fdf36803,114c044d49487a1dcc2c275f64bde9ab449355eae6031569002f96a2af22461e,3369a1508281082433c78fe0083966801b3d7085c521919558dc1265ecbee42f,streaming-long-csv-v1,blocked,ETTm1,512,336,42,1.0,41472,41296,41808,0.9919632606199771,0.9877535399923459,1.0,830.8201301186376,848
1.0,2026-09-20T11:53:36.910358+00:00,97ff94ac46223bbf5ff537ca65743299fdf36803,114c044d49487a1dcc2c275f64bde9ab449355eae6031569002f96a2af22461e,3369a1508281082433c78fe0083966801b3d7085c521919558dc1265ecbee42f,streaming-long-csv-v1,blocked,ETTm1,512,720,42,0.0,0,0,0,0.0,0.0,0.0,0.0,0
1.0,2026-09-20T11:53:36.910358+00:00,97ff94ac46223bbf5ff537ca65743299fdf36803,114c044d49487a1dcc2c275f64bde9ab449355eae6031569002f96a2af22461e,3369a1508281082433c78fe0083966801b3d7085c521919558dc1265ecbee42f,streaming-long-csv-v1,blocked,ETTm1,512,720,42,0.005,40827,41035,41547,0.9765355912743973,0.9815107156525067,0.9937571756601608,5.989939105109875,8
1.0,2026-09-20T11:53:36.910358+00:00,97ff94ac46223bbf5ff537ca65743299fdf36803,114c044d49487a1dcc2c275f64bde9ab449355eae6031569002f96a2af22461e,3369a1508281082433c78fe0083966801b3d7085c521919558dc1265ecbee42f,streaming-long-csv-v1,blocked,ETTm1,512,720,42,0.01,40957,41165,41677,0.9796450440107156,0.9846201683888252,0.9968666283964791,11.97207092641025,15
1.0,2026-09-20T11:53:36.910358+00:00,97ff94ac46223bbf5ff537ca65743299fdf36803,114c044d49487a1dcc2c275f64bde9ab449355eae6031569002f96a2af22461e,3369a1508281082433c78fe0083966801b3d7085c521919558dc1265ecbee42f,streaming-long-csv-v1,blocked,ETTm1,512,720,42,0.02,41040,41248,41760,0.981630309988519,0.9866054343666284,0.9988518943742825,23.926053639846742,28
1.0,2026-09-20T11:53:36.910358+00:00,97ff94ac46223bbf5ff537ca65743299fdf36803,114c044d49487a1dcc2c275f64bde9ab449355eae6031569002f96a2af22461e,3369a1508281082433c78fe0083966801b3d7085c521919558dc1265ecbee42f,streaming-long-csv-v1,blocked,ETTm1,512,720,42,0.05,41040,41248,41760,0.981630309988519,0.9866054343666284,0.9988518943742825,59.829885057471266,69
1.0,2026-09-20T11:53:36.910358+00:00,97ff94ac46223bbf5ff537ca65743299fdf36803,114c044d49487a1dcc2c275f64bde9ab449355eae6031569002f96a2af22461e,3369a1508281082433c78fe0083966801b3d7085c521919558dc1265ecbee42f,streaming-long-csv-v1,blocked,ETTm1,512,720,42,0.1,41079,41287,41799,0.9825631458094145,0.9875382701875239,0.999784730195178,119.57759755018063,131
1.0,2026-09-20T11:53:36.910358+00:00,97ff94ac46223bbf5ff537ca65743299fdf36803,114c044d49487a1dcc2c275f64bde9ab449355eae6031569002f96a2af22461e,3369a1508281082433c78fe0083966801b3d7085c521919558dc1265ecbee42f,streaming-long-csv-v1,blocked,ETTm1,512,720,42,0.2,41087,41295,41807,0.9827544967470341,0.9877296211251435,0.9999760811327976,239.13890018417968,257
1.0,2026-09-20T11:53:36.910358+00:00,97ff94ac46223bbf5ff537ca65743299fdf36803,114c044d49487a1dcc2c275f64bde9ab449355eae6031569002f96a2af22461e,3369a1508281082433c78fe0083966801b3d7085c521919558dc1265ecbee42f,streaming-long-csv-v1,blocked,ETTm1,512,720,42,0.5,41087,41295,41807,0.9827544967470341,0.9877296211251435,0.9999760811327976,597.8619848350754,630
1.0,2026-09-20T11:53:36.910358+00:00,97ff94ac46223bbf5ff537ca65743299fdf36803,114c044d49487a1dcc2c275f64bde9ab449355eae6031569002f96a2af22461e,3369a1508281082433c78fe0083966801b3d7085c521919558dc1265ecbee42f,streaming-long-csv-v1,blocked,ETTm1,512,720,42,1.0,41088,41296,41808,0.9827784156142365,0.9877535399923459,1.0,1195.724837351703,1232
1.0,2026-09-20T11:53:36.910358+00:00,97ff94ac46223bbf5ff537ca65743299fdf36803,f858f7af59fc1d19b5c4730f387c811ef184411bfe32ad9a465e66f78a832836,3369a1508281082433c78fe0083966801b3d7085c521919558dc1265ecbee42f,streaming-long-csv-v1,blocked,ETTm2,256,96,42,0.0,0,0,0,0.0,0.0,0.0,0.0,0
1.0,2026-09-20T11:53:36.910358+00:00,97ff94ac46223bbf5ff537ca65743299fdf36803,f858f7af59fc1d19b5c4730f387c811ef184411bfe32ad9a465e66f78a832836,3369a1508281082433c78fe0083966801b3d7085c521919558dc1265ecbee42f,streaming-long-csv-v1,blocked,ETTm2,256,96,42,0.005,39172,19101,41544,0.9369498660543437,0.4568742824339839,0.9936854190585533,1.7538994800693242,4
1.0,2026-09-20T11:53:36.910358+00:00,97ff94ac46223bbf5ff537ca65743299fdf36803,f858f7af59fc1d19b5c4730f387c811ef184411bfe32ad9a465e66f78a832836,3369a1508281082433c78fe0083966801b3d7085c521919558dc1265ecbee42f,streaming-long-csv-v1,blocked,ETTm2,256,96,42,0.01,41407,29521,41647,0.9904085342518179,0.7061088786835056,0.9961490623804057,3.499123586332749,6
1.0,2026-09-20T11:53:36.910358+00:00,97ff94ac46223bbf5ff537ca65743299fdf36803,f858f7af59fc1d19b5c4730f387c811ef184411bfe32ad9a465e66f78a832836,3369a1508281082433c78fe0083966801b3d7085c521919558dc1265ecbee42f,streaming-long-csv-v1,blocked,ETTm2,256,96,42,0.02,41578,38031,41674,0.9944986605434366,0.909658438576349,0.9967948717948718,7.002159619906896,11
1.0,2026-09-20T11:53:36.910358+00:00,97ff94ac46223bbf5ff537ca65743299fdf36803,f858f7af59fc1d19b5c4730f387c811ef184411bfe32ad9a465e66f78a832836,3369a1508281082433c78fe0083966801b3d7085c521919558dc1265ecbee42f,streaming-long-csv-v1,blocked,ETTm2,256,96,42,0.05,41694,41512,41790,0.9972732491389208,0.992920015308075,0.9995694603903559,17.452596314907872,25
1.0,2026-09-20T11:53:36.910358+00:00,97ff94ac46223bbf5ff537ca65743299fdf36803,f858f7af59fc1d19b5c4730f387c811ef184411bfe32ad9a465e66f78a832836,3369a1508281082433c78fe0083966801b3d7085c521919558dc1265ecbee42f,streaming-long-csv-v1,blocked,ETTm2,256,96,42,0.1,41708,41548,41804,0.9976081132797551,0.9937810945273632,0.9999043245311902,34.901923260931966,44
1.0,2026-09-20T11:53:36.910358+00:00,97ff94ac46223bbf5ff537ca65743299fdf36803,f858f7af59fc1d19b5c4730f387c811ef184411bfe32ad9a465e66f78a832836,3369a1508281082433c78fe0083966801b3d7085c521919558dc1265ecbee42f,streaming-long-csv-v1,blocked,ETTm2,256,96,42,0.2,41708,41548,41804,0.9976081132797551,0.9937810945273632,0.9999043245311902,69.81226676873027,83
1.0,2026-09-20T11:53:36.910358+00:00,97ff94ac46223bbf5ff537ca65743299fdf36803,f858f7af59fc1d19b5c4730f387c811ef184411bfe32ad9a465e66f78a832836,3369a1508281082433c78fe0083966801b3d7085c521919558dc1265ecbee42f,streaming-long-csv-v1,blocked,ETTm2,256,96,42,0.5,41710,41550,41806,0.9976559510141599,0.993828932261768,0.9999521622655951,174.5265272927331,193
1.0,2026-09-20T11:53:36.910358+00:00,97ff94ac46223bbf5ff537ca65743299fdf36803,f858f7af59fc1d19b5c4730f387c811ef184411bfe32ad9a465e66f78a832836,3369a1508281082433c78fe0083966801b3d7085c521919558dc1265ecbee42f,streaming-long-csv-v1,blocked,ETTm2,256,96,42,1.0,41712,41552,41808,0.9977037887485649,0.993876769996173,1.0,349.04477611940297,352
1.0,2026-09-20T11:53:36.910358+00:00,97ff94ac46223bbf5ff537ca65743299fdf36803,f858f7af59fc1d19b5c4730f387c811ef184411bfe32ad9a465e66f78a832836,3369a1508281082433c78fe0083966801b3d7085c521919558dc1265ecbee42f,streaming-long-csv-v1,blocked,ETTm2,256,192,42,0.0,0,0,0,0.0,0.0,0.0,0.0,0
1.0,2026-09-20T11:53:36.910358+00:00,97ff94ac46223bbf5ff537ca65743299fdf36803,f858f7af59fc1d19b5c4730f387c811ef184411bfe32ad9a465e66f78a832836,3369a1508281082433c78fe0083966801b3d7085c521919558dc1265ecbee42f,streaming-long-csv-v1,blocked,ETTm2,256,192,42,0.005,39198,33750,41636,0.9375717566016073,0.8072617680826636,0.9958859548411787,2.2165433759246804,4
1.0,2026-09-20T11:53:36.910358+00:00,97ff94ac46223bbf5ff537ca65743299fdf36803,f858f7af59fc1d19b5c4730f387c811ef184411bfe32ad9a465e66f78a832836,3369a1508281082433c78fe0083966801b3d7085c521919558dc1265ecbee42f,streaming-long-csv-v1,blocked,ETTm2,256,192,42,0.01,41352,40230,41648,0.9890929965556832,0.962256027554535,0.9961729812476081,4.442566269688821,7
1.0,2026-09-20T11:53:36.910358+00:00,97ff94ac46223bbf5ff537ca65743299fdf36803,f858f7af59fc1d19b5c4730f387c811ef184411bfe32ad9a465e66f78a832836,3369a1508281082433c78fe0083966801b3d7085c521919558dc1265ecbee42f,streaming-long-csv-v1,blocked,ETTm2,256,192,42,0.02,41483,41319,41675,0.992226368159204,0.9883036739380023,0.9968187906620742,8.89012597480504,13
1.0,2026-09-20T11:53:36.910358+00:00,97ff94ac46223bbf5ff537ca65743299fdf36803,f858f7af59fc1d19b5c4730f387c811ef184411bfe32ad9a465e66f78a832836,3369a1508281082433c78fe0083966801b3d7085c521919558dc1265ecbee42f,streaming-long-csv-v1,blocked,ETTm2,256,192,42,0.05,41598,41534,41790,0.9949770378874856,0.9934462303865289,0.9995694603903559,22.169514237855946,28
1.0,2026-09-20T11:53:36.910358+00:00,97ff94ac46223bbf5ff537ca65743299fdf36803,f858f7af59fc1d19b5c4730f387c811ef184411bfe32ad9a465e66f78a832836,3369a1508281082433c78fe0083966801b3d7085c521919558dc1265ecbee42f,streaming-long-csv-v1,blocked,ETTm2,256,192,42,0.1,41612,41548,41804,0.99531190202832,0.9937810945273632,0.9999043245311902,44.32417950435365,53
1.0,2026-09-20T11:53:36.910358+00:00,97ff94ac46223bbf5ff537ca65743299fdf36803,f858f7af59fc1d19b5c4730f387c811ef184411bfe32ad9a465e66f78a832836,3369a1508281082433c78fe0083966801b3d7085c521919558dc1265ecbee42f,streaming-long-csv-v1,blocked,ETTm2,256,192,42,0.2,41612,41548,41804,0.99531190202832,0.9937810945273632,0.9999043245311902,88.6483590087073,102
1.0,2026-09-20T11:53:36.910358+00:00,97ff94ac46223bbf5ff537ca65743299fdf36803,f858f7af59fc1d19b5c4730f387c811ef184411bfe32ad9a465e66f78a832836,3369a1508281082433c78fe0083966801b3d7085c521919558dc1265ecbee42f,streaming-long-csv-v1,blocked,ETTm2,256,192,42,0.5,41614,41550,41806,0.9953597397627248,0.993828932261768,0.9999521622655951,221.61029517294168,240
1.0,2026-09-20T11:53:36.910358+00:00,97ff94ac46223bbf5ff537ca65743299fdf36803,f858f7af59fc1d19b5c4730f387c811ef184411bfe32ad9a465e66f78a832836,3369a1508281082433c78fe0083966801b3d7085c521919558dc1265ecbee42f,streaming-long-csv-v1,blocked,ETTm2,256,192,42,1.0,41616,41552,41808,0.9954075774971297,0.993876769996173,1.0,443.2101033295063,448
1.0,2026-09-20T11:53:36.910358+00:00,97ff94ac46223bbf5ff537ca65743299fdf36803,f858f7af59fc1d19b5c4730f387c811ef184411bfe32ad9a465e66f78a832836,3369a1508281082433c78fe0083966801b3d7085c521919558dc1265ecbee42f,streaming-long-csv-v1,blocked,ETTm2,256,336,42,0.0,0,0,0,0.0,0.0,0.0,0.0,0
1.0,2026-09-20T11:53:36.910358+00:00,97ff94ac46223bbf5ff537ca65743299fdf36803,f858f7af59fc1d19b5c4730f387c811ef184411bfe32ad9a465e66f78a832836,3369a1508281082433c78fe0083966801b3d7085c521919558dc1265ecbee42f,streaming-long-csv-v1,blocked,ETTm2,256,336,42,0.005,38836,41284,41636,0.9289131266743207,0.9874665135859165,0.9958859548411787,2.9290037467576138,4
1.0,2026-09-20T11:53:36.910358+00:00,97ff94ac46223bbf5ff537ca65743299fdf36803,f858f7af59fc1d19b5c4730f387c811ef184411bfe32ad9a465e66f78a832836,3369a1508281082433c78fe0083966801b3d7085c521919558dc1265ecbee42f,streaming-long-csv-v1,blocked,ETTm2,256,336,42,0.01,41148,41392,41648,0.9842135476463835,0.9900497512437811,0.9961729812476081,5.856319631194776,9
1.0,2026-09-20T11:53:36.910358+00:00,97ff94ac46223bbf5ff537ca65743299fdf36803,f858f7af59fc1d19b5c4730f387c811ef184411bfe32ad9a465e66f78a832836,3369a1508281082433c78fe0083966801b3d7085c521919558dc1265ecbee42f,streaming-long-csv-v1,blocked,ETTm2,256,336,42,0.02,41339,41419,41675,0.9887820512820513,0.9906955606582473,0.9968187906620742,11.70505098980204,15
1.0,2026-09-20T11:53:36.910358+00:00,97ff94ac46223bbf5ff537ca65743299fdf36803,f858f7af59fc1d19b5c4730f387c811ef184411bfe32ad9a465e66f78a832836,3369a1508281082433c78fe0083966801b3d7085c521919558dc1265ecbee42f,streaming-long-csv-v1,blocked,ETTm2,256,336,42,0.05,41454,41534,41790,0.991532721010333,0.9934462303865289,0.9995694603903559,29.182100981095957,37
1.0,2026-09-20T11:53:36.910358+00:00,97ff94ac46223bbf5ff537ca65743299fdf36803,f858f7af59fc1d19b5c4730f387c811ef184411bfe32ad9a465e66f78a832836,3369a1508281082433c78fe0083966801b3d7085c521919558dc1265ecbee42f,streaming-long-csv-v1,blocked,ETTm2,256,336,42,0.1,41468,41548,41804,0.9918675851511672,0.9937810945273632,0.9999043245311902,58.358817338053775,68
1.0,2026-09-20T11:53:36.910358+00:00,97ff94ac46223bbf5ff537ca65743299fdf36803,f858f7af59fc1d19b5c4730f387c811ef184411bfe32ad9a465e66f78a832836,3369a1508281082433c78fe0083966801b3d7085c521919558dc1265ecbee42f,streaming-long-csv-v1,blocked,ETTm2,256,336,42,0.2,41468,41548,41804,0.9918675851511672,0.9937810945273632,0.9999043245311902,116.73179600038274,130
1.0,2026-09-20T11:53:36.910358+00:00,97ff94ac46223bbf5ff537ca65743299fdf36803,f858f7af59fc1d19b5c4730f387c811ef184411bfe32ad9a465e66f78a832836,3369a1508281082433c78fe0083966801b3d7085c521919558dc1265ecbee42f,streaming-long-csv-v1,blocked,ETTm2,256,336,42,0.5,41470,41550,41806,0.9919154228855721,0.993828932261768,0.9999521622655951,291.8226091948524,315
1.0,2026-09-20T11:53:36.910358+00:00,97ff94ac46223bbf5ff537ca65743299fdf36803,f858f7af59fc1d19b5c4730f387c811ef184411bfe32ad9a465e66f78a832836,3369a1508281082433c78fe0083966801b3d7085c521919558dc1265ecbee42f,streaming-long-csv-v1,blocked,ETTm2,256,336,42,1.0,41472,41552,41808,0.9919632606199771,0.993876769996173,1.0,583.6314580941447,592
1.0,2026-09-20T11:53:36.910358+00:00,97ff94ac46223bbf5ff537ca65743299fdf36803,f858f7af59fc1d19b5c4730f387c811ef184411bfe32ad9a465e66f78a832836,3369a1508281082433c78fe0083966801b3d7085c521919558dc1265ecbee42f,streaming-long-csv-v1,blocked,ETTm2,256,720,42,0.0,0,0,0,0.0,0.0,0.0,0.0,0
1.0,2026-09-20T11:53:36.910358+00:00,97ff94ac46223bbf5ff537ca65743299fdf36803,f858f7af59fc1d19b5c4730f387c811ef184411bfe32ad9a465e66f78a832836,3369a1508281082433c78fe0083966801b3d7085c521919558dc1265ecbee42f,streaming-long-csv-v1,blocked,ETTm2,256,720,42,0.005,38091,41306,41562,0.9110935706084959,0.9879927286643705,0.9941159586681975,4.790529810884943,7
1.0,2026-09-20T11:53:36.910358+00:00,97ff94ac46223bbf5ff537ca65743299fdf36803,f858f7af59fc1d19b5c4730f387c811ef184411bfe32ad9a465e66f78a832836,3369a1508281082433c78fe0083966801b3d7085c521919558dc1265ecbee42f,streaming-long-csv-v1,blocked,ETTm2,256,720,42,0.01,40769,41469,41725,0.9751482969766552,0.9918915040183697,0.9980147340221968,9.543630916716596,12
1.0,2026-09-20T11:53:36.910358+00:00,97ff94ac46223bbf5ff537ca65743299fdf36803,f858f7af59fc1d19b5c4730f387c811ef184411bfe32ad9a465e66f78a832836,3369a1508281082433c78fe0083966801b3d7085c521919558dc1265ecbee42f,streaming-long-csv-v1,blocked,ETTm2,256,720,42,0.02,41032,41496,41752,0.9814389590508994,0.9925373134328358,0.9986605434366629,19.074918566775246,23
1.0,2026-09-20T11:53:36.910358+00:00,97ff94ac46223bbf5ff537ca65743299fdf36803,f858f7af59fc1d19b5c4730f387c811ef184411bfe32ad9a465e66f78a832836,3369a1508281082433c78fe0083966801b3d7085c521919558dc1265ecbee42f,streaming-long-csv-v1,blocked,ETTm2,256,720,42,0.05,41074,41538,41794,0.9824435514734022,0.9935419058553386,0.9996651358591657,47.66272670718285,55
1.0,2026-09-20T11:53:36.910358+00:00,97ff94ac46223bbf5ff537ca65743299fdf36803,f858f7af59fc1d19b5c4730f387c811ef184411bfe32ad9a465e66f78a832836,3369a1508281082433c78fe0083966801b3d7085c521919558dc1265ecbee42f,streaming-long-csv-v1,blocked,ETTm2,256,720,42,0.1,41087,41551,41807,0.9827544967470341,0.9938528511289705,0.9999760811327976,95.31915707895807,106
1.0,2026-09-20T11:53:36.910358+00:00,97ff94ac46223bbf5ff537ca65743299fdf36803,f858f7af59fc1d19b5c4730f387c811ef184411bfe32ad9a465e66f78a832836,3369a1508281082433c78fe0083966801b3d7085c521919558dc1265ecbee42f,streaming-long-csv-v1,blocked,ETTm2,256,720,42,0.2,41088,41552,41808,0.9827784156142365,0.993876769996173,1.0,190.6337543053961,207
1.0,2026-09-20T11:53:36.910358+00:00,97ff94ac46223bbf5ff537ca65743299fdf36803,f858f7af59fc1d19b5c4730f387c811ef184411bfe32ad9a465e66f78a832836,3369a1508281082433c78fe0083966801b3d7085c521919558dc1265ecbee42f,streaming-long-csv-v1,blocked,ETTm2,256,720,42,0.5,41088,41552,41808,0.9827784156142365,0.993876769996173,1.0,476.6077305778798,503
1.0,2026-09-20T11:53:36.910358+00:00,97ff94ac46223bbf5ff537ca65743299fdf36803,f858f7af59fc1d19b5c4730f387c811ef184411bfe32ad9a465e66f78a832836,3369a1508281082433c78fe0083966801b3d7085c521919558dc1265ecbee42f,streaming-long-csv-v1,blocked,ETTm2,256,720,42,1.0,41088,41552,41808,0.9827784156142365,0.993876769996173,1.0,953.2388059701492,976
1.0,2026-09-20T11:53:36.910358+00:00,97ff94ac46223bbf5ff537ca65743299fdf36803,f858f7af59fc1d19b5c4730f387c811ef184411bfe32ad9a465e66f78a832836,3369a1508281082433c78fe0083966801b3d7085c521919558dc1265ecbee42f,streaming-long-csv-v1,blocked,ETTm2,512,96,42,0.0,0,0,0,0.0,0.0,0.0,0.0,0
1.0,2026-09-20T11:53:36.910358+00:00,97ff94ac46223bbf5ff537ca65743299fdf36803,f858f7af59fc1d19b5c4730f387c811ef184411bfe32ad9a465e66f78a832836,3369a1508281082433c78fe0083966801b3d7085c521919558dc1265ecbee42f,streaming-long-csv-v1,blocked,ETTm2,512,96,42,0.005,41436,19040,41532,0.9911021814006888,0.45541523153463453,0.993398392652124,3.0156987383222575,5
1.0,2026-09-20T11:53:36.910358+00:00,97ff94ac46223bbf5ff537ca65743299fdf36803,f858f7af59fc1d19b5c4730f387c811ef184411bfe32ad9a465e66f78a832836,3369a1508281082433c78fe0083966801b3d7085c521919558dc1265ecbee42f,streaming-long-csv-v1,blocked,ETTm2,512,96,42,0.01,41493,29540,41589,0.9924655568312285,0.7065633371603521,0.9947617680826636,6.023131116400972,9
1.0,2026-09-20T11:53:36.910358+00:00,97ff94ac46223bbf5ff537ca65743299fdf36803,f858f7af59fc1d19b5c4730f387c811ef184411bfe32ad9a465e66f78a832836,3369a1508281082433c78fe0083966801b3d7085c521919558dc1265ecbee42f,streaming-long-csv-v1,blocked,ETTm2,512,96,42,0.02,41533,37874,41629,0.9934223115193265,0.9059031764255645,0.9957185227707616,12.034687357371064,16
1.0,2026-09-20T11:53:36.910358+00:00,97ff94ac46223bbf5ff537ca65743299fdf36803,f858f7af59fc1d19b5c4730f387c811ef184411bfe32ad9a465e66f78a832836,3369a1508281082433c78fe0083966801b3d7085c521919558dc1265ecbee42f,streaming-long-csv-v1,blocked,ETTm2,512,96,42,0.05,41682,41242,41778,0.9969862227324914,0.9864619211634137,0.9992824339839265,29.979415003111686,37
1.0,2026-09-20T11:53:36.910358+00:00,97ff94ac46223bbf5ff537ca65743299fdf36803,f858f7af59fc1d19b5c4730f387c811ef184411bfe32ad9a465e66f78a832836,3369a1508281082433c78fe0083966801b3d7085c521919558dc1265ecbee42f,streaming-long-csv-v1,blocked,ETTm2,512,96,42,0.1,41695,41279,41791,0.9972971680061232,0.9873469192499044,0.9995933792575583,59.94017850733412,69
1.0,2026-09-20T11:53:36.910358+00:00,97ff94ac46223bbf5ff537ca65743299fdf36803,f858f7af59fc1d19b5c4730f387c811ef184411bfe32ad9a465e66f78a832836,3369a1508281082433c78fe0083966801b3d7085c521919558dc1265ecbee42f,streaming-long-csv-v1,blocked,ETTm2,512,96,42,0.2,41710,41294,41806,0.9976559510141599,0.9877057022579411,0.9999521622655951,119.83734392192508,133
1.0,2026-09-20T11:53:36.910358+00:00,97ff94ac46223bbf5ff537ca65743299fdf36803,f858f7af59fc1d19b5c4730f387c811ef184411bfe32ad9a465e66f78a832836,3369a1508281082433c78fe0083966801b3d7085c521919558dc1265ecbee42f,streaming-long-csv-v1,blocked,ETTm2,512,96,42,0.5,41711,41295,41807,0.9976798698813624,0.9877296211251435,0.9999760811327976,299.5861936996197,320
1.0,2026-09-20T11:53:36.910358+00:00,97ff94ac46223bbf5ff537ca65743299fdf36803,f858f7af59fc1d19b5c4730f387c811ef184411bfe32ad9a465e66f78a832836,3369a1508281082433c78fe0083966801b3d7085c521919558dc1265ecbee42f,streaming-long-csv-v1,blocked,ETTm2,512,96,42,1.0,41712,41296,41808,0.9977037887485649,0.9877535399923459,1.0,599.1725985457329,608
1.0,2026-09-20T11:53:36.910358+00:00,97ff94ac46223bbf5ff537ca65743299fdf36803,f858f7af59fc1d19b5c4730f387c811ef184411bfe32ad9a465e66f78a832836,3369a1508281082433c78fe0083966801b3d7085c521919558dc1265ecbee42f,streaming-long-csv-v1,blocked,ETTm2,512,192,42,0.0,0,0,0,0.0,0.0,0.0,0.0,0
1.0,2026-09-20T11:53:36.910358+00:00,97ff94ac46223bbf5ff537ca65743299fdf36803,f858f7af59fc1d19b5c4730f387c811ef184411bfe32ad9a465e66f78a832836,3369a1508281082433c78fe0083966801b3d7085c521919558dc1265ecbee42f,streaming-long-csv-v1,blocked,ETTm2,512,192,42,0.005,41340,33562,41532,0.9888059701492538,0.8027650210486031,0.993398392652124,3.474910912067803,5
1.0,2026-09-20T11:53:36.910358+00:00,97ff94ac46223bbf5ff537ca65743299fdf36803,f858f7af59fc1d19b5c4730f387c811ef184411bfe32ad9a465e66f78a832836,3369a1508281082433c78fe0083966801b3d7085c521919558dc1265ecbee42f,streaming-long-csv-v1,blocked,ETTm2,512,192,42,0.01,41397,39845,41589,0.9901693455797933,0.9530472636815921,0.9947617680826636,6.957224266031884,11
1.0,2026-09-20T11:53:36.910358+00:00,97ff94ac46223bbf5ff537ca65743299fdf36803,f858f7af59fc1d19b5c4730f387c811ef184411bfe32ad9a465e66f78a832836,3369a1508281082433c78fe0083966801b3d7085c521919558dc1265ecbee42f,streaming-long-csv-v1,blocked,ETTm2,512,192,42,0.02,41437,41003,41629,0.9911261002678913,0.9807453119020283,0.9957185227707616,13.901078575031828,19
1.0,2026-09-20T11:53:36.910358+00:00,97ff94ac46223bbf5ff537ca65743299fdf36803,f858f7af59fc1d19b5c4730f387c811ef184411bfe32ad9a465e66f78a832836,3369a1508281082433c78fe0083966801b3d7085c521919558dc1265ecbee42f,streaming-long-csv-v1,blocked,ETTm2,512,192,42,0.05,41586,41266,41778,0.9946900114810563,0.9870359739762725,0.9992824339839265,34.62875197472354,41
1.0,2026-09-20T11:53:36.910358+00:00,97ff94ac46223bbf5ff537ca65743299fdf36803,f858f7af59fc1d19b5c4730f387c811ef184411bfe32ad9a465e66f78a832836,3369a1508281082433c78fe0083966801b3d7085c521919558dc1265ecbee42f,streaming-long-csv-v1,blocked,ETTm2,512,192,42,0.1,41599,41279,41791,0.9950009567546881,0.9873469192499044,0.9995933792575583,69.23595989567131,79
1.0,2026-09-20T11:53:36.910358+00:00,97ff94ac46223bbf5ff537ca65743299fdf36803,f858f7af59fc1d19b5c4730f387c811ef184411bfe32ad9a465e66f78a832836,3369a1508281082433c78fe0083966801b3d7085c521919558dc1265ecbee42f,streaming-long-csv-v1,blocked,ETTm2,512,192,42,0.2,41614,41294,41806,0.9953597397627248,0.9877057022579411,0.9999521622655951,138.43907573075634,151
1.0,2026-09-20T11:53:36.910358+00:00,97ff94ac46223bbf5ff537ca65743299fdf36803,f858f7af59fc1d19b5c4730f387c811ef184411bfe32ad9a465e66f78a832836,3369a1508281082433c78fe0083966801b3d7085c521919558dc1265ecbee42f,streaming-long-csv-v1,blocked,ETTm2,512,192,42,0.5,41615,41295,41807,0.9953836586299273,0.9877296211251435,0.9999760811327976,346.08099122156574,369
1.0,2026-09-20T11:53:36.910358+00:00,97ff94ac46223bbf5ff537ca65743299fdf36803,f858f7af59fc1d19b5c4730f387c811ef184411bfe32ad9a465e66f78a832836,3369a1508281082433c78fe0083966801b3d7085c521919558dc1265ecbee42f,streaming-long-csv-v1,blocked,ETTm2,512,192,42,1.0,41616,41296,41808,0.9954075774971297,0.9877535399923459,1.0,692.1622655951014,704
1.0,2026-09-20T11:53:36.910358+00:00,97ff94ac46223bbf5ff537ca65743299fdf36803,f858f7af59fc1d19b5c4730f387c811ef184411bfe32ad9a465e66f78a832836,3369a1508281082433c78fe0083966801b3d7085c521919558dc1265ecbee42f,streaming-long-csv-v1,blocked,ETTm2,512,336,42,0.0,0,0,0,0.0,0.0,0.0,0.0,0
1.0,2026-09-20T11:53:36.910358+00:00,97ff94ac46223bbf5ff537ca65743299fdf36803,f858f7af59fc1d19b5c4730f387c811ef184411bfe32ad9a465e66f78a832836,3369a1508281082433c78fe0083966801b3d7085c521919558dc1265ecbee42f,streaming-long-csv-v1,blocked,ETTm2,512,336,42,0.005,41226,40939,41562,0.9860792192881745,0.9792145044010716,0.9941159586681975,4.162263606178721,6
1.0,2026-09-20T11:53:36.910358+00:00,97ff94ac46223bbf5ff537ca65743299fdf36803,f858f7af59fc1d19b5c4730f387c811ef184411bfe32ad9a465e66f78a832836,3369a1508281082433c78fe0083966801b3d7085c521919558dc1265ecbee42f,streaming-long-csv-v1,blocked,ETTm2,512,336,42,0.01,41389,41213,41725,0.9899779946421737,0.9857682740145427,0.9980147340221968,8.312330736968244,12
1.0,2026-09-20T11:53:36.910358+00:00,97ff94ac46223bbf5ff537ca65743299fdf36803,f858f7af59fc1d19b5c4730f387c811ef184411bfe32ad9a465e66f78a832836,3369a1508281082433c78fe0083966801b3d7085c521919558dc1265ecbee42f,streaming-long-csv-v1,blocked,ETTm2,512,336,42,0.02,41416,41240,41752,0.9906238040566399,0.9864140834290088,0.9986605434366629,16.63422111515616,21
1.0,2026-09-20T11:53:36.910358+00:00,97ff94ac46223bbf5ff537ca65743299fdf36803,f858f7af59fc1d19b5c4730f387c811ef184411bfe32ad9a465e66f78a832836,3369a1508281082433c78fe0083966801b3d7085c521919558dc1265ecbee42f,streaming-long-csv-v1,blocked,ETTm2,512,336,42,0.05,41458,41282,41794,0.9916283964791427,0.9874186758515117,0.9996651358591657,41.553907259415226,48
1.0,2026-09-20T11:53:36.910358+00:00,97ff94ac46223bbf5ff537ca65743299fdf36803,f858f7af59fc1d19b5c4730f387c811ef184411bfe32ad9a465e66f78a832836,3369a1508281082433c78fe0083966801b3d7085c521919558dc1265ecbee42f,streaming-long-csv-v1,blocked,ETTm2,512,336,42,0.1,41471,41295,41807,0.9919393417527745,0.9877296211251435,0.9999760811327976,83.08197191857823,93
1.0,2026-09-20T11:53:36.910358+00:00,97ff94ac46223bbf5ff537ca65743299fdf36803,f858f7af59fc1d19b5c4730f387c811ef184411bfe32ad9a465e66f78a832836,3369a1508281082433c78fe0083966801b3d7085c521919558dc1265ecbee42f,streaming-long-csv-v1,blocked,ETTm2,512,336,42,0.2,41472,41296,41808,0.9919632606199771,0.9877535399923459,1.0,166.15996938384998,181
1.0,2026-09-20T11:53:36.910358+00:00,97ff94ac46223bbf5ff537ca65743299fdf36803,f858f7af59fc1d19b5c4730f387c811ef184411bfe32ad9a465e66f78a832836,3369a1508281082433c78fe0083966801b3d7085c521919558dc1265ecbee42f,streaming-long-csv-v1,blocked,ETTm2,512,336,42,0.5,41472,41296,41808,0.9919632606199771,0.9877535399923459,1.0,415.399923459625,442
1.0,2026-09-20T11:53:36.910358+00:00,97ff94ac46223bbf5ff537ca65743299fdf36803,f858f7af59fc1d19b5c4730f387c811ef184411bfe32ad9a465e66f78a832836,3369a1508281082433c78fe0083966801b3d7085c521919558dc1265ecbee42f,streaming-long-csv-v1,blocked,ETTm2,512,336,42,1.0,41472,41296,41808,0.9919632606199771,0.9877535399923459,1.0,830.8201301186376,848
1.0,2026-09-20T11:53:36.910358+00:00,97ff94ac46223bbf5ff537ca65743299fdf36803,f858f7af59fc1d19b5c4730f387c811ef184411bfe32ad9a465e66f78a832836,3369a1508281082433c78fe0083966801b3d7085c521919558dc1265ecbee42f,streaming-long-csv-v1,blocked,ETTm2,512,720,42,0.0,0,0,0,0.0,0.0,0.0,0.0,0
1.0,2026-09-20T11:53:36.910358+00:00,97ff94ac46223bbf5ff537ca65743299fdf36803,f858f7af59fc1d19b5c4730f387c811ef184411bfe32ad9a465e66f78a832836,3369a1508281082433c78fe0083966801b3d7085c521919558dc1265ecbee42f,streaming-long-csv-v1,blocked,ETTm2,512,720,42,0.005,40827,41035,41547,0.9765355912743973,0.9815107156525067,0.9937571756601608,5.989939105109875,8
1.0,2026-09-20T11:53:36.910358+00:00,97ff94ac46223bbf5ff537ca65743299fdf36803,f858f7af59fc1d19b5c4730f387c811ef184411bfe32ad9a465e66f78a832836,3369a1508281082433c78fe0083966801b3d7085c521919558dc1265ecbee42f,streaming-long-csv-v1,blocked,ETTm2,512,720,42,0.01,40957,41165,41677,0.9796450440107156,0.9846201683888252,0.9968666283964791,11.97207092641025,15
1.0,2026-09-20T11:53:36.910358+00:00,97ff94ac46223bbf5ff537ca65743299fdf36803,f858f7af59fc1d19b5c4730f387c811ef184411bfe32ad9a465e66f78a832836,3369a1508281082433c78fe0083966801b3d7085c521919558dc1265ecbee42f,streaming-long-csv-v1,blocked,ETTm2,512,720,42,0.02,41040,41248,41760,0.981630309988519,0.9866054343666284,0.9988518943742825,23.926053639846742,28
1.0,2026-09-20T11:53:36.910358+00:00,97ff94ac46223bbf5ff537ca65743299fdf36803,f858f7af59fc1d19b5c4730f387c811ef184411bfe32ad9a465e66f78a832836,3369a1508281082433c78fe0083966801b3d7085c521919558dc1265ecbee42f,streaming-long-csv-v1,blocked,ETTm2,512,720,42,0.05,41040,41248,41760,0.981630309988519,0.9866054343666284,0.9988518943742825,59.829885057471266,69
1.0,2026-09-20T11:53:36.910358+00:00,97ff94ac46223bbf5ff537ca65743299fdf36803,f858f7af59fc1d19b5c4730f387c811ef184411bfe32ad9a465e66f78a832836,3369a1508281082433c78fe0083966801b3d7085c521919558dc1265ecbee42f,streaming-long-csv-v1,blocked,ETTm2,512,720,42,0.1,41079,41287,41799,0.9825631458094145,0.9875382701875239,0.999784730195178,119.57759755018063,131
1.0,2026-09-20T11:53:36.910358+00:00,97ff94ac46223bbf5ff537ca65743299fdf36803,f858f7af59fc1d19b5c4730f387c811ef184411bfe32ad9a465e66f78a832836,3369a1508281082433c78fe0083966801b3d7085c521919558dc1265ecbee42f,streaming-long-csv-v1,blocked,ETTm2,512,720,42,0.2,41087,41295,41807,0.9827544967470341,0.9877296211251435,0.9999760811327976,239.13890018417968,257
1.0,2026-09-20T11:53:36.910358+00:00,97ff94ac46223bbf5ff537ca65743299fdf36803,f858f7af59fc1d19b5c4730f387c811ef184411bfe32ad9a465e66f78a832836,3369a1508281082433c78fe0083966801b3d7085c521919558dc1265ecbee42f,streaming-long-csv-v1,blocked,ETTm2,512,720,42,0.5,41087,41295,41807,0.9827544967470341,0.9877296211251435,0.9999760811327976,597.8619848350754,630
1.0,2026-09-20T11:53:36.910358+00:00,97ff94ac46223bbf5ff537ca65743299fdf36803,f858f7af59fc1d19b5c4730f387c811ef184411bfe32ad9a465e66f78a832836,3369a1508281082433c78fe0083966801b3d7085c521919558dc1265ecbee42f,streaming-long-csv-v1,blocked,ETTm2,512,720,42,1.0,41088,41296,41808,0.9827784156142365,0.9877535399923459,1.0,1195.724837351703,1232
1.0,2026-09-20T11:53:36.910358+00:00,97ff94ac46223bbf5ff537ca65743299fdf36803,c6bca509e59ec251e77845d15018f1e4371d415713ddf20ab730abe29547c14f,3369a1508281082433c78fe0083966801b3d7085c521919558dc1265ecbee42f,streaming-long-csv-v1,blocked,Electricity,256,96,42,0.0,0,0,0,0.0,0.0,0.0,0.0,0
1.0,2026-09-20T11:53:36.910358+00:00,97ff94ac46223bbf5ff537ca65743299fdf36803,c6bca509e59ec251e77845d15018f1e4371d415713ddf20ab730abe29547c14f,3369a1508281082433c78fe0083966801b3d7085c521919558dc1265ecbee42f,streaming-long-csv-v1,blocked,Electricity,256,96,42,0.005,14782,6950,15646,0.9366366746926879,0.44037511088581927,0.9913825877582055,1.7323277515019813,3
1.0,2026-09-20T11:53:36.910358+00:00,97ff94ac46223bbf5ff537ca65743299fdf36803,c6bca509e59ec251e77845d15018f1e4371d415713ddf20ab730abe29547c14f,3369a1508281082433c78fe0083966801b3d7085c521919558dc1265ecbee42f,streaming-long-csv-v1,blocked,Electricity,256,96,42,0.01,15577,11305,15673,0.987010518312001,0.7163223925991636,0.9930933975415029,3.458686913800804,5
1.0,2026-09-20T11:53:36.910358+00:00,97ff94ac46223bbf5ff537ca65743299fdf36803,c6bca509e59ec251e77845d15018f1e4371d415713ddf20ab730abe29547c14f,3369a1508281082433c78fe0083966801b3d7085c521919558dc1265ecbee42f,streaming-long-csv-v1,blocked,Electricity,256,96,42,0.02,15611,14060,15707,0.9891648713724496,0.8908883538208086,0.9952477506019516,6.902400203730821,10
1.0,2026-09-20T11:53:36.910358+00:00,97ff94ac46223bbf5ff537ca65743299fdf36803,c6bca509e59ec251e77845d15018f1e4371d415713ddf20ab730abe29547c14f,3369a1508281082433c78fe0083966801b3d7085c521919558dc1265ecbee42f,streaming-long-csv-v1,blocked,Electricity,256,96,42,0.05,15670,15510,15766,0.9929033075655811,0.9827651755164111,0.998986186795083,17.21375110998351,23
1.0,2026-09-20T11:53:36.910358+00:00,97ff94ac46223bbf5ff537ca65743299fdf36803,c6bca509e59ec251e77845d15018f1e4371d415713ddf20ab730abe29547c14f,3369a1508281082433c78fe0083966801b3d7085c521919558dc1265ecbee42f,streaming-long-csv-v1,blocked,Electricity,256,96,42,0.1,15670,15510,15766,0.9929033075655811,0.9827651755164111,0.998986186795083,34.4498287454015,43
1.0,2026-09-20T11:53:36.910358+00:00,97ff94ac46223bbf5ff537ca65743299fdf36803,c6bca509e59ec251e77845d15018f1e4371d415713ddf20ab730abe29547c14f,3369a1508281082433c78fe0083966801b3d7085c521919558dc1265ecbee42f,streaming-long-csv-v1,blocked,Electricity,256,96,42,0.2,15679,15519,15775,0.9934735774933469,0.983335445444177,0.9995564567228488,68.86034865293185,82
1.0,2026-09-20T11:53:36.910358+00:00,97ff94ac46223bbf5ff537ca65743299fdf36803,c6bca509e59ec251e77845d15018f1e4371d415713ddf20ab730abe29547c14f,3369a1508281082433c78fe0083966801b3d7085c521919558dc1265ecbee42f,streaming-long-csv-v1,blocked,Electricity,256,96,42,0.5,15681,15521,15777,0.9936003041439615,0.9834621720947916,0.9996831833734634,172.12904861507258,192
1.0,2026-09-20T11:53:36.910358+00:00,97ff94ac46223bbf5ff537ca65743299fdf36803,c6bca509e59ec251e77845d15018f1e4371d415713ddf20ab730abe29547c14f,3369a1508281082433c78fe0083966801b3d7085c521919558dc1265ecbee42f,streaming-long-csv-v1,blocked,Electricity,256,96,42,1.0,15686,15526,15782,0.993917120770498,0.9837789887213281,1.0,344.17133443163095,352
1.0,2026-09-20T11:53:36.910358+00:00,97ff94ac46223bbf5ff537ca65743299fdf36803,c6bca509e59ec251e77845d15018f1e4371d415713ddf20ab730abe29547c14f,3369a1508281082433c78fe0083966801b3d7085c521919558dc1265ecbee42f,streaming-long-csv-v1,blocked,Electricity,256,192,42,0.0,0,0,0,0.0,0.0,0.0,0.0,0
1.0,2026-09-20T11:53:36.910358+00:00,97ff94ac46223bbf5ff537ca65743299fdf36803,c6bca509e59ec251e77845d15018f1e4371d415713ddf20ab730abe29547c14f,3369a1508281082433c78fe0083966801b3d7085c521919558dc1265ecbee42f,streaming-long-csv-v1,blocked,Electricity,256,192,42,0.005,14564,12362,15586,0.9228234697756938,0.7832974274489926,0.9875807882397668,2.1845245733350445,4
1.0,2026-09-20T11:53:36.910358+00:00,97ff94ac46223bbf5ff537ca65743299fdf36803,c6bca509e59ec251e77845d15018f1e4371d415713ddf20ab730abe29547c14f,3369a1508281082433c78fe0083966801b3d7085c521919558dc1265ecbee42f,streaming-long-csv-v1,blocked,Electricity,256,192,42,0.01,15427,15190,15619,0.9775060195159042,0.9624889114180712,0.9896717779749081,4.388501184454831,6
1.0,2026-09-20T11:53:36.910358+00:00,97ff94ac46223bbf5ff537ca65743299fdf36803,c6bca509e59ec251e77845d15018f1e4371d415713ddf20ab730abe29547c14f,3369a1508281082433c78fe0083966801b3d7085c521919558dc1265ecbee42f,streaming-long-csv-v1,blocked,Electricity,256,192,42,0.02,15498,15434,15690,0.9820048156127233,0.9779495627930553,0.9941705740717273,8.737284894837476,13
1.0,2026-09-20T11:53:36.910358+00:00,97ff94ac46223bbf5ff537ca65743299fdf36803,c6bca509e59ec251e77845d15018f1e4371d415713ddf20ab730abe29547c14f,3369a1508281082433c78fe0083966801b3d7085c521919558dc1265ecbee42f,streaming-long-csv-v1,blocked,Electricity,256,192,42,0.05,15570,15506,15762,0.9865669750348498,0.9825117222151819,0.9987327334938537,21.77185636340566,28
1.0,2026-09-20T11:53:36.910358+00:00,97ff94ac46223bbf5ff537ca65743299fdf36803,c6bca509e59ec251e77845d15018f1e4371d415713ddf20ab730abe29547c14f,3369a1508281082433c78fe0083966801b3d7085c521919558dc1265ecbee42f,streaming-long-csv-v1,blocked,Electricity,256,192,42,0.1,15572,15508,15764,0.9866937016854644,0.9826384488657964,0.9988594601444684,43.56660746003553,53
1.0,2026-09-20T11:53:36.910358+00:00,97ff94ac46223bbf5ff537ca65743299fdf36803,c6bca509e59ec251e77845d15018f1e4371d415713ddf20ab730abe29547c14f,3369a1508281082433c78fe0083966801b3d7085c521919558dc1265ecbee42f,streaming-long-csv-v1,blocked,Electricity,256,192,42,0.2,15581,15517,15773,0.9872639716132303,0.9832087187935623,0.9994297300722342,87.11190008241933,102
1.0,2026-09-20T11:53:36.910358+00:00,97ff94ac46223bbf5ff537ca65743299fdf36803,c6bca509e59ec251e77845d15018f1e4371d415713ddf20ab730abe29547c14f,3369a1508281082433c78fe0083966801b3d7085c521919558dc1265ecbee42f,streaming-long-csv-v1,blocked,Electricity,256,192,42,0.5,15585,15521,15777,0.9875174249144595,0.9834621720947916,0.9996831833734634,217.71033783355517,236
1.0,2026-09-20T11:53:36.910358+00:00,97ff94ac46223bbf5ff537ca65743299fdf36803,c6bca509e59ec251e77845d15018f1e4371d415713ddf20ab730abe29547c14f,3369a1508281082433c78fe0083966801b3d7085c521919558dc1265ecbee42f,streaming-long-csv-v1,blocked,Electricity,256,192,42,1.0,15590,15526,15782,0.9878342415409961,0.9837789887213281,1.0,435.31111392725893,448
1.0,2026-09-20T11:53:36.910358+00:00,97ff94ac46223bbf5ff537ca65743299fdf36803,c6bca509e59ec251e77845d15018f1e4371d415713ddf20ab730abe29547c14f,3369a1508281082433c78fe0083966801b3d7085c521919558dc1265ecbee42f,streaming-long-csv-v1,blocked,Electricity,256,336,42,0.0,0,0,0,0.0,0.0,0.0,0.0,0
1.0,2026-09-20T11:53:36.910358+00:00,97ff94ac46223bbf5ff537ca65743299fdf36803,c6bca509e59ec251e77845d15018f1e4371d415713ddf20ab730abe29547c14f,3369a1508281082433c78fe0083966801b3d7085c521919558dc1265ecbee42f,streaming-long-csv-v1,blocked,Electricity,256,336,42,0.005,14498,15380,15639,0.9186414903054112,0.9745279432264605,0.9909390444810544,2.839056205639747,4
1.0,2026-09-20T11:53:36.910358+00:00,97ff94ac46223bbf5ff537ca65743299fdf36803,c6bca509e59ec251e77845d15018f1e4371d415713ddf20ab730abe29547c14f,3369a1508281082433c78fe0083966801b3d7085c521919558dc1265ecbee42f,streaming-long-csv-v1,blocked,Electricity,256,336,42,0.01,15325,15405,15661,0.9710429603345584,0.9761120263591433,0.9923330376378152,5.707936913351638,8
1.0,2026-09-20T11:53:36.910358+00:00,97ff94ac46223bbf5ff537ca65743299fdf36803,c6bca509e59ec251e77845d15018f1e4371d415713ddf20ab730abe29547c14f,3369a1508281082433c78fe0083966801b3d7085c521919558dc1265ecbee42f,streaming-long-csv-v1,blocked,Electricity,256,336,42,0.02,15362,15442,15698,0.9733874033709289,0.9784564693955139,0.9946774806741858,11.426678557778061,15
1.0,2026-09-20T11:53:36.910358+00:00,97ff94ac46223bbf5ff537ca65743299fdf36803,c6bca509e59ec251e77845d15018f1e4371d415713ddf20ab730abe29547c14f,3369a1508281082433c78fe0083966801b3d7085c521919558dc1265ecbee42f,streaming-long-csv-v1,blocked,Electricity,256,336,42,0.05,15423,15503,15759,0.9772525662146749,0.98232163223926,0.9985426435179319,28.51246906529602,35
1.0,2026-09-20T11:53:36.910358+00:00,97ff94ac46223bbf5ff537ca65743299fdf36803,c6bca509e59ec251e77845d15018f1e4371d415713ddf20ab730abe29547c14f,3369a1508281082433c78fe0083966801b3d7085c521919558dc1265ecbee42f,streaming-long-csv-v1,blocked,Electricity,256,336,42,0.1,15435,15515,15771,0.9780129261183627,0.9830819921429477,0.9993030034216196,57.0190856635597,67
1.0,2026-09-20T11:53:36.910358+00:00,97ff94ac46223bbf5ff537ca65743299fdf36803,c6bca509e59ec251e77845d15018f1e4371d415713ddf20ab730abe29547c14f,3369a1508281082433c78fe0083966801b3d7085c521919558dc1265ecbee42f,streaming-long-csv-v1,blocked,Electricity,256,336,42,0.2,15435,15515,15771,0.9780129261183627,0.9830819921429477,0.9993030034216196,114.0381713271194,127
1.0,2026-09-20T11:53:36.910358+00:00,97ff94ac46223bbf5ff537ca65743299fdf36803,c6bca509e59ec251e77845d15018f1e4371d415713ddf20ab730abe29547c14f,3369a1508281082433c78fe0083966801b3d7085c521919558dc1265ecbee42f,streaming-long-csv-v1,blocked,Electricity,256,336,42,0.5,15441,15521,15777,0.9783931060702066,0.9834621720947916,0.9996831833734634,284.98700640172405,308
1.0,2026-09-20T11:53:36.910358+00:00,97ff94ac46223bbf5ff537ca65743299fdf36803,c6bca509e59ec251e77845d15018f1e4371d415713ddf20ab730abe29547c14f,3369a1508281082433c78fe0083966801b3d7085c521919558dc1265ecbee42f,streaming-long-csv-v1,blocked,Electricity,256,336,42,1.0,15446,15526,15782,0.9787099226967432,0.9837789887213281,1.0,569.83094664808,592
1.0,2026-09-20T11:53:36.910358+00:00,97ff94ac46223bbf5ff537ca65743299fdf36803,c6bca509e59ec251e77845d15018f1e4371d415713ddf20ab730abe29547c14f,3369a1508281082433c78fe0083966801b3d7085c521919558dc1265ecbee42f,streaming-long-csv-v1,blocked,Electricity,256,720,42,0.0,0,0,0,0.0,0.0,0.0,0.0,0
1.0,2026-09-20T11:53:36.910358+00:00,97ff94ac46223bbf5ff537ca65743299fdf36803,c6bca509e59ec251e77845d15018f1e4371d415713ddf20ab730abe29547c14f,3369a1508281082433c78fe0083966801b3d7085c521919558dc1265ecbee42f,streaming-long-csv-v1,blocked,Electricity,256,720,42,0.005,14119,15365,15621,0.89462679001394,0.9735774933468508,0.9897985046255228,4.623519621022982,6
1.0,2026-09-20T11:53:36.910358+00:00,97ff94ac46223bbf5ff537ca65743299fdf36803,c6bca509e59ec251e77845d15018f1e4371d415713ddf20ab730abe29547c14f,3369a1508281082433c78fe0083966801b3d7085c521919558dc1265ecbee42f,streaming-long-csv-v1,blocked,Electricity,256,720,42,0.01,15028,15492,15748,0.9522240527182867,0.9816246356608794,0.9978456469395514,9.17246634493269,12
1.0,2026-09-20T11:53:36.910358+00:00,97ff94ac46223bbf5ff537ca65743299fdf36803,c6bca509e59ec251e77845d15018f1e4371d415713ddf20ab730abe29547c14f,3369a1508281082433c78fe0083966801b3d7085c521919558dc1265ecbee42f,streaming-long-csv-v1,blocked,Electricity,256,720,42,0.02,15028,15492,15748,0.9522240527182867,0.9816246356608794,0.9978456469395514,18.34493268986538,22
1.0,2026-09-20T11:53:36.910358+00:00,97ff94ac46223bbf5ff537ca65743299fdf36803,c6bca509e59ec251e77845d15018f1e4371d415713ddf20ab730abe29547c14f,3369a1508281082433c78fe0083966801b3d7085c521919558dc1265ecbee42f,streaming-long-csv-v1,blocked,Electricity,256,720,42,0.05,15028,15492,15748,0.9522240527182867,0.9816246356608794,0.9978456469395514,45.86233172466345,54
1.0,2026-09-20T11:53:36.910358+00:00,97ff94ac46223bbf5ff537ca65743299fdf36803,c6bca509e59ec251e77845d15018f1e4371d415713ddf20ab730abe29547c14f,3369a1508281082433c78fe0083966801b3d7085c521919558dc1265ecbee42f,streaming-long-csv-v1,blocked,Electricity,256,720,42,0.1,15049,15513,15769,0.9535546825497402,0.982955265492333,0.999176276771005,91.60251125626229,105
1.0,2026-09-20T11:53:36.910358+00:00,97ff94ac46223bbf5ff537ca65743299fdf36803,c6bca509e59ec251e77845d15018f1e4371d415713ddf20ab730abe29547c14f,3369a1508281082433c78fe0083966801b3d7085c521919558dc1265ecbee42f,streaming-long-csv-v1,blocked,Electricity,256,720,42,0.2,15049,15513,15769,0.9535546825497402,0.982955265492333,0.999176276771005,183.26691610121125,203
1.0,2026-09-20T11:53:36.910358+00:00,97ff94ac46223bbf5ff537ca65743299fdf36803,c6bca509e59ec251e77845d15018f1e4371d415713ddf20ab730abe29547c14f,3369a1508281082433c78fe0083966801b3d7085c521919558dc1265ecbee42f,streaming-long-csv-v1,blocked,Electricity,256,720,42,0.5,15055,15519,15775,0.9539348625015841,0.983335445444177,0.9995564567228488,458.02396196513473,501
1.0,2026-09-20T11:53:36.910358+00:00,97ff94ac46223bbf5ff537ca65743299fdf36803,c6bca509e59ec251e77845d15018f1e4371d415713ddf20ab730abe29547c14f,3369a1508281082433c78fe0083966801b3d7085c521919558dc1265ecbee42f,streaming-long-csv-v1,blocked,Electricity,256,720,42,1.0,15062,15526,15782,0.9543784057787352,0.9837789887213281,1.0,915.7034596375618,976
1.0,2026-09-20T11:53:36.910358+00:00,97ff94ac46223bbf5ff537ca65743299fdf36803,c6bca509e59ec251e77845d15018f1e4371d415713ddf20ab730abe29547c14f,3369a1508281082433c78fe0083966801b3d7085c521919558dc1265ecbee42f,streaming-long-csv-v1,blocked,Electricity,512,96,42,0.0,0,0,0,0.0,0.0,0.0,0.0,0
1.0,2026-09-20T11:53:36.910358+00:00,97ff94ac46223bbf5ff537ca65743299fdf36803,c6bca509e59ec251e77845d15018f1e4371d415713ddf20ab730abe29547c14f,3369a1508281082433c78fe0083966801b3d7085c521919558dc1265ecbee42f,streaming-long-csv-v1,blocked,Electricity,512,96,42,0.005,15462,6927,15558,0.9797237359016601,0.4389177544037511,0.9858066151311621,2.930967990744312,4
1.0,2026-09-20T11:53:36.910358+00:00,97ff94ac46223bbf5ff537ca65743299fdf36803,c6bca509e59ec251e77845d15018f1e4371d415713ddf20ab730abe29547c14f,3369a1508281082433c78fe0083966801b3d7085c521919558dc1265ecbee42f,streaming-long-csv-v1,blocked,Electricity,512,96,42,0.01,15565,11102,15661,0.9862501584083133,0.7034596375617792,0.9923330376378152,5.862205478577358,8
1.0,2026-09-20T11:53:36.910358+00:00,97ff94ac46223bbf5ff537ca65743299fdf36803,c6bca509e59ec251e77845d15018f1e4371d415713ddf20ab730abe29547c14f,3369a1508281082433c78fe0083966801b3d7085c521919558dc1265ecbee42f,streaming-long-csv-v1,blocked,Electricity,512,96,42,0.02,15602,14155,15698,0.9885946014446838,0.8969078697250031,0.9946774806741858,11.735507707988278,15
1.0,2026-09-20T11:53:36.910358+00:00,97ff94ac46223bbf5ff537ca65743299fdf36803,c6bca509e59ec251e77845d15018f1e4371d415713ddf20ab730abe29547c14f,3369a1508281082433c78fe0083966801b3d7085c521919558dc1265ecbee42f,streaming-long-csv-v1,blocked,Electricity,512,96,42,0.05,15663,15247,15759,0.9924597642884299,0.966100620960588,0.9985426435179319,29.24449520908687,35
1.0,2026-09-20T11:53:36.910358+00:00,97ff94ac46223bbf5ff537ca65743299fdf36803,c6bca509e59ec251e77845d15018f1e4371d415713ddf20ab730abe29547c14f,3369a1508281082433c78fe0083966801b3d7085c521919558dc1265ecbee42f,streaming-long-csv-v1,blocked,Electricity,512,96,42,0.1,15675,15259,15771,0.9932201241921176,0.9668609808642757,0.9993030034216196,58.48303848836472,68
1.0,2026-09-20T11:53:36.910358+00:00,97ff94ac46223bbf5ff537ca65743299fdf36803,c6bca509e59ec251e77845d15018f1e4371d415713ddf20ab730abe29547c14f,3369a1508281082433c78fe0083966801b3d7085c521919558dc1265ecbee42f,streaming-long-csv-v1,blocked,Electricity,512,96,42,0.2,15675,15259,15771,0.9932201241921176,0.9668609808642757,0.9993030034216196,117.00462874896962,131
1.0,2026-09-20T11:53:36.910358+00:00,97ff94ac46223bbf5ff537ca65743299fdf36803,c6bca509e59ec251e77845d15018f1e4371d415713ddf20ab730abe29547c14f,3369a1508281082433c78fe0083966801b3d7085c521919558dc1265ecbee42f,streaming-long-csv-v1,blocked,Electricity,512,96,42,0.5,15681,15265,15777,0.9936003041439615,0.9672411608161197,0.9996831833734634,292.3810610382202,318
1.0,2026-09-20T11:53:36.910358+00:00,97ff94ac46223bbf5ff537ca65743299fdf36803,c6bca509e59ec251e77845d15018f1e4371d415713ddf20ab730abe29547c14f,3369a1508281082433c78fe0083966801b3d7085c521919558dc1265ecbee42f,streaming-long-csv-v1,blocked,Electricity,512,96,42,1.0,15686,15270,15782,0.993917120770498,0.9675579774426561,1.0,584.6153846153846,608
1.0,2026-09-20T11:53:36.910358+00:00,97ff94ac46223bbf5ff537ca65743299fdf36803,c6bca509e59ec251e77845d15018f1e4371d415713ddf20ab730abe29547c14f,3369a1508281082433c78fe0083966801b3d7085c521919558dc1265ecbee42f,streaming-long-csv-v1,blocked,Electricity,512,192,42,0.0,0,0,0,0.0,0.0,0.0,0.0,0
1.0,2026-09-20T11:53:36.910358+00:00,97ff94ac46223bbf5ff537ca65743299fdf36803,c6bca509e59ec251e77845d15018f1e4371d415713ddf20ab730abe29547c14f,3369a1508281082433c78fe0083966801b3d7085c521919558dc1265ecbee42f,streaming-long-csv-v1,blocked,Electricity,512,192,42,0.005,15488,12224,15680,0.9813711823596503,0.7745532885565835,0.9935369408186542,3.36734693877551,5
1.0,2026-09-20T11:53:36.910358+00:00,97ff94ac46223bbf5ff537ca65743299fdf36803,c6bca509e59ec251e77845d15018f1e4371d415713ddf20ab730abe29547c14f,3369a1508281082433c78fe0083966801b3d7085c521919558dc1265ecbee42f,streaming-long-csv-v1,blocked,Electricity,512,192,42,0.01,15488,14986,15680,0.9813711823596503,0.9495627930553795,0.9935369408186542,6.73469387755102,9
1.0,2026-09-20T11:53:36.910358+00:00,97ff94ac46223bbf5ff537ca65743299fdf36803,c6bca509e59ec251e77845d15018f1e4371d415713ddf20ab730abe29547c14f,3369a1508281082433c78fe0083966801b3d7085c521919558dc1265ecbee42f,streaming-long-csv-v1,blocked,Electricity,512,192,42,0.02,15546,15226,15738,0.9850462552274744,0.9647699911291344,0.9972120136864783,13.46448087431694,17
1.0,2026-09-20T11:53:36.910358+00:00,97ff94ac46223bbf5ff537ca65743299fdf36803,c6bca509e59ec251e77845d15018f1e4371d415713ddf20ab730abe29547c14f,3369a1508281082433c78fe0083966801b3d7085c521919558dc1265ecbee42f,streaming-long-csv-v1,blocked,Electricity,512,192,42,0.05,15546,15226,15738,0.9850462552274744,0.9647699911291344,0.9972120136864783,33.68356843309188,40
1.0,2026-09-20T11:53:36.910358+00:00,97ff94ac46223bbf5ff537ca65743299fdf36803,c6bca509e59ec251e77845d15018f1e4371d415713ddf20ab730abe29547c14f,3369a1508281082433c78fe0083966801b3d7085c521919558dc1265ecbee42f,streaming-long-csv-v1,blocked,Electricity,512,192,42,0.1,15583,15263,15775,0.9873906982638448,0.967114434165505,0.9995564567228488,67.2537559429477,77
1.0,2026-09-20T11:53:36.910358+00:00,97ff94ac46223bbf5ff537ca65743299fdf36803,c6bca509e59ec251e77845d15018f1e4371d415713ddf20ab730abe29547c14f,3369a1508281082433c78fe0083966801b3d7085c521919558dc1265ecbee42f,streaming-long-csv-v1,blocked,Electricity,512,192,42,0.2,15583,15263,15775,0.9873906982638448,0.967114434165505,0.9995564567228488,134.55213946117274,150
1.0,2026-09-20T11:53:36.910358+00:00,97ff94ac46223bbf5ff537ca65743299fdf36803,c6bca509e59ec251e77845d15018f1e4371d415713ddf20ab730abe29547c14f,3369a1508281082433c78fe0083966801b3d7085c521919558dc1265ecbee42f,streaming-long-csv-v1,blocked,Electricity,512,192,42,0.5,15585,15265,15777,0.9875174249144595,0.9672411608161197,0.9996831833734634,336.4046396653356,369
1.0,2026-09-20T11:53:36.910358+00:00,97ff94ac46223bbf5ff537ca65743299fdf36803,c6bca509e59ec251e77845d15018f1e4371d415713ddf20ab730abe29547c14f,3369a1508281082433c78fe0083966801b3d7085c521919558dc1265ecbee42f,streaming-long-csv-v1,blocked,Electricity,512,192,42,1.0,15590,15270,15782,0.9878342415409961,0.9675579774426561,1.0,672.6407299455076,704
1.0,2026-09-20T11:53:36.910358+00:00,97ff94ac46223bbf5ff537ca65743299fdf36803,c6bca509e59ec251e77845d15018f1e4371d415713ddf20ab730abe29547c14f,3369a1508281082433c78fe0083966801b3d7085c521919558dc1265ecbee42f,streaming-long-csv-v1,blocked,Electricity,512,336,42,0.0,0,0,0,0.0,0.0,0.0,0.0,0
1.0,2026-09-20T11:53:36.910358+00:00,97ff94ac46223bbf5ff537ca65743299fdf36803,c6bca509e59ec251e77845d15018f1e4371d415713ddf20ab730abe29547c14f,3369a1508281082433c78fe0083966801b3d7085c521919558dc1265ecbee42f,streaming-long-csv-v1,blocked,Electricity,512,336,42,0.005,15427,15251,15763,0.9775060195159042,0.9663540742618173,0.998796096819161,3.980968089830616,5
1.0,2026-09-20T11:53:36.910358+00:00,97ff94ac46223bbf5ff537ca65743299fdf36803,c6bca509e59ec251e77845d15018f1e4371d415713ddf20ab730abe29547c14f,3369a1508281082433c78fe0083966801b3d7085c521919558dc1265ecbee42f,streaming-long-csv-v1,blocked,Electricity,512,336,42,0.01,15427,15251,15763,0.9775060195159042,0.9663540742618173,0.998796096819161,8.015733045740024,10
1.0,2026-09-20T11:53:36.910358+00:00,97ff94ac46223bbf5ff537ca65743299fdf36803,c6bca509e59ec251e77845d15018f1e4371d415713ddf20ab730abe29547c14f,3369a1508281082433c78fe0083966801b3d7085c521919558dc1265ecbee42f,streaming-long-csv-v1,blocked,Electricity,512,336,42,0.02,15427,15251,15763,0.9775060195159042,0.9663540742618173,0.998796096819161,16.03146609148005,20
1.0,2026-09-20T11:53:36.910358+00:00,97ff94ac46223bbf5ff537ca65743299fdf36803,c6bca509e59ec251e77845d15018f1e4371d415713ddf20ab730abe29547c14f,3369a1508281082433c78fe0083966801b3d7085c521919558dc1265ecbee42f,streaming-long-csv-v1,blocked,Electricity,512,336,42,0.05,15427,15251,15763,0.9775060195159042,0.9663540742618173,0.998796096819161,40.132462094778916,48
1.0,2026-09-20T11:53:36.910358+00:00,97ff94ac46223bbf5ff537ca65743299fdf36803,c6bca509e59ec251e77845d15018f1e4371d415713ddf20ab730abe29547c14f,3369a1508281082433c78fe0083966801b3d7085c521919558dc1265ecbee42f,streaming-long-csv-v1,blocked,Electricity,512,336,42,0.1,15439,15263,15775,0.9782663794195919,0.967114434165505,0.9995564567228488,80.25762282091918,94
1.0,2026-09-20T11:53:36.910358+00:00,97ff94ac46223bbf5ff537ca65743299fdf36803,c6bca509e59ec251e77845d15018f1e4371d415713ddf20ab730abe29547c14f,3369a1508281082433c78fe0083966801b3d7085c521919558dc1265ecbee42f,streaming-long-csv-v1,blocked,Electricity,512,336,42,0.2,15439,15263,15775,0.9782663794195919,0.967114434165505,0.9995564567228488,160.56900158478606,181
1.0,2026-09-20T11:53:36.910358+00:00,97ff94ac46223bbf5ff537ca65743299fdf36803,c6bca509e59ec251e77845d15018f1e4371d415713ddf20ab730abe29547c14f,3369a1508281082433c78fe0083966801b3d7085c521919558dc1265ecbee42f,streaming-long-csv-v1,blocked,Electricity,512,336,42,0.5,15441,15265,15777,0.9783931060702066,0.9672411608161197,0.9996831833734634,401.3447423464537,436
1.0,2026-09-20T11:53:36.910358+00:00,97ff94ac46223bbf5ff537ca65743299fdf36803,c6bca509e59ec251e77845d15018f1e4371d415713ddf20ab730abe29547c14f,3369a1508281082433c78fe0083966801b3d7085c521919558dc1265ecbee42f,streaming-long-csv-v1,blocked,Electricity,512,336,42,1.0,15446,15270,15782,0.9787099226967432,0.9675579774426561,1.0,802.4889114180712,848
1.0,2026-09-20T11:53:36.910358+00:00,97ff94ac46223bbf5ff537ca65743299fdf36803,c6bca509e59ec251e77845d15018f1e4371d415713ddf20ab730abe29547c14f,3369a1508281082433c78fe0083966801b3d7085c521919558dc1265ecbee42f,streaming-long-csv-v1,blocked,Electricity,512,720,42,0.0,0,0,0,0.0,0.0,0.0,0.0,0
1.0,2026-09-20T11:53:36.910358+00:00,97ff94ac46223bbf5ff537ca65743299fdf36803,c6bca509e59ec251e77845d15018f1e4371d415713ddf20ab730abe29547c14f,3369a1508281082433c78fe0083966801b3d7085c521919558dc1265ecbee42f,streaming-long-csv-v1,blocked,Electricity,512,720,42,0.005,14985,15193,15705,0.9494994297300723,0.9626790013939932,0.995121023951337,5.648137535816619,8
1.0,2026-09-20T11:53:36.910358+00:00,97ff94ac46223bbf5ff537ca65743299fdf36803,c6bca509e59ec251e77845d15018f1e4371d415713ddf20ab730abe29547c14f,3369a1508281082433c78fe0083966801b3d7085c521919558dc1265ecbee42f,streaming-long-csv-v1,blocked,Electricity,512,720,42,0.01,14993,15201,15713,0.9500063363325307,0.9631859079964517,0.9956279305537955,11.368930185196971,14
1.0,2026-09-20T11:53:36.910358+00:00,97ff94ac46223bbf5ff537ca65743299fdf36803,c6bca509e59ec251e77845d15018f1e4371d415713ddf20ab730abe29547c14f,3369a1508281082433c78fe0083966801b3d7085c521919558dc1265ecbee42f,streaming-long-csv-v1,blocked,Electricity,512,720,42,0.02,15015,15223,15735,0.9514003294892917,0.9645799011532126,0.9970219237105563,22.784366062917062,28
1.0,2026-09-20T11:53:36.910358+00:00,97ff94ac46223bbf5ff537ca65743299fdf36803,c6bca509e59ec251e77845d15018f1e4371d415713ddf20ab730abe29547c14f,3369a1508281082433c78fe0083966801b3d7085c521919558dc1265ecbee42f,streaming-long-csv-v1,blocked,Electricity,512,720,42,0.05,15015,15223,15735,0.9514003294892917,0.9645799011532126,0.9970219237105563,56.92176676199555,66
1.0,2026-09-20T11:53:36.910358+00:00,97ff94ac46223bbf5ff537ca65743299fdf36803,c6bca509e59ec251e77845d15018f1e4371d415713ddf20ab730abe29547c14f,3369a1508281082433c78fe0083966801b3d7085c521919558dc1265ecbee42f,streaming-long-csv-v1,blocked,Electricity,512,720,42,0.1,15040,15248,15760,0.9529844126219744,0.9661639842858953,0.9986060068432391,113.74111675126903,130
1.0,2026-09-20T11:53:36.910358+00:00,97ff94ac46223bbf5ff537ca65743299fdf36803,c6bca509e59ec251e77845d15018f1e4371d415713ddf20ab730abe29547c14f,3369a1508281082433c78fe0083966801b3d7085c521919558dc1265ecbee42f,streaming-long-csv-v1,blocked,Electricity,512,720,42,0.2,15047,15255,15767,0.9534279558991255,0.9666075275630465,0.9990495501203903,227.38123929726643,255
1.0,2026-09-20T11:53:36.910358+00:00,97ff94ac46223bbf5ff537ca65743299fdf36803,c6bca509e59ec251e77845d15018f1e4371d415713ddf20ab730abe29547c14f,3369a1508281082433c78fe0083966801b3d7085c521919558dc1265ecbee42f,streaming-long-csv-v1,blocked,Electricity,512,720,42,0.5,15055,15263,15775,0.9539348625015841,0.967114434165505,0.9995564567228488,568.1648177496038,628
1.0,2026-09-20T11:53:36.910358+00:00,97ff94ac46223bbf5ff537ca65743299fdf36803,c6bca509e59ec251e77845d15018f1e4371d415713ddf20ab730abe29547c14f,3369a1508281082433c78fe0083966801b3d7085c521919558dc1265ecbee42f,streaming-long-csv-v1,blocked,Electricity,512,720,42,1.0,15062,15270,15782,0.9543784057787352,0.9675579774426561,1.0,1135.9036877455328,1232
1.0,2026-09-20T11:53:36.910358+00:00,97ff94ac46223bbf5ff537ca65743299fdf36803,eca59887b0ae3eb1420a03dc6ec2db610b3f47b7df21ed58912a5b533dbf739b,3369a1508281082433c78fe0083966801b3d7085c521919558dc1265ecbee42f,streaming-long-csv-v1,blocked,Traffic,256,96,42,0.0,0,0,0,0.0,0.0,0.0,0.0,0
1.0,2026-09-20T11:53:36.910358+00:00,97ff94ac46223bbf5ff537ca65743299fdf36803,eca59887b0ae3eb1420a03dc6ec2db610b3f47b7df21ed58912a5b533dbf739b,3369a1508281082433c78fe0083966801b3d7085c521919558dc1265ecbee42f,streaming-long-csv-v1,blocked,Traffic,256,96,42,0.005,10150,4800,10415,0.964278928367851,0.4560136804104123,0.9894546836405093,1.6898703792606817,3
1.0,2026-09-20T11:53:36.910358+00:00,97ff94ac46223bbf5ff537ca65743299fdf36803,eca59887b0ae3eb1420a03dc6ec2db610b3f47b7df21ed58912a5b533dbf739b,3369a1508281082433c78fe0083966801b3d7085c521919558dc1265ecbee42f,streaming-long-csv-v1,blocked,Traffic,256,96,42,0.01,10357,8206,10453,0.9839445183355501,0.779593387801634,0.9930647919437583,3.401128862527504,5
1.0,2026-09-20T11:53:36.910358+00:00,97ff94ac46223bbf5ff537ca65743299fdf36803,eca59887b0ae3eb1420a03dc6ec2db610b3f47b7df21ed58912a5b533dbf739b,3369a1508281082433c78fe0083966801b3d7085c521919558dc1265ecbee42f,streaming-long-csv-v1,blocked,Traffic,256,96,42,0.02,10395,9768,10491,0.9875546266387991,0.927987839635189,0.9966749002470074,6.811171480316462,10
1.0,2026-09-20T11:53:36.910358+00:00,97ff94ac46223bbf5ff537ca65743299fdf36803,eca59887b0ae3eb1420a03dc6ec2db610b3f47b7df21ed58912a5b533dbf739b,3369a1508281082433c78fe0083966801b3d7085c521919558dc1265ecbee42f,streaming-long-csv-v1,blocked,Traffic,256,96,42,0.05,10395,10223,10491,0.9875546266387991,0.9712141364240927,0.9966749002470074,17.044704985225433,22
1.0,2026-09-20T11:53:36.910358+00:00,97ff94ac46223bbf5ff537ca65743299fdf36803,eca59887b0ae3eb1420a03dc6ec2db610b3f47b7df21ed58912a5b533dbf739b,3369a1508281082433c78fe0083966801b3d7085c521919558dc1265ecbee42f,streaming-long-csv-v1,blocked,Traffic,256,96,42,0.1,10417,10257,10513,0.9896446893406802,0.9744442333269998,0.9987649629488885,34.05155521734995,41
1.0,2026-09-20T11:53:36.910358+00:00,97ff94ac46223bbf5ff537ca65743299fdf36803,eca59887b0ae3eb1420a03dc6ec2db610b3f47b7df21ed58912a5b533dbf739b,3369a1508281082433c78fe0083966801b3d7085c521919558dc1265ecbee42f,streaming-long-csv-v1,blocked,Traffic,256,96,42,0.2,10417,10257,10513,0.9896446893406802,0.9744442333269998,0.9987649629488885,68.1365927898792,77
1.0,2026-09-20T11:53:36.910358+00:00,97ff94ac46223bbf5ff537ca65743299fdf36803,eca59887b0ae3eb1420a03dc6ec2db610b3f47b7df21ed58912a5b533dbf739b,3369a1508281082433c78fe0083966801b3d7085c521919558dc1265ecbee42f,streaming-long-csv-v1,blocked,Traffic,256,96,42,0.5,10423,10263,10519,0.9902147064411932,0.9750142504275128,0.9993349800494015,170.2275881737808,187
1.0,2026-09-20T11:53:36.910358+00:00,97ff94ac46223bbf5ff537ca65743299fdf36803,eca59887b0ae3eb1420a03dc6ec2db610b3f47b7df21ed58912a5b533dbf739b,3369a1508281082433c78fe0083966801b3d7085c521919558dc1265ecbee42f,streaming-long-csv-v1,blocked,Traffic,256,96,42,1.0,10430,10270,10526,0.9908797263917918,0.9756792703781113,1.0,340.262207866236,352
1.0,2026-09-20T11:53:36.910358+00:00,97ff94ac46223bbf5ff537ca65743299fdf36803,eca59887b0ae3eb1420a03dc6ec2db610b3f47b7df21ed58912a5b533dbf739b,3369a1508281082433c78fe0083966801b3d7085c521919558dc1265ecbee42f,streaming-long-csv-v1,blocked,Traffic,256,192,42,0.0,0,0,0,0.0,0.0,0.0,0.0,0
1.0,2026-09-20T11:53:36.910358+00:00,97ff94ac46223bbf5ff537ca65743299fdf36803,eca59887b0ae3eb1420a03dc6ec2db610b3f47b7df21ed58912a5b533dbf739b,3369a1508281082433c78fe0083966801b3d7085c521919558dc1265ecbee42f,streaming-long-csv-v1,blocked,Traffic,256,192,42,0.005,10083,9068,10419,0.9579137374121224,0.8614858445753373,0.9898346950408512,2.1499184182743067,3
1.0,2026-09-20T11:53:36.910358+00:00,97ff94ac46223bbf5ff537ca65743299fdf36803,eca59887b0ae3eb1420a03dc6ec2db610b3f47b7df21ed58912a5b533dbf739b,3369a1508281082433c78fe0083966801b3d7085c521919558dc1265ecbee42f,streaming-long-csv-v1,blocked,Traffic,256,192,42,0.01,10227,10163,10419,0.9715941478244348,0.9655139654189626,0.9898346950408512,4.2998368365486135,6
1.0,2026-09-20T11:53:36.910358+00:00,97ff94ac46223bbf5ff537ca65743299fdf36803,eca59887b0ae3eb1420a03dc6ec2db610b3f47b7df21ed58912a5b533dbf739b,3369a1508281082433c78fe0083966801b3d7085c521919558dc1265ecbee42f,streaming-long-csv-v1,blocked,Traffic,256,192,42,0.02,10229,10165,10421,0.9717841535246058,0.9657039711191335,0.9900247007410222,8.641013338451204,11
1.0,2026-09-20T11:53:36.910358+00:00,97ff94ac46223bbf5ff537ca65743299fdf36803,eca59887b0ae3eb1420a03dc6ec2db610b3f47b7df21ed58912a5b533dbf739b,3369a1508281082433c78fe0083966801b3d7085c521919558dc1265ecbee42f,streaming-long-csv-v1,blocked,Traffic,256,192,42,0.05,10322,10258,10514,0.9806194185825575,0.9745392361770853,0.998859965798974,21.432756324900133,28
1.0,2026-09-20T11:53:36.910358+00:00,97ff94ac46223bbf5ff537ca65743299fdf36803,eca59887b0ae3eb1420a03dc6ec2db610b3f47b7df21ed58912a5b533dbf739b,3369a1508281082433c78fe0083966801b3d7085c521919558dc1265ecbee42f,streaming-long-csv-v1,blocked,Traffic,256,192,42,0.1,10322,10258,10514,0.9806194185825575,0.9745392361770853,0.998859965798974,42.9081225033289,50
1.0,2026-09-20T11:53:36.910358+00:00,97ff94ac46223bbf5ff537ca65743299fdf36803,eca59887b0ae3eb1420a03dc6ec2db610b3f47b7df21ed58912a5b533dbf739b,3369a1508281082433c78fe0083966801b3d7085c521919558dc1265ecbee42f,streaming-long-csv-v1,blocked,Traffic,256,192,42,0.2,10322,10258,10514,0.9806194185825575,0.9745392361770853,0.998859965798974,85.85885486018641,96
1.0,2026-09-20T11:53:36.910358+00:00,97ff94ac46223bbf5ff537ca65743299fdf36803,eca59887b0ae3eb1420a03dc6ec2db610b3f47b7df21ed58912a5b533dbf739b,3369a1508281082433c78fe0083966801b3d7085c521919558dc1265ecbee42f,streaming-long-csv-v1,blocked,Traffic,256,192,42,0.5,10327,10263,10519,0.981094432832985,0.9750142504275128,0.9993349800494015,214.60899325030897,235
1.0,2026-09-20T11:53:36.910358+00:00,97ff94ac46223bbf5ff537ca65743299fdf36803,eca59887b0ae3eb1420a03dc6ec2db610b3f47b7df21ed58912a5b533dbf739b,3369a1508281082433c78fe0083966801b3d7085c521919558dc1265ecbee42f,streaming-long-csv-v1,blocked,Traffic,256,192,42,1.0,10334,10270,10526,0.9817594527835835,0.9756792703781113,1.0,428.9751092532776,448
1.0,2026-09-20T11:53:36.910358+00:00,97ff94ac46223bbf5ff537ca65743299fdf36803,eca59887b0ae3eb1420a03dc6ec2db610b3f47b7df21ed58912a5b533dbf739b,3369a1508281082433c78fe0083966801b3d7085c521919558dc1265ecbee42f,streaming-long-csv-v1,blocked,Traffic,256,336,42,0.0,0,0,0,0.0,0.0,0.0,0.0,0
1.0,2026-09-20T11:53:36.910358+00:00,97ff94ac46223bbf5ff537ca65743299fdf36803,eca59887b0ae3eb1420a03dc6ec2db610b3f47b7df21ed58912a5b533dbf739b,3369a1508281082433c78fe0083966801b3d7085c521919558dc1265ecbee42f,streaming-long-csv-v1,blocked,Traffic,256,336,42,0.005,9796,9899,10155,0.9306479194375832,0.9404332129963899,0.9647539426182785,2.856523879862137,4
1.0,2026-09-20T11:53:36.910358+00:00,97ff94ac46223bbf5ff537ca65743299fdf36803,eca59887b0ae3eb1420a03dc6ec2db610b3f47b7df21ed58912a5b533dbf739b,3369a1508281082433c78fe0083966801b3d7085c521919558dc1265ecbee42f,streaming-long-csv-v1,blocked,Traffic,256,336,42,0.01,10010,10090,10346,0.9509785293558807,0.9585787573627209,0.9828994869846095,5.664797989561183,7
1.0,2026-09-20T11:53:36.910358+00:00,97ff94ac46223bbf5ff537ca65743299fdf36803,eca59887b0ae3eb1420a03dc6ec2db610b3f47b7df21ed58912a5b533dbf739b,3369a1508281082433c78fe0083966801b3d7085c521919558dc1265ecbee42f,streaming-long-csv-v1,blocked,Traffic,256,336,42,0.02,10100,10180,10436,0.9595287858635759,0.9671290138704162,0.9914497434923047,11.231889612878497,14
1.0,2026-09-20T11:53:36.910358+00:00,97ff94ac46223bbf5ff537ca65743299fdf36803,eca59887b0ae3eb1420a03dc6ec2db610b3f47b7df21ed58912a5b533dbf739b,3369a1508281082433c78fe0083966801b3d7085c521919558dc1265ecbee42f,streaming-long-csv-v1,blocked,Traffic,256,336,42,0.05,10166,10246,10502,0.9657989739692191,0.9733992019760593,0.9977199315979479,27.959626737764236,34
1.0,2026-09-20T11:53:36.910358+00:00,97ff94ac46223bbf5ff537ca65743299fdf36803,eca59887b0ae3eb1420a03dc6ec2db610b3f47b7df21ed58912a5b533dbf739b,3369a1508281082433c78fe0083966801b3d7085c521919558dc1265ecbee42f,streaming-long-csv-v1,blocked,Traffic,256,336,42,0.1,10177,10257,10513,0.9668440053201596,0.9744442333269998,0.9987649629488885,55.917055074669456,65
1.0,2026-09-20T11:53:36.910358+00:00,97ff94ac46223bbf5ff537ca65743299fdf36803,eca59887b0ae3eb1420a03dc6ec2db610b3f47b7df21ed58912a5b533dbf739b,3369a1508281082433c78fe0083966801b3d7085c521919558dc1265ecbee42f,streaming-long-csv-v1,blocked,Traffic,256,336,42,0.2,10179,10259,10515,0.9670340110203306,0.9746342390271708,0.9989549686490595,111.86913932477414,127
1.0,2026-09-20T11:53:36.910358+00:00,97ff94ac46223bbf5ff537ca65743299fdf36803,eca59887b0ae3eb1420a03dc6ec2db610b3f47b7df21ed58912a5b533dbf739b,3369a1508281082433c78fe0083966801b3d7085c521919558dc1265ecbee42f,streaming-long-csv-v1,blocked,Traffic,256,336,42,0.5,10182,10262,10518,0.9673190195705871,0.9749192475774273,0.999239977199316,279.56493629967673,308
1.0,2026-09-20T11:53:36.910358+00:00,97ff94ac46223bbf5ff537ca65743299fdf36803,eca59887b0ae3eb1420a03dc6ec2db610b3f47b7df21ed58912a5b533dbf739b,3369a1508281082433c78fe0083966801b3d7085c521919558dc1265ecbee42f,streaming-long-csv-v1,blocked,Traffic,256,336,42,1.0,10190,10270,10526,0.9680790423712712,0.9756792703781113,1.0,558.761162834885,592
1.0,2026-09-20T11:53:36.910358+00:00,97ff94ac46223bbf5ff537ca65743299fdf36803,eca59887b0ae3eb1420a03dc6ec2db610b3f47b7df21ed58912a5b533dbf739b,3369a1508281082433c78fe0083966801b3d7085c521919558dc1265ecbee42f,streaming-long-csv-v1,blocked,Traffic,256,720,42,0.0,0,0,0,0.0,0.0,0.0,0.0,0
1.0,2026-09-20T11:53:36.910358+00:00,97ff94ac46223bbf5ff537ca65743299fdf36803,eca59887b0ae3eb1420a03dc6ec2db610b3f47b7df21ed58912a5b533dbf739b,3369a1508281082433c78fe0083966801b3d7085c521919558dc1265ecbee42f,streaming-long-csv-v1,blocked,Traffic,256,720,42,0.005,9214,10070,10326,0.8753562606878207,0.9566787003610109,0.9809994299828995,4.442378462134418,6
1.0,2026-09-20T11:53:36.910358+00:00,97ff94ac46223bbf5ff537ca65743299fdf36803,eca59887b0ae3eb1420a03dc6ec2db610b3f47b7df21ed58912a5b533dbf739b,3369a1508281082433c78fe0083966801b3d7085c521919558dc1265ecbee42f,streaming-long-csv-v1,blocked,Traffic,256,720,42,0.01,9650,10114,10370,0.9167775033250998,0.960858825764773,0.9851795553866616,8.941176470588236,11
1.0,2026-09-20T11:53:36.910358+00:00,97ff94ac46223bbf5ff537ca65743299fdf36803,eca59887b0ae3eb1420a03dc6ec2db610b3f47b7df21ed58912a5b533dbf739b,3369a1508281082433c78fe0083966801b3d7085c521919558dc1265ecbee42f,streaming-long-csv-v1,blocked,Traffic,256,720,42,0.02,9687,10151,10407,0.9202926087782634,0.9643739312179366,0.9886946608398252,17.912558854617085,22
1.0,2026-09-20T11:53:36.910358+00:00,97ff94ac46223bbf5ff537ca65743299fdf36803,eca59887b0ae3eb1420a03dc6ec2db610b3f47b7df21ed58912a5b533dbf739b,3369a1508281082433c78fe0083966801b3d7085c521919558dc1265ecbee42f,streaming-long-csv-v1,blocked,Traffic,256,720,42,0.05,9792,10256,10512,0.9302679080372411,0.9743492304769144,0.9986699600988029,44.28767123287671,54
1.0,2026-09-20T11:53:36.910358+00:00,97ff94ac46223bbf5ff537ca65743299fdf36803,eca59887b0ae3eb1420a03dc6ec2db610b3f47b7df21ed58912a5b533dbf739b,3369a1508281082433c78fe0083966801b3d7085c521919558dc1265ecbee42f,streaming-long-csv-v1,blocked,Traffic,256,720,42,0.1,9792,10256,10512,0.9302679080372411,0.9743492304769144,0.9986699600988029,88.66818873668188,104
1.0,2026-09-20T11:53:36.910358+00:00,97ff94ac46223bbf5ff537ca65743299fdf36803,eca59887b0ae3eb1420a03dc6ec2db610b3f47b7df21ed58912a5b533dbf739b,3369a1508281082433c78fe0083966801b3d7085c521919558dc1265ecbee42f,streaming-long-csv-v1,blocked,Traffic,256,720,42,0.2,9794,10258,10514,0.9304579137374122,0.9745392361770853,0.998859965798974,177.3026440935895,204
1.0,2026-09-20T11:53:36.910358+00:00,97ff94ac46223bbf5ff537ca65743299fdf36803,eca59887b0ae3eb1420a03dc6ec2db610b3f47b7df21ed58912a5b533dbf739b,3369a1508281082433c78fe0083966801b3d7085c521919558dc1265ecbee42f,streaming-long-csv-v1,blocked,Traffic,256,720,42,0.5,9798,10262,10518,0.9308379251377541,0.9749192475774273,0.999239977199316,443.08803955124546,498
1.0,2026-09-20T11:53:36.910358+00:00,97ff94ac46223bbf5ff537ca65743299fdf36803,eca59887b0ae3eb1420a03dc6ec2db610b3f47b7df21ed58912a5b533dbf739b,3369a1508281082433c78fe0083966801b3d7085c521919558dc1265ecbee42f,streaming-long-csv-v1,blocked,Traffic,256,720,42,1.0,9806,10270,10526,0.9315979479384382,0.9756792703781113,1.0,885.5952878586357,976
1.0,2026-09-20T11:53:36.910358+00:00,97ff94ac46223bbf5ff537ca65743299fdf36803,eca59887b0ae3eb1420a03dc6ec2db610b3f47b7df21ed58912a5b533dbf739b,3369a1508281082433c78fe0083966801b3d7085c521919558dc1265ecbee42f,streaming-long-csv-v1,blocked,Traffic,512,96,42,0.0,0,0,0,0.0,0.0,0.0,0.0,0
1.0,2026-09-20T11:53:36.910358+00:00,97ff94ac46223bbf5ff537ca65743299fdf36803,eca59887b0ae3eb1420a03dc6ec2db610b3f47b7df21ed58912a5b533dbf739b,3369a1508281082433c78fe0083966801b3d7085c521919558dc1265ecbee42f,streaming-long-csv-v1,blocked,Traffic,512,96,42,0.005,10060,4704,10156,0.9557286718601558,0.4468934068022041,0.9648489454683641,2.933438361559669,4
1.0,2026-09-20T11:53:36.910358+00:00,97ff94ac46223bbf5ff537ca65743299fdf36803,eca59887b0ae3eb1420a03dc6ec2db610b3f47b7df21ed58912a5b533dbf739b,3369a1508281082433c78fe0083966801b3d7085c521919558dc1265ecbee42f,streaming-long-csv-v1,blocked,Traffic,512,96,42,0.01,10250,8098,10346,0.9737792133764013,0.7693330799923997,0.9828994869846095,5.817900637927702,7
1.0,2026-09-20T11:53:36.910358+00:00,97ff94ac46223bbf5ff537ca65743299fdf36803,eca59887b0ae3eb1420a03dc6ec2db610b3f47b7df21ed58912a5b533dbf739b,3369a1508281082433c78fe0083966801b3d7085c521919558dc1265ecbee42f,streaming-long-csv-v1,blocked,Traffic,512,96,42,0.02,10340,9542,10436,0.9823294698840965,0.9065171955158655,0.9914497434923047,11.535454197010349,14
1.0,2026-09-20T11:53:36.910358+00:00,97ff94ac46223bbf5ff537ca65743299fdf36803,eca59887b0ae3eb1420a03dc6ec2db610b3f47b7df21ed58912a5b533dbf739b,3369a1508281082433c78fe0083966801b3d7085c521919558dc1265ecbee42f,streaming-long-csv-v1,blocked,Traffic,512,96,42,0.05,10406,9983,10502,0.9885996579897397,0.9484134524035721,0.9977199315979479,28.65739859074462,35
1.0,2026-09-20T11:53:36.910358+00:00,97ff94ac46223bbf5ff537ca65743299fdf36803,eca59887b0ae3eb1420a03dc6ec2db610b3f47b7df21ed58912a5b533dbf739b,3369a1508281082433c78fe0083966801b3d7085c521919558dc1265ecbee42f,streaming-long-csv-v1,blocked,Traffic,512,96,42,0.1,10417,10001,10513,0.9896446893406802,0.9501235037051111,0.9987649629488885,57.312660515552174,67
1.0,2026-09-20T11:53:36.910358+00:00,97ff94ac46223bbf5ff537ca65743299fdf36803,eca59887b0ae3eb1420a03dc6ec2db610b3f47b7df21ed58912a5b533dbf739b,3369a1508281082433c78fe0083966801b3d7085c521919558dc1265ecbee42f,streaming-long-csv-v1,blocked,Traffic,512,96,42,0.2,10419,10003,10515,0.9898346950408512,0.9503135094052821,0.9989549686490595,114.66134094151212,129
1.0,2026-09-20T11:53:36.910358+00:00,97ff94ac46223bbf5ff537ca65743299fdf36803,eca59887b0ae3eb1420a03dc6ec2db610b3f47b7df21ed58912a5b533dbf739b,3369a1508281082433c78fe0083966801b3d7085c521919558dc1265ecbee42f,streaming-long-csv-v1,blocked,Traffic,512,96,42,0.5,10422,10006,10518,0.9901197035911077,0.9505985179555386,0.999239977199316,286.65830005704504,317
1.0,2026-09-20T11:53:36.910358+00:00,97ff94ac46223bbf5ff537ca65743299fdf36803,eca59887b0ae3eb1420a03dc6ec2db610b3f47b7df21ed58912a5b533dbf739b,3369a1508281082433c78fe0083966801b3d7085c521919558dc1265ecbee42f,streaming-long-csv-v1,blocked,Traffic,512,96,42,1.0,10430,10014,10526,0.9908797263917918,0.9513585407562227,1.0,572.9386281588447,608
1.0,2026-09-20T11:53:36.910358+00:00,97ff94ac46223bbf5ff537ca65743299fdf36803,eca59887b0ae3eb1420a03dc6ec2db610b3f47b7df21ed58912a5b533dbf739b,3369a1508281082433c78fe0083966801b3d7085c521919558dc1265ecbee42f,streaming-long-csv-v1,blocked,Traffic,512,192,42,0.0,0,0,0,0.0,0.0,0.0,0.0,0
1.0,2026-09-20T11:53:36.910358+00:00,97ff94ac46223bbf5ff537ca65743299fdf36803,eca59887b0ae3eb1420a03dc6ec2db610b3f47b7df21ed58912a5b533dbf739b,3369a1508281082433c78fe0083966801b3d7085c521919558dc1265ecbee42f,streaming-long-csv-v1,blocked,Traffic,512,192,42,0.005,9890,8754,10082,0.9395781873456204,0.8316549496484894,0.9578187345620368,3.421543344574489,5
1.0,2026-09-20T11:53:36.910358+00:00,97ff94ac46223bbf5ff537ca65743299fdf36803,eca59887b0ae3eb1420a03dc6ec2db610b3f47b7df21ed58912a5b533dbf739b,3369a1508281082433c78fe0083966801b3d7085c521919558dc1265ecbee42f,streaming-long-csv-v1,blocked,Traffic,512,192,42,0.01,10074,9698,10266,0.9570587117613528,0.9213376401292038,0.9752992589777694,6.720436391973505,9
1.0,2026-09-20T11:53:36.910358+00:00,97ff94ac46223bbf5ff537ca65743299fdf36803,eca59887b0ae3eb1420a03dc6ec2db610b3f47b7df21ed58912a5b533dbf739b,3369a1508281082433c78fe0083966801b3d7085c521919558dc1265ecbee42f,streaming-long-csv-v1,blocked,Traffic,512,192,42,0.02,10245,9925,10437,0.9733041991259738,0.9429032870986129,0.9915447463423903,13.220657276995306,16
1.0,2026-09-20T11:53:36.910358+00:00,97ff94ac46223bbf5ff537ca65743299fdf36803,eca59887b0ae3eb1420a03dc6ec2db610b3f47b7df21ed58912a5b533dbf739b,3369a1508281082433c78fe0083966801b3d7085c521919558dc1265ecbee42f,streaming-long-csv-v1,blocked,Traffic,512,192,42,0.05,10310,9990,10502,0.9794793843815315,0.9490784723541706,0.9977199315979479,32.9141115977909,40
1.0,2026-09-20T11:53:36.910358+00:00,97ff94ac46223bbf5ff537ca65743299fdf36803,eca59887b0ae3eb1420a03dc6ec2db610b3f47b7df21ed58912a5b533dbf739b,3369a1508281082433c78fe0083966801b3d7085c521919558dc1265ecbee42f,streaming-long-csv-v1,blocked,Traffic,512,192,42,0.1,10318,9998,10510,0.9802394071822155,0.9498384951548546,0.9984799543986319,65.77811607992388,76
1.0,2026-09-20T11:53:36.910358+00:00,97ff94ac46223bbf5ff537ca65743299fdf36803,eca59887b0ae3eb1420a03dc6ec2db610b3f47b7df21ed58912a5b533dbf739b,3369a1508281082433c78fe0083966801b3d7085c521919558dc1265ecbee42f,streaming-long-csv-v1,blocked,Traffic,512,192,42,0.2,10318,9998,10510,0.9802394071822155,0.9498384951548546,0.9984799543986319,131.55623215984775,148
1.0,2026-09-20T11:53:36.910358+00:00,97ff94ac46223bbf5ff537ca65743299fdf36803,eca59887b0ae3eb1420a03dc6ec2db610b3f47b7df21ed58912a5b533dbf739b,3369a1508281082433c78fe0083966801b3d7085c521919558dc1265ecbee42f,streaming-long-csv-v1,blocked,Traffic,512,192,42,0.5,10326,10006,10518,0.9809994299828995,0.9505985179555386,0.999239977199316,328.70735881346263,365
1.0,2026-09-20T11:53:36.910358+00:00,97ff94ac46223bbf5ff537ca65743299fdf36803,eca59887b0ae3eb1420a03dc6ec2db610b3f47b7df21ed58912a5b533dbf739b,3369a1508281082433c78fe0083966801b3d7085c521919558dc1265ecbee42f,streaming-long-csv-v1,blocked,Traffic,512,192,42,1.0,10334,10014,10526,0.9817594527835835,0.9513585407562227,1.0,656.9819494584838,704
1.0,2026-09-20T11:53:36.910358+00:00,97ff94ac46223bbf5ff537ca65743299fdf36803,eca59887b0ae3eb1420a03dc6ec2db610b3f47b7df21ed58912a5b533dbf739b,3369a1508281082433c78fe0083966801b3d7085c521919558dc1265ecbee42f,streaming-long-csv-v1,blocked,Traffic,512,336,42,0.0,0,0,0,0.0,0.0,0.0,0.0,0
1.0,2026-09-20T11:53:36.910358+00:00,97ff94ac46223bbf5ff537ca65743299fdf36803,eca59887b0ae3eb1420a03dc6ec2db610b3f47b7df21ed58912a5b533dbf739b,3369a1508281082433c78fe0083966801b3d7085c521919558dc1265ecbee42f,streaming-long-csv-v1,blocked,Traffic,512,336,42,0.005,9846,9567,10182,0.9353980619418583,0.908892266768003,0.9673190195705871,3.9976428992339423,5
1.0,2026-09-20T11:53:36.910358+00:00,97ff94ac46223bbf5ff537ca65743299fdf36803,eca59887b0ae3eb1420a03dc6ec2db610b3f47b7df21ed58912a5b533dbf739b,3369a1508281082433c78fe0083966801b3d7085c521919558dc1265ecbee42f,streaming-long-csv-v1,blocked,Traffic,512,336,42,0.01,10115,9939,10451,0.9609538286148585,0.94423332699981,0.9928747862435873,7.789493828341786,10
1.0,2026-09-20T11:53:36.910358+00:00,97ff94ac46223bbf5ff537ca65743299fdf36803,eca59887b0ae3eb1420a03dc6ec2db610b3f47b7df21ed58912a5b533dbf739b,3369a1508281082433c78fe0083966801b3d7085c521919558dc1265ecbee42f,streaming-long-csv-v1,blocked,Traffic,512,336,42,0.02,10115,9939,10451,0.9609538286148585,0.94423332699981,0.9928747862435873,15.660128217395464,20
1.0,2026-09-20T11:53:36.910358+00:00,97ff94ac46223bbf5ff537ca65743299fdf36803,eca59887b0ae3eb1420a03dc6ec2db610b3f47b7df21ed58912a5b533dbf739b,3369a1508281082433c78fe0083966801b3d7085c521919558dc1265ecbee42f,streaming-long-csv-v1,blocked,Traffic,512,336,42,0.05,10179,10003,10515,0.9670340110203306,0.9503135094052821,0.9989549686490595,38.952353780313835,47
1.0,2026-09-20T11:53:36.910358+00:00,97ff94ac46223bbf5ff537ca65743299fdf36803,eca59887b0ae3eb1420a03dc6ec2db610b3f47b7df21ed58912a5b533dbf739b,3369a1508281082433c78fe0083966801b3d7085c521919558dc1265ecbee42f,streaming-long-csv-v1,blocked,Traffic,512,336,42,0.1,10179,10003,10515,0.9670340110203306,0.9503135094052821,0.9989549686490595,77.98535425582502,90
1.0,2026-09-20T11:53:36.910358+00:00,97ff94ac46223bbf5ff537ca65743299fdf36803,eca59887b0ae3eb1420a03dc6ec2db610b3f47b7df21ed58912a5b533dbf739b,3369a1508281082433c78fe0083966801b3d7085c521919558dc1265ecbee42f,streaming-long-csv-v1,blocked,Traffic,512,336,42,0.2,10179,10003,10515,0.9670340110203306,0.9503135094052821,0.9989549686490595,156.05135520684735,178
1.0,2026-09-20T11:53:36.910358+00:00,97ff94ac46223bbf5ff537ca65743299fdf36803,eca59887b0ae3eb1420a03dc6ec2db610b3f47b7df21ed58912a5b533dbf739b,3369a1508281082433c78fe0083966801b3d7085c521919558dc1265ecbee42f,streaming-long-csv-v1,blocked,Traffic,512,336,42,0.5,10183,10007,10519,0.9674140224206726,0.9506935208056242,0.9993349800494015,390.10096016731626,436
1.0,2026-09-20T11:53:36.910358+00:00,97ff94ac46223bbf5ff537ca65743299fdf36803,eca59887b0ae3eb1420a03dc6ec2db610b3f47b7df21ed58912a5b533dbf739b,3369a1508281082433c78fe0083966801b3d7085c521919558dc1265ecbee42f,streaming-long-csv-v1,blocked,Traffic,512,336,42,1.0,10190,10014,10526,0.9680790423712712,0.9513585407562227,1.0,779.7636329089872,848
1.0,2026-09-20T11:53:36.910358+00:00,97ff94ac46223bbf5ff537ca65743299fdf36803,eca59887b0ae3eb1420a03dc6ec2db610b3f47b7df21ed58912a5b533dbf739b,3369a1508281082433c78fe0083966801b3d7085c521919558dc1265ecbee42f,streaming-long-csv-v1,blocked,Traffic,512,720,42,0.0,0,0,0,0.0,0.0,0.0,0.0,0
1.0,2026-09-20T11:53:36.910358+00:00,97ff94ac46223bbf5ff537ca65743299fdf36803,eca59887b0ae3eb1420a03dc6ec2db610b3f47b7df21ed58912a5b533dbf739b,3369a1508281082433c78fe0083966801b3d7085c521919558dc1265ecbee42f,streaming-long-csv-v1,blocked,Traffic,512,720,42,0.005,9763,9971,10483,0.9275128253847615,0.9472734182025461,0.9959148774463233,5.406086044071354,7
1.0,2026-09-20T11:53:36.910358+00:00,97ff94ac46223bbf5ff537ca65743299fdf36803,eca59887b0ae3eb1420a03dc6ec2db610b3f47b7df21ed58912a5b533dbf739b,3369a1508281082433c78fe0083966801b3d7085c521919558dc1265ecbee42f,streaming-long-csv-v1,blocked,Traffic,512,720,42,0.01,9763,9971,10483,0.9275128253847615,0.9472734182025461,0.9959148774463233,10.812172088142708,14
1.0,2026-09-20T11:53:36.910358+00:00,97ff94ac46223bbf5ff537ca65743299fdf36803,eca59887b0ae3eb1420a03dc6ec2db610b3f47b7df21ed58912a5b533dbf739b,3369a1508281082433c78fe0083966801b3d7085c521919558dc1265ecbee42f,streaming-long-csv-v1,blocked,Traffic,512,720,42,0.02,9763,9971,10483,0.9275128253847615,0.9472734182025461,0.9959148774463233,21.74186778593914,27
1.0,2026-09-20T11:53:36.910358+00:00,97ff94ac46223bbf5ff537ca65743299fdf36803,eca59887b0ae3eb1420a03dc6ec2db610b3f47b7df21ed58912a5b533dbf739b,3369a1508281082433c78fe0083966801b3d7085c521919558dc1265ecbee42f,streaming-long-csv-v1,blocked,Traffic,512,720,42,0.05,9774,9982,10494,0.9285578567357021,0.9483184495534867,0.9969599087972639,54.473794549266245,66
1.0,2026-09-20T11:53:36.910358+00:00,97ff94ac46223bbf5ff537ca65743299fdf36803,eca59887b0ae3eb1420a03dc6ec2db610b3f47b7df21ed58912a5b533dbf739b,3369a1508281082433c78fe0083966801b3d7085c521919558dc1265ecbee42f,streaming-long-csv-v1,blocked,Traffic,512,720,42,0.1,9799,10007,10519,0.9309329279878397,0.9506935208056242,0.9993349800494015,108.8057800171119,128
1.0,2026-09-20T11:53:36.910358+00:00,97ff94ac46223bbf5ff537ca65743299fdf36803,eca59887b0ae3eb1420a03dc6ec2db610b3f47b7df21ed58912a5b533dbf739b,3369a1508281082433c78fe0083966801b3d7085c521919558dc1265ecbee42f,streaming-long-csv-v1,blocked,Traffic,512,720,42,0.2,9799,10007,10519,0.9309329279878397,0.9506935208056242,0.9993349800494015,217.72868143359634,253
1.0,2026-09-20T11:53:36.910358+00:00,97ff94ac46223bbf5ff537ca65743299fdf36803,eca59887b0ae3eb1420a03dc6ec2db610b3f47b7df21ed58912a5b533dbf739b,3369a1508281082433c78fe0083966801b3d7085c521919558dc1265ecbee42f,streaming-long-csv-v1,blocked,Traffic,512,720,42,0.5,9800,10008,10520,0.9310279308379251,0.9507885236557096,0.999429982899487,544.2114068441065,625
1.0,2026-09-20T11:53:36.910358+00:00,97ff94ac46223bbf5ff537ca65743299fdf36803,eca59887b0ae3eb1420a03dc6ec2db610b3f47b7df21ed58912a5b533dbf739b,3369a1508281082433c78fe0083966801b3d7085c521919558dc1265ecbee42f,streaming-long-csv-v1,blocked,Traffic,512,720,42,1.0,9806,10014,10526,0.9315979479384382,0.9513585407562227,1.0,1087.9194375831275,1232
1.0,2026-09-20T11:53:36.910358+00:00,97ff94ac46223bbf5ff537ca65743299fdf36803,a7cde2c992691bbee21219cc4fa3bcd03be3353f134bc2268342ef21bf3bbc96,3369a1508281082433c78fe0083966801b3d7085c521919558dc1265ecbee42f,streaming-long-csv-v1,blocked,PEMS08,256,96,42,0.0,0,0,0,0.0,0.0,0.0,0.0,0
1.0,2026-09-20T11:53:36.910358+00:00,97ff94ac46223bbf5ff537ca65743299fdf36803,a7cde2c992691bbee21219cc4fa3bcd03be3353f134bc2268342ef21bf3bbc96,3369a1508281082433c78fe0083966801b3d7085c521919558dc1265ecbee42f,streaming-long-csv-v1,blocked,PEMS08,256,96,42,0.005,10387,4896,10596,0.9695696816951368,0.4570148417810137,0.9890786894427331,1.694224235560589,3
1.0,2026-09-20T11:53:36.910358+00:00,97ff94ac46223bbf5ff537ca65743299fdf36803,a7cde2c992691bbee21219cc4fa3bcd03be3353f134bc2268342ef21bf3bbc96,3369a1508281082433c78fe0083966801b3d7085c521919558dc1265ecbee42f,streaming-long-csv-v1,blocked,PEMS08,256,96,42,0.01,10535,8221,10631,0.9833846728274059,0.7673854195836833,0.9923457481564455,3.4104035368262626,6
1.0,2026-09-20T11:53:36.910358+00:00,97ff94ac46223bbf5ff537ca65743299fdf36803,a7cde2c992691bbee21219cc4fa3bcd03be3353f134bc2268342ef21bf3bbc96,3369a1508281082433c78fe0083966801b3d7085c521919558dc1265ecbee42f,streaming-long-csv-v1,blocked,PEMS08,256,96,42,0.02,10593,9942,10689,0.9887986558387006,0.9280313637636516,0.9977597311677401,6.816727476845355,9
1.0,2026-09-20T11:53:36.910358+00:00,97ff94ac46223bbf5ff537ca65743299fdf36803,a7cde2c992691bbee21219cc4fa3bcd03be3353f134bc2268342ef21bf3bbc96,3369a1508281082433c78fe0083966801b3d7085c521919558dc1265ecbee42f,streaming-long-csv-v1,blocked,PEMS08,256,96,42,0.05,10593,10433,10689,0.9887986558387006,0.9738635302903015,0.9977597311677401,17.05828421741978,22
1.0,2026-09-20T11:53:36.910358+00:00,97ff94ac46223bbf5ff537ca65743299fdf36803,a7cde2c992691bbee21219cc4fa3bcd03be3353f134bc2268342ef21bf3bbc96,3369a1508281082433c78fe0083966801b3d7085c521919558dc1265ecbee42f,streaming-long-csv-v1,blocked,PEMS08,256,96,42,0.1,10594,10434,10690,0.9888920003733781,0.973956874824979,0.9978530757024177,34.1133769878391,41
1.0,2026-09-20T11:53:36.910358+00:00,97ff94ac46223bbf5ff537ca65743299fdf36803,a7cde2c992691bbee21219cc4fa3bcd03be3353f134bc2268342ef21bf3bbc96,3369a1508281082433c78fe0083966801b3d7085c521919558dc1265ecbee42f,streaming-long-csv-v1,blocked,PEMS08,256,96,42,0.2,10609,10449,10705,0.9902921683935405,0.9753570428451415,0.9992532437225801,68.13115366651098,78
1.0,2026-09-20T11:53:36.910358+00:00,97ff94ac46223bbf5ff537ca65743299fdf36803,a7cde2c992691bbee21219cc4fa3bcd03be3353f134bc2268342ef21bf3bbc96,3369a1508281082433c78fe0083966801b3d7085c521919558dc1265ecbee42f,streaming-long-csv-v1,blocked,PEMS08,256,96,42,0.5,10610,10450,10706,0.9903855129282181,0.9754503873798189,0.9993465882572575,170.34485335325985,189
1.0,2026-09-20T11:53:36.910358+00:00,97ff94ac46223bbf5ff537ca65743299fdf36803,a7cde2c992691bbee21219cc4fa3bcd03be3353f134bc2268342ef21bf3bbc96,3369a1508281082433c78fe0083966801b3d7085c521919558dc1265ecbee42f,streaming-long-csv-v1,blocked,PEMS08,256,96,42,1.0,10617,10457,10713,0.9910389246709606,0.9761037991225614,1.0,340.4670960515262,352
1.0,2026-09-20T11:53:36.910358+00:00,97ff94ac46223bbf5ff537ca65743299fdf36803,a7cde2c992691bbee21219cc4fa3bcd03be3353f134bc2268342ef21bf3bbc96,3369a1508281082433c78fe0083966801b3d7085c521919558dc1265ecbee42f,streaming-long-csv-v1,blocked,PEMS08,256,192,42,0.0,0,0,0,0.0,0.0,0.0,0.0,0
1.0,2026-09-20T11:53:36.910358+00:00,97ff94ac46223bbf5ff537ca65743299fdf36803,a7cde2c992691bbee21219cc4fa3bcd03be3353f134bc2268342ef21bf3bbc96,3369a1508281082433c78fe0083966801b3d7085c521919558dc1265ecbee42f,streaming-long-csv-v1,blocked,PEMS08,256,192,42,0.005,10344,9307,10594,0.9655558667040045,0.8687575842434425,0.9888920003733781,2.156692467434397,3
1.0,2026-09-20T11:53:36.910358+00:00,97ff94ac46223bbf5ff537ca65743299fdf36803,a7cde2c992691bbee21219cc4fa3bcd03be3353f134bc2268342ef21bf3bbc96,3369a1508281082433c78fe0083966801b3d7085c521919558dc1265ecbee42f,streaming-long-csv-v1,blocked,PEMS08,256,192,42,0.01,10512,10448,10704,0.9812377485298236,0.9752636983104639,0.9991598991879026,4.2690582959641254,6
1.0,2026-09-20T11:53:36.910358+00:00,97ff94ac46223bbf5ff537ca65743299fdf36803,a7cde2c992691bbee21219cc4fa3bcd03be3353f134bc2268342ef21bf3bbc96,3369a1508281082433c78fe0083966801b3d7085c521919558dc1265ecbee42f,streaming-long-csv-v1,blocked,PEMS08,256,192,42,0.02,10512,10448,10704,0.9812377485298236,0.9752636983104639,0.9991598991879026,8.579970104633782,12
1.0,2026-09-20T11:53:36.910358+00:00,97ff94ac46223bbf5ff537ca65743299fdf36803,a7cde2c992691bbee21219cc4fa3bcd03be3353f134bc2268342ef21bf3bbc96,3369a1508281082433c78fe0083966801b3d7085c521919558dc1265ecbee42f,streaming-long-csv-v1,blocked,PEMS08,256,192,42,0.05,10512,10448,10704,0.9812377485298236,0.9752636983104639,0.9991598991879026,21.47085201793722,27
1.0,2026-09-20T11:53:36.910358+00:00,97ff94ac46223bbf5ff537ca65743299fdf36803,a7cde2c992691bbee21219cc4fa3bcd03be3353f134bc2268342ef21bf3bbc96,3369a1508281082433c78fe0083966801b3d7085c521919558dc1265ecbee42f,streaming-long-csv-v1,blocked,PEMS08,256,192,42,0.1,10513,10449,10705,0.9813310930645011,0.9753570428451415,0.9992532437225801,42.937692666978045,52
1.0,2026-09-20T11:53:36.910358+00:00,97ff94ac46223bbf5ff537ca65743299fdf36803,a7cde2c992691bbee21219cc4fa3bcd03be3353f134bc2268342ef21bf3bbc96,3369a1508281082433c78fe0083966801b3d7085c521919558dc1265ecbee42f,streaming-long-csv-v1,blocked,PEMS08,256,192,42,0.2,10513,10449,10705,0.9813310930645011,0.9753570428451415,0.9992532437225801,85.91723493694535,97
1.0,2026-09-20T11:53:36.910358+00:00,97ff94ac46223bbf5ff537ca65743299fdf36803,a7cde2c992691bbee21219cc4fa3bcd03be3353f134bc2268342ef21bf3bbc96,3369a1508281082433c78fe0083966801b3d7085c521919558dc1265ecbee42f,streaming-long-csv-v1,blocked,PEMS08,256,192,42,0.5,10515,10451,10707,0.9815177821338561,0.9755437319144964,0.999439932791935,214.773886242645,236
1.0,2026-09-20T11:53:36.910358+00:00,97ff94ac46223bbf5ff537ca65743299fdf36803,a7cde2c992691bbee21219cc4fa3bcd03be3353f134bc2268342ef21bf3bbc96,3369a1508281082433c78fe0083966801b3d7085c521919558dc1265ecbee42f,streaming-long-csv-v1,blocked,PEMS08,256,192,42,1.0,10521,10457,10713,0.982077849341921,0.9761037991225614,1.0,429.30719686362363,448
1.0,2026-09-20T11:53:36.910358+00:00,97ff94ac46223bbf5ff537ca65743299fdf36803,a7cde2c992691bbee21219cc4fa3bcd03be3353f134bc2268342ef21bf3bbc96,3369a1508281082433c78fe0083966801b3d7085c521919558dc1265ecbee42f,streaming-long-csv-v1,blocked,PEMS08,256,336,42,0.0,0,0,0,0.0,0.0,0.0,0.0,0
1.0,2026-09-20T11:53:36.910358+00:00,97ff94ac46223bbf5ff537ca65743299fdf36803,a7cde2c992691bbee21219cc4fa3bcd03be3353f134bc2268342ef21bf3bbc96,3369a1508281082433c78fe0083966801b3d7085c521919558dc1265ecbee42f,streaming-long-csv-v1,blocked,PEMS08,256,336,42,0.005,10125,10332,10640,0.9451134136096332,0.9644357322878745,0.9931858489685429,2.781954887218045,4
1.0,2026-09-20T11:53:36.910358+00:00,97ff94ac46223bbf5ff537ca65743299fdf36803,a7cde2c992691bbee21219cc4fa3bcd03be3353f134bc2268342ef21bf3bbc96,3369a1508281082433c78fe0083966801b3d7085c521919558dc1265ecbee42f,streaming-long-csv-v1,blocked,PEMS08,256,336,42,0.01,10304,10384,10640,0.9618220853169047,0.9692896480911043,0.9931858489685429,5.619548872180451,7
1.0,2026-09-20T11:53:36.910358+00:00,97ff94ac46223bbf5ff537ca65743299fdf36803,a7cde2c992691bbee21219cc4fa3bcd03be3353f134bc2268342ef21bf3bbc96,3369a1508281082433c78fe0083966801b3d7085c521919558dc1265ecbee42f,streaming-long-csv-v1,blocked,PEMS08,256,336,42,0.02,10342,10422,10678,0.9653691776346495,0.972836740408849,0.9967329412862876,11.199100955235062,14
1.0,2026-09-20T11:53:36.910358+00:00,97ff94ac46223bbf5ff537ca65743299fdf36803,a7cde2c992691bbee21219cc4fa3bcd03be3353f134bc2268342ef21bf3bbc96,3369a1508281082433c78fe0083966801b3d7085c521919558dc1265ecbee42f,streaming-long-csv-v1,blocked,PEMS08,256,336,42,0.05,10342,10422,10678,0.9653691776346495,0.972836740408849,0.9967329412862876,28.053193481925454,35
1.0,2026-09-20T11:53:36.910358+00:00,97ff94ac46223bbf5ff537ca65743299fdf36803,a7cde2c992691bbee21219cc4fa3bcd03be3353f134bc2268342ef21bf3bbc96,3369a1508281082433c78fe0083966801b3d7085c521919558dc1265ecbee42f,streaming-long-csv-v1,blocked,PEMS08,256,336,42,0.1,10364,10444,10700,0.9674227573975543,0.9748903201717539,0.9987865210491925,55.99102803738318,66
1.0,2026-09-20T11:53:36.910358+00:00,97ff94ac46223bbf5ff537ca65743299fdf36803,a7cde2c992691bbee21219cc4fa3bcd03be3353f134bc2268342ef21bf3bbc96,3369a1508281082433c78fe0083966801b3d7085c521919558dc1265ecbee42f,streaming-long-csv-v1,blocked,PEMS08,256,336,42,0.2,10364,10444,10700,0.9674227573975543,0.9748903201717539,0.9987865210491925,111.98205607476636,126
1.0,2026-09-20T11:53:36.910358+00:00,97ff94ac46223bbf5ff537ca65743299fdf36803,a7cde2c992691bbee21219cc4fa3bcd03be3353f134bc2268342ef21bf3bbc96,3369a1508281082433c78fe0083966801b3d7085c521919558dc1265ecbee42f,streaming-long-csv-v1,blocked,PEMS08,256,336,42,0.5,10370,10450,10706,0.9679828246056194,0.9754503873798189,0.9993465882572575,279.85354007098823,308
1.0,2026-09-20T11:53:36.910358+00:00,97ff94ac46223bbf5ff537ca65743299fdf36803,a7cde2c992691bbee21219cc4fa3bcd03be3353f134bc2268342ef21bf3bbc96,3369a1508281082433c78fe0083966801b3d7085c521919558dc1265ecbee42f,streaming-long-csv-v1,blocked,PEMS08,256,336,42,1.0,10377,10457,10713,0.9686362363483618,0.9761037991225614,1.0,559.3413609633157,592
1.0,2026-09-20T11:53:36.910358+00:00,97ff94ac46223bbf5ff537ca65743299fdf36803,a7cde2c992691bbee21219cc4fa3bcd03be3353f134bc2268342ef21bf3bbc96,3369a1508281082433c78fe0083966801b3d7085c521919558dc1265ecbee42f,streaming-long-csv-v1,blocked,PEMS08,256,720,42,0.0,0,0,0,0.0,0.0,0.0,0.0,0
1.0,2026-09-20T11:53:36.910358+00:00,97ff94ac46223bbf5ff537ca65743299fdf36803,a7cde2c992691bbee21219cc4fa3bcd03be3353f134bc2268342ef21bf3bbc96,3369a1508281082433c78fe0083966801b3d7085c521919558dc1265ecbee42f,streaming-long-csv-v1,blocked,PEMS08,256,720,42,0.005,9511,10189,10445,0.8877998693176514,0.9510874638289928,0.9749836647064314,4.485208233604595,6
1.0,2026-09-20T11:53:36.910358+00:00,97ff94ac46223bbf5ff537ca65743299fdf36803,a7cde2c992691bbee21219cc4fa3bcd03be3353f134bc2268342ef21bf3bbc96,3369a1508281082433c78fe0083966801b3d7085c521919558dc1265ecbee42f,streaming-long-csv-v1,blocked,PEMS08,256,720,42,0.01,9831,10295,10551,0.9176701204144497,0.9609819845048072,0.9848781853822459,8.972798786844848,11
1.0,2026-09-20T11:53:36.910358+00:00,97ff94ac46223bbf5ff537ca65743299fdf36803,a7cde2c992691bbee21219cc4fa3bcd03be3353f134bc2268342ef21bf3bbc96,3369a1508281082433c78fe0083966801b3d7085c521919558dc1265ecbee42f,streaming-long-csv-v1,blocked,PEMS08,256,720,42,0.02,9867,10331,10587,0.9210305236628396,0.964342387753197,0.9882385886306356,17.8845754226882,22
1.0,2026-09-20T11:53:36.910358+00:00,97ff94ac46223bbf5ff537ca65743299fdf36803,a7cde2c992691bbee21219cc4fa3bcd03be3353f134bc2268342ef21bf3bbc96,3369a1508281082433c78fe0083966801b3d7085c521919558dc1265ecbee42f,streaming-long-csv-v1,blocked,PEMS08,256,720,42,0.05,9979,10443,10699,0.931485111546719,0.9747969756370765,0.9986931765145151,44.33461071128143,53
1.0,2026-09-20T11:53:36.910358+00:00,97ff94ac46223bbf5ff537ca65743299fdf36803,a7cde2c992691bbee21219cc4fa3bcd03be3353f134bc2268342ef21bf3bbc96,3369a1508281082433c78fe0083966801b3d7085c521919558dc1265ecbee42f,streaming-long-csv-v1,blocked,PEMS08,256,720,42,0.1,9982,10446,10702,0.9317651451507514,0.975077009241109,0.9989732101185476,88.73556344608484,105
1.0,2026-09-20T11:53:36.910358+00:00,97ff94ac46223bbf5ff537ca65743299fdf36803,a7cde2c992691bbee21219cc4fa3bcd03be3353f134bc2268342ef21bf3bbc96,3369a1508281082433c78fe0083966801b3d7085c521919558dc1265ecbee42f,streaming-long-csv-v1,blocked,PEMS08,256,720,42,0.2,9982,10446,10702,0.9317651451507514,0.975077009241109,0.9989732101185476,177.56232479910298,206
1.0,2026-09-20T11:53:36.910358+00:00,97ff94ac46223bbf5ff537ca65743299fdf36803,a7cde2c992691bbee21219cc4fa3bcd03be3353f134bc2268342ef21bf3bbc96,3369a1508281082433c78fe0083966801b3d7085c521919558dc1265ecbee42f,streaming-long-csv-v1,blocked,PEMS08,256,720,42,0.5,9986,10450,10706,0.9321385232894615,0.9754503873798189,0.9993465882572575,443.8767046515972,499
1.0,2026-09-20T11:53:36.910358+00:00,97ff94ac46223bbf5ff537ca65743299fdf36803,a7cde2c992691bbee21219cc4fa3bcd03be3353f134bc2268342ef21bf3bbc96,3369a1508281082433c78fe0083966801b3d7085c521919558dc1265ecbee42f,streaming-long-csv-v1,blocked,PEMS08,256,720,42,1.0,9993,10457,10713,0.9327919350322038,0.9761037991225614,1.0,887.1733408008961,976
1.0,2026-09-20T11:53:36.910358+00:00,97ff94ac46223bbf5ff537ca65743299fdf36803,a7cde2c992691bbee21219cc4fa3bcd03be3353f134bc2268342ef21bf3bbc96,3369a1508281082433c78fe0083966801b3d7085c521919558dc1265ecbee42f,streaming-long-csv-v1,blocked,PEMS08,512,96,42,0.0,0,0,0,0.0,0.0,0.0,0.0,0
1.0,2026-09-20T11:53:36.910358+00:00,97ff94ac46223bbf5ff537ca65743299fdf36803,a7cde2c992691bbee21219cc4fa3bcd03be3353f134bc2268342ef21bf3bbc96,3369a1508281082433c78fe0083966801b3d7085c521919558dc1265ecbee42f,streaming-long-csv-v1,blocked,PEMS08,512,96,42,0.005,10544,4800,10640,0.9842247736395034,0.44805376645197426,0.9931858489685429,2.857142857142857,4
1.0,2026-09-20T11:53:36.910358+00:00,97ff94ac46223bbf5ff537ca65743299fdf36803,a7cde2c992691bbee21219cc4fa3bcd03be3353f134bc2268342ef21bf3bbc96,3369a1508281082433c78fe0083966801b3d7085c521919558dc1265ecbee42f,streaming-long-csv-v1,blocked,PEMS08,512,96,42,0.01,10544,8125,10640,0.9842247736395034,0.7584243442546439,0.9931858489685429,5.771428571428571,7
1.0,2026-09-20T11:53:36.910358+00:00,97ff94ac46223bbf5ff537ca65743299fdf36803,a7cde2c992691bbee21219cc4fa3bcd03be3353f134bc2268342ef21bf3bbc96,3369a1508281082433c78fe0083966801b3d7085c521919558dc1265ecbee42f,streaming-long-csv-v1,blocked,PEMS08,512,96,42,0.02,10582,9660,10678,0.9877718659572482,0.9017082049845981,0.9967329412862876,11.501779359430605,14
1.0,2026-09-20T11:53:36.910358+00:00,97ff94ac46223bbf5ff537ca65743299fdf36803,a7cde2c992691bbee21219cc4fa3bcd03be3353f134bc2268342ef21bf3bbc96,3369a1508281082433c78fe0083966801b3d7085c521919558dc1265ecbee42f,streaming-long-csv-v1,blocked,PEMS08,512,96,42,0.05,10582,10155,10678,0.9877718659572482,0.947913749649958,0.9967329412862876,28.754448398576514,35
1.0,2026-09-20T11:53:36.910358+00:00,97ff94ac46223bbf5ff537ca65743299fdf36803,a7cde2c992691bbee21219cc4fa3bcd03be3353f134bc2268342ef21bf3bbc96,3369a1508281082433c78fe0083966801b3d7085c521919558dc1265ecbee42f,streaming-long-csv-v1,blocked,PEMS08,512,96,42,0.1,10604,10188,10700,0.9898254457201531,0.9509941192943153,0.9987865210491925,57.390654205607476,68
1.0,2026-09-20T11:53:36.910358+00:00,97ff94ac46223bbf5ff537ca65743299fdf36803,a7cde2c992691bbee21219cc4fa3bcd03be3353f134bc2268342ef21bf3bbc96,3369a1508281082433c78fe0083966801b3d7085c521919558dc1265ecbee42f,streaming-long-csv-v1,blocked,PEMS08,512,96,42,0.2,10604,10188,10700,0.9898254457201531,0.9509941192943153,0.9987865210491925,114.8381308411215,129
1.0,2026-09-20T11:53:36.910358+00:00,97ff94ac46223bbf5ff537ca65743299fdf36803,a7cde2c992691bbee21219cc4fa3bcd03be3353f134bc2268342ef21bf3bbc96,3369a1508281082433c78fe0083966801b3d7085c521919558dc1265ecbee42f,streaming-long-csv-v1,blocked,PEMS08,512,96,42,0.5,10610,10194,10706,0.9903855129282181,0.9515541865023803,0.9993465882572575,286.96282458434524,317
1.0,2026-09-20T11:53:36.910358+00:00,97ff94ac46223bbf5ff537ca65743299fdf36803,a7cde2c992691bbee21219cc4fa3bcd03be3353f134bc2268342ef21bf3bbc96,3369a1508281082433c78fe0083966801b3d7085c521919558dc1265ecbee42f,streaming-long-csv-v1,blocked,PEMS08,512,96,42,1.0,10617,10201,10713,0.9910389246709606,0.9522075982451228,1.0,573.5506394100626,608
1.0,2026-09-20T11:53:36.910358+00:00,97ff94ac46223bbf5ff537ca65743299fdf36803,a7cde2c992691bbee21219cc4fa3bcd03be3353f134bc2268342ef21bf3bbc96,3369a1508281082433c78fe0083966801b3d7085c521919558dc1265ecbee42f,streaming-long-csv-v1,blocked,PEMS08,512,192,42,0.0,0,0,0,0.0,0.0,0.0,0.0,0
1.0,2026-09-20T11:53:36.910358+00:00,97ff94ac46223bbf5ff537ca65743299fdf36803,a7cde2c992691bbee21219cc4fa3bcd03be3353f134bc2268342ef21bf3bbc96,3369a1508281082433c78fe0083966801b3d7085c521919558dc1265ecbee42f,streaming-long-csv-v1,blocked,PEMS08,512,192,42,0.005,10414,9017,10606,0.9720899841314291,0.8416876691869691,0.9900121347895081,3.3188761078634736,5
1.0,2026-09-20T11:53:36.910358+00:00,97ff94ac46223bbf5ff537ca65743299fdf36803,a7cde2c992691bbee21219cc4fa3bcd03be3353f134bc2268342ef21bf3bbc96,3369a1508281082433c78fe0083966801b3d7085c521919558dc1265ecbee42f,streaming-long-csv-v1,blocked,PEMS08,512,192,42,0.01,10414,10093,10606,0.9720899841314291,0.9421263884999533,0.9900121347895081,6.637752215726947,9
1.0,2026-09-20T11:53:36.910358+00:00,97ff94ac46223bbf5ff537ca65743299fdf36803,a7cde2c992691bbee21219cc4fa3bcd03be3353f134bc2268342ef21bf3bbc96,3369a1508281082433c78fe0083966801b3d7085c521919558dc1265ecbee42f,streaming-long-csv-v1,blocked,PEMS08,512,192,42,0.02,10416,10096,10608,0.9722766732007841,0.9424064221039858,0.990198823858863,13.273001508295627,16
1.0,2026-09-20T11:53:36.910358+00:00,97ff94ac46223bbf5ff537ca65743299fdf36803,a7cde2c992691bbee21219cc4fa3bcd03be3353f134bc2268342ef21bf3bbc96,3369a1508281082433c78fe0083966801b3d7085c521919558dc1265ecbee42f,streaming-long-csv-v1,blocked,PEMS08,512,192,42,0.05,10509,10189,10701,0.9809577149257911,0.9510874638289928,0.9988798655838701,32.89412204466872,39
1.0,2026-09-20T11:53:36.910358+00:00,97ff94ac46223bbf5ff537ca65743299fdf36803,a7cde2c992691bbee21219cc4fa3bcd03be3353f134bc2268342ef21bf3bbc96,3369a1508281082433c78fe0083966801b3d7085c521919558dc1265ecbee42f,streaming-long-csv-v1,blocked,PEMS08,512,192,42,0.1,10509,10189,10701,0.9809577149257911,0.9510874638289928,0.9988798655838701,65.85403233342679,76
1.0,2026-09-20T11:53:36.910358+00:00,97ff94ac46223bbf5ff537ca65743299fdf36803,a7cde2c992691bbee21219cc4fa3bcd03be3353f134bc2268342ef21bf3bbc96,3369a1508281082433c78fe0083966801b3d7085c521919558dc1265ecbee42f,streaming-long-csv-v1,blocked,PEMS08,512,192,42,0.2,10509,10189,10701,0.9809577149257911,0.9510874638289928,0.9988798655838701,131.70806466685357,148
1.0,2026-09-20T11:53:36.910358+00:00,97ff94ac46223bbf5ff537ca65743299fdf36803,a7cde2c992691bbee21219cc4fa3bcd03be3353f134bc2268342ef21bf3bbc96,3369a1508281082433c78fe0083966801b3d7085c521919558dc1265ecbee42f,streaming-long-csv-v1,blocked,PEMS08,512,192,42,0.5,10514,10194,10706,0.9814244375991785,0.9515541865023803,0.9993465882572575,329.11638333644686,366
1.0,2026-09-20T11:53:36.910358+00:00,97ff94ac46223bbf5ff537ca65743299fdf36803,a7cde2c992691bbee21219cc4fa3bcd03be3353f134bc2268342ef21bf3bbc96,3369a1508281082433c78fe0083966801b3d7085c521919558dc1265ecbee42f,streaming-long-csv-v1,blocked,PEMS08,512,192,42,1.0,10521,10201,10713,0.982077849341921,0.9522075982451228,1.0,657.8026696536917,704
1.0,2026-09-20T11:53:36.910358+00:00,97ff94ac46223bbf5ff537ca65743299fdf36803,a7cde2c992691bbee21219cc4fa3bcd03be3353f134bc2268342ef21bf3bbc96,3369a1508281082433c78fe0083966801b3d7085c521919558dc1265ecbee42f,streaming-long-csv-v1,blocked,PEMS08,512,336,42,0.0,0,0,0,0.0,0.0,0.0,0.0,0
1.0,2026-09-20T11:53:36.910358+00:00,97ff94ac46223bbf5ff537ca65743299fdf36803,a7cde2c992691bbee21219cc4fa3bcd03be3353f134bc2268342ef21bf3bbc96,3369a1508281082433c78fe0083966801b3d7085c521919558dc1265ecbee42f,streaming-long-csv-v1,blocked,PEMS08,512,336,42,0.005,10010,9834,10346,0.9343787921217213,0.9179501540184822,0.9657425557733594,4.016238159675237,5
1.0,2026-09-20T11:53:36.910358+00:00,97ff94ac46223bbf5ff537ca65743299fdf36803,a7cde2c992691bbee21219cc4fa3bcd03be3353f134bc2268342ef21bf3bbc96,3369a1508281082433c78fe0083966801b3d7085c521919558dc1265ecbee42f,streaming-long-csv-v1,blocked,PEMS08,512,336,42,0.01,10199,10023,10535,0.9520209091757678,0.9355922710725287,0.9833846728274059,7.888372093023256,10
1.0,2026-09-20T11:53:36.910358+00:00,97ff94ac46223bbf5ff537ca65743299fdf36803,a7cde2c992691bbee21219cc4fa3bcd03be3353f134bc2268342ef21bf3bbc96,3369a1508281082433c78fe0083966801b3d7085c521919558dc1265ecbee42f,streaming-long-csv-v1,blocked,PEMS08,512,336,42,0.02,10288,10112,10624,0.9603285727620647,0.9438999346588257,0.991692336413703,15.724397590361447,20
1.0,2026-09-20T11:53:36.910358+00:00,97ff94ac46223bbf5ff537ca65743299fdf36803,a7cde2c992691bbee21219cc4fa3bcd03be3353f134bc2268342ef21bf3bbc96,3369a1508281082433c78fe0083966801b3d7085c521919558dc1265ecbee42f,streaming-long-csv-v1,blocked,PEMS08,512,336,42,0.05,10353,10177,10689,0.9663959675161019,0.9499673294128629,0.9977597311677401,39.111610066423424,47
1.0,2026-09-20T11:53:36.910358+00:00,97ff94ac46223bbf5ff537ca65743299fdf36803,a7cde2c992691bbee21219cc4fa3bcd03be3353f134bc2268342ef21bf3bbc96,3369a1508281082433c78fe0083966801b3d7085c521919558dc1265ecbee42f,streaming-long-csv-v1,blocked,PEMS08,512,336,42,0.1,10361,10185,10697,0.9671427237935218,0.9507140856902828,0.9985064874451601,78.16471908011592,91
1.0,2026-09-20T11:53:36.910358+00:00,97ff94ac46223bbf5ff537ca65743299fdf36803,a7cde2c992691bbee21219cc4fa3bcd03be3353f134bc2268342ef21bf3bbc96,3369a1508281082433c78fe0083966801b3d7085c521919558dc1265ecbee42f,streaming-long-csv-v1,blocked,PEMS08,512,336,42,0.2,10361,10185,10697,0.9671427237935218,0.9507140856902828,0.9985064874451601,156.40871272319342,177
1.0,2026-09-20T11:53:36.910358+00:00,97ff94ac46223bbf5ff537ca65743299fdf36803,a7cde2c992691bbee21219cc4fa3bcd03be3353f134bc2268342ef21bf3bbc96,3369a1508281082433c78fe0083966801b3d7085c521919558dc1265ecbee42f,streaming-long-csv-v1,blocked,PEMS08,512,336,42,0.5,10369,10193,10705,0.9678894800709419,0.9514608419677028,0.9992532437225801,390.7691732835124,435
1.0,2026-09-20T11:53:36.910358+00:00,97ff94ac46223bbf5ff537ca65743299fdf36803,a7cde2c992691bbee21219cc4fa3bcd03be3353f134bc2268342ef21bf3bbc96,3369a1508281082433c78fe0083966801b3d7085c521919558dc1265ecbee42f,streaming-long-csv-v1,blocked,PEMS08,512,336,42,1.0,10377,10201,10713,0.9686362363483618,0.9522075982451228,1.0,780.9547279006814,848
1.0,2026-09-20T11:53:36.910358+00:00,97ff94ac46223bbf5ff537ca65743299fdf36803,a7cde2c992691bbee21219cc4fa3bcd03be3353f134bc2268342ef21bf3bbc96,3369a1508281082433c78fe0083966801b3d7085c521919558dc1265ecbee42f,streaming-long-csv-v1,blocked,PEMS08,512,720,42,0.0,0,0,0,0.0,0.0,0.0,0.0,0
1.0,2026-09-20T11:53:36.910358+00:00,97ff94ac46223bbf5ff537ca65743299fdf36803,a7cde2c992691bbee21219cc4fa3bcd03be3353f134bc2268342ef21bf3bbc96,3369a1508281082433c78fe0083966801b3d7085c521919558dc1265ecbee42f,streaming-long-csv-v1,blocked,PEMS08,512,720,42,0.005,9794,10002,10514,0.9142163726313824,0.9336320358443013,0.9814244375991785,5.507323568575233,7
1.0,2026-09-20T11:53:36.910358+00:00,97ff94ac46223bbf5ff537ca65743299fdf36803,a7cde2c992691bbee21219cc4fa3bcd03be3353f134bc2268342ef21bf3bbc96,3369a1508281082433c78fe0083966801b3d7085c521919558dc1265ecbee42f,streaming-long-csv-v1,blocked,PEMS08,512,720,42,0.01,9838,10046,10558,0.9183235321571922,0.9377391953701111,0.9855315971249883,10.968744080318242,14
1.0,2026-09-20T11:53:36.910358+00:00,97ff94ac46223bbf5ff537ca65743299fdf36803,a7cde2c992691bbee21219cc4fa3bcd03be3353f134bc2268342ef21bf3bbc96,3369a1508281082433c78fe0083966801b3d7085c521919558dc1265ecbee42f,streaming-long-csv-v1,blocked,PEMS08,512,720,42,0.02,9874,10082,10594,0.921683935405582,0.9410995986185009,0.9888920003733781,21.97923352841231,27
1.0,2026-09-20T11:53:36.910358+00:00,97ff94ac46223bbf5ff537ca65743299fdf36803,a7cde2c992691bbee21219cc4fa3bcd03be3353f134bc2268342ef21bf3bbc96,3369a1508281082433c78fe0083966801b3d7085c521919558dc1265ecbee42f,streaming-long-csv-v1,blocked,PEMS08,512,720,42,0.05,9979,10187,10699,0.931485111546719,0.9509007747596379,0.9986931765145151,54.581549677539954,66
1.0,2026-09-20T11:53:36.910358+00:00,97ff94ac46223bbf5ff537ca65743299fdf36803,a7cde2c992691bbee21219cc4fa3bcd03be3353f134bc2268342ef21bf3bbc96,3369a1508281082433c78fe0083966801b3d7085c521919558dc1265ecbee42f,streaming-long-csv-v1,blocked,PEMS08,512,720,42,0.1,9984,10192,10704,0.9319518342201064,0.9513674974330253,0.9991598991879026,109.11210762331838,129
1.0,2026-09-20T11:53:36.910358+00:00,97ff94ac46223bbf5ff537ca65743299fdf36803,a7cde2c992691bbee21219cc4fa3bcd03be3353f134bc2268342ef21bf3bbc96,3369a1508281082433c78fe0083966801b3d7085c521919558dc1265ecbee42f,streaming-long-csv-v1,blocked,PEMS08,512,720,42,0.2,9984,10192,10704,0.9319518342201064,0.9513674974330253,0.9991598991879026,218.22421524663676,255
1.0,2026-09-20T11:53:36.910358+00:00,97ff94ac46223bbf5ff537ca65743299fdf36803,a7cde2c992691bbee21219cc4fa3bcd03be3353f134bc2268342ef21bf3bbc96,3369a1508281082433c78fe0083966801b3d7085c521919558dc1265ecbee42f,streaming-long-csv-v1,blocked,PEMS08,512,720,42,0.5,9987,10195,10707,0.9322318678241389,0.9516475310370578,0.999439932791935,545.5227421313159,627
1.0,2026-09-20T11:53:36.910358+00:00,97ff94ac46223bbf5ff537ca65743299fdf36803,a7cde2c992691bbee21219cc4fa3bcd03be3353f134bc2268342ef21bf3bbc96,3369a1508281082433c78fe0083966801b3d7085c521919558dc1265ecbee42f,streaming-long-csv-v1,blocked,PEMS08,512,720,42,1.0,9993,10201,10713,0.9327919350322038,0.9522075982451228,1.0,1090.434425464389,1232
1.0,2026-09-20T11:53:36.910358+00:00,97ff94ac46223bbf5ff537ca65743299fdf36803,02d6239936467bb3c211e21211456a04736e4b59f3073e504643712960fcf3cf,3369a1508281082433c78fe0083966801b3d7085c521919558dc1265ecbee42f,streaming-long-csv-v1,blocked,Solar,256,96,42,0.0,0,0,0,0.0,0.0,0.0,0.0,0
1.0,2026-09-20T11:53:36.910358+00:00,97ff94ac46223bbf5ff537ca65743299fdf36803,02d6239936467bb3c211e21211456a04736e4b59f3073e504643712960fcf3cf,3369a1508281082433c78fe0083966801b3d7085c521919558dc1265ecbee42f,streaming-long-csv-v1,blocked,Solar,256,96,42,0.005,28133,14017,30563,0.8920915778792491,0.4444761542364282,0.9691463723997971,1.785165068874129,3
1.0,2026-09-20T11:53:36.910358+00:00,97ff94ac46223bbf5ff537ca65743299fdf36803,02d6239936467bb3c211e21211456a04736e4b59f3073e504643712960fcf3cf,3369a1508281082433c78fe0083966801b3d7085c521919558dc1265ecbee42f,streaming-long-csv-v1,blocked,Solar,256,96,42,0.01,31261,22298,31472,0.9912798072044647,0.7070649416539827,0.9979705733130391,3.478393492628368,6
1.0,2026-09-20T11:53:36.910358+00:00,97ff94ac46223bbf5ff537ca65743299fdf36803,02d6239936467bb3c211e21211456a04736e4b59f3073e504643712960fcf3cf,3369a1508281082433c78fe0083966801b3d7085c521919558dc1265ecbee42f,streaming-long-csv-v1,blocked,Solar,256,96,42,0.02,31396,28977,31492,0.9955606291222729,0.9188546423135464,0.9986047691527143,6.963546297472374,11
1.0,2026-09-20T11:53:36.910358+00:00,97ff94ac46223bbf5ff537ca65743299fdf36803,02d6239936467bb3c211e21211456a04736e4b59f3073e504643712960fcf3cf,3369a1508281082433c78fe0083966801b3d7085c521919558dc1265ecbee42f,streaming-long-csv-v1,blocked,Solar,256,96,42,0.05,31413,31207,31509,0.996099695585997,0.9895674784373415,0.9991438356164384,17.41623028341109,23
1.0,2026-09-20T11:53:36.910358+00:00,97ff94ac46223bbf5ff537ca65743299fdf36803,02d6239936467bb3c211e21211456a04736e4b59f3073e504643712960fcf3cf,3369a1508281082433c78fe0083966801b3d7085c521919558dc1265ecbee42f,streaming-long-csv-v1,blocked,Solar,256,96,42,0.1,31413,31253,31509,0.996099695585997,0.9910261288685946,0.9991438356164384,34.83246056682218,44
1.0,2026-09-20T11:53:36.910358+00:00,97ff94ac46223bbf5ff537ca65743299fdf36803,02d6239936467bb3c211e21211456a04736e4b59f3073e504643712960fcf3cf,3369a1508281082433c78fe0083966801b3d7085c521919558dc1265ecbee42f,streaming-long-csv-v1,blocked,Solar,256,96,42,0.2,31440,31280,31536,0.9969558599695586,0.9918822932521563,1.0,69.61643835616438,82
1.0,2026-09-20T11:53:36.910358+00:00,97ff94ac46223bbf5ff537ca65743299fdf36803,02d6239936467bb3c211e21211456a04736e4b59f3073e504643712960fcf3cf,3369a1508281082433c78fe0083966801b3d7085c521919558dc1265ecbee42f,streaming-long-csv-v1,blocked,Solar,256,96,42,0.5,31440,31280,31536,0.9969558599695586,0.9918822932521563,1.0,174.0355149670218,191
1.0,2026-09-20T11:53:36.910358+00:00,97ff94ac46223bbf5ff537ca65743299fdf36803,02d6239936467bb3c211e21211456a04736e4b59f3073e504643712960fcf3cf,3369a1508281082433c78fe0083966801b3d7085c521919558dc1265ecbee42f,streaming-long-csv-v1,blocked,Solar,256,96,42,1.0,31440,31280,31536,0.9969558599695586,0.9918822932521563,1.0,348.0821917808219,352
1.0,2026-09-20T11:53:36.910358+00:00,97ff94ac46223bbf5ff537ca65743299fdf36803,02d6239936467bb3c211e21211456a04736e4b59f3073e504643712960fcf3cf,3369a1508281082433c78fe0083966801b3d7085c521919558dc1265ecbee42f,streaming-long-csv-v1,blocked,Solar,256,192,42,0.0,0,0,0,0.0,0.0,0.0,0.0,0
1.0,2026-09-20T11:53:36.910358+00:00,97ff94ac46223bbf5ff537ca65743299fdf36803,02d6239936467bb3c211e21211456a04736e4b59f3073e504643712960fcf3cf,3369a1508281082433c78fe0083966801b3d7085c521919558dc1265ecbee42f,streaming-long-csv-v1,blocked,Solar,256,192,42,0.005,28223,24390,31277,0.8949454591577879,0.7734018264840182,0.991787163876205,2.2201617802218885,4
1.0,2026-09-20T11:53:36.910358+00:00,97ff94ac46223bbf5ff537ca65743299fdf36803,02d6239936467bb3c211e21211456a04736e4b59f3073e504643712960fcf3cf,3369a1508281082433c78fe0083966801b3d7085c521919558dc1265ecbee42f,streaming-long-csv-v1,blocked,Solar,256,192,42,0.01,31168,30099,31494,0.9883307965499746,0.9544330289193302,0.9986681887366818,4.4097288372388395,7
1.0,2026-09-20T11:53:36.910358+00:00,97ff94ac46223bbf5ff537ca65743299fdf36803,02d6239936467bb3c211e21211456a04736e4b59f3073e504643712960fcf3cf,3369a1508281082433c78fe0083966801b3d7085c521919558dc1265ecbee42f,streaming-long-csv-v1,blocked,Solar,256,192,42,0.02,31302,31221,31494,0.992579908675799,0.9900114155251142,0.9986681887366818,8.833682606210706,13
1.0,2026-09-20T11:53:36.910358+00:00,97ff94ac46223bbf5ff537ca65743299fdf36803,02d6239936467bb3c211e21211456a04736e4b59f3073e504643712960fcf3cf,3369a1508281082433c78fe0083966801b3d7085c521919558dc1265ecbee42f,streaming-long-csv-v1,blocked,Solar,256,192,42,0.05,31317,31253,31509,0.9930555555555556,0.9910261288685946,0.9991438356164384,22.095020470341808,29
1.0,2026-09-20T11:53:36.910358+00:00,97ff94ac46223bbf5ff537ca65743299fdf36803,02d6239936467bb3c211e21211456a04736e4b59f3073e504643712960fcf3cf,3369a1508281082433c78fe0083966801b3d7085c521919558dc1265ecbee42f,streaming-long-csv-v1,blocked,Solar,256,192,42,0.1,31332,31268,31524,0.993531202435312,0.9915017757483511,0.9996194824961948,44.16901408450704,53
1.0,2026-09-20T11:53:36.910358+00:00,97ff94ac46223bbf5ff537ca65743299fdf36803,02d6239936467bb3c211e21211456a04736e4b59f3073e504643712960fcf3cf,3369a1508281082433c78fe0083966801b3d7085c521919558dc1265ecbee42f,streaming-long-csv-v1,blocked,Solar,256,192,42,0.2,31339,31275,31531,0.9937531709791984,0.9917237442922374,0.9998414510400812,88.33262503567917,101
1.0,2026-09-20T11:53:36.910358+00:00,97ff94ac46223bbf5ff537ca65743299fdf36803,02d6239936467bb3c211e21211456a04736e4b59f3073e504643712960fcf3cf,3369a1508281082433c78fe0083966801b3d7085c521919558dc1265ecbee42f,streaming-long-csv-v1,blocked,Solar,256,192,42,0.5,31343,31279,31535,0.9938800101471335,0.9918505834601725,0.9999682902080163,220.8248612652608,239
1.0,2026-09-20T11:53:36.910358+00:00,97ff94ac46223bbf5ff537ca65743299fdf36803,02d6239936467bb3c211e21211456a04736e4b59f3073e504643712960fcf3cf,3369a1508281082433c78fe0083966801b3d7085c521919558dc1265ecbee42f,streaming-long-csv-v1,blocked,Solar,256,192,42,1.0,31344,31280,31536,0.9939117199391172,0.9918822932521563,1.0,441.6499238964992,448
1.0,2026-09-20T11:53:36.910358+00:00,97ff94ac46223bbf5ff537ca65743299fdf36803,02d6239936467bb3c211e21211456a04736e4b59f3073e504643712960fcf3cf,3369a1508281082433c78fe0083966801b3d7085c521919558dc1265ecbee42f,streaming-long-csv-v1,blocked,Solar,256,336,42,0.0,0,0,0,0.0,0.0,0.0,0.0,0
1.0,2026-09-20T11:53:36.910358+00:00,97ff94ac46223bbf5ff537ca65743299fdf36803,02d6239936467bb3c211e21211456a04736e4b59f3073e504643712960fcf3cf,3369a1508281082433c78fe0083966801b3d7085c521919558dc1265ecbee42f,streaming-long-csv-v1,blocked,Solar,256,336,42,0.005,27822,30032,31450,0.8822298325722984,0.9523084728564181,0.9972729578893963,2.898823529411765,5
1.0,2026-09-20T11:53:36.910358+00:00,97ff94ac46223bbf5ff537ca65743299fdf36803,02d6239936467bb3c211e21211456a04736e4b59f3073e504643712960fcf3cf,3369a1508281082433c78fe0083966801b3d7085c521919558dc1265ecbee42f,streaming-long-csv-v1,blocked,Solar,256,336,42,0.01,31027,31251,31507,0.9838597158802638,0.990962709284627,0.9990804160324708,5.805947884597074,8
1.0,2026-09-20T11:53:36.910358+00:00,97ff94ac46223bbf5ff537ca65743299fdf36803,02d6239936467bb3c211e21211456a04736e4b59f3073e504643712960fcf3cf,3369a1508281082433c78fe0083966801b3d7085c521919558dc1265ecbee42f,streaming-long-csv-v1,blocked,Solar,256,336,42,0.02,31171,31251,31507,0.9884259259259259,0.990962709284627,0.9990804160324708,11.611895769194147,15
1.0,2026-09-20T11:53:36.910358+00:00,97ff94ac46223bbf5ff537ca65743299fdf36803,02d6239936467bb3c211e21211456a04736e4b59f3073e504643712960fcf3cf,3369a1508281082433c78fe0083966801b3d7085c521919558dc1265ecbee42f,streaming-long-csv-v1,blocked,Solar,256,336,42,0.05,31186,31266,31522,0.9889015728056824,0.9914383561643836,0.9995560629122273,29.053486453905208,35
1.0,2026-09-20T11:53:36.910358+00:00,97ff94ac46223bbf5ff537ca65743299fdf36803,02d6239936467bb3c211e21211456a04736e4b59f3073e504643712960fcf3cf,3369a1508281082433c78fe0083966801b3d7085c521919558dc1265ecbee42f,streaming-long-csv-v1,blocked,Solar,256,336,42,0.1,31192,31272,31528,0.989091831557585,0.9916286149162862,0.9997463216641299,58.09591474245116,68
1.0,2026-09-20T11:53:36.910358+00:00,97ff94ac46223bbf5ff537ca65743299fdf36803,02d6239936467bb3c211e21211456a04736e4b59f3073e504643712960fcf3cf,3369a1508281082433c78fe0083966801b3d7085c521919558dc1265ecbee42f,streaming-long-csv-v1,blocked,Solar,256,336,42,0.2,31192,31272,31528,0.989091831557585,0.9916286149162862,0.9997463216641299,116.2106064450647,129
1.0,2026-09-20T11:53:36.910358+00:00,97ff94ac46223bbf5ff537ca65743299fdf36803,02d6239936467bb3c211e21211456a04736e4b59f3073e504643712960fcf3cf,3369a1508281082433c78fe0083966801b3d7085c521919558dc1265ecbee42f,streaming-long-csv-v1,blocked,Solar,256,336,42,0.5,31199,31279,31535,0.9893138001014713,0.9918505834601725,0.9999682902080163,290.4526399238941,310
1.0,2026-09-20T11:53:36.910358+00:00,97ff94ac46223bbf5ff537ca65743299fdf36803,02d6239936467bb3c211e21211456a04736e4b59f3073e504643712960fcf3cf,3369a1508281082433c78fe0083966801b3d7085c521919558dc1265ecbee42f,streaming-long-csv-v1,blocked,Solar,256,336,42,1.0,31200,31280,31536,0.989345509893455,0.9918822932521563,1.0,580.9056316590563,592
1.0,2026-09-20T11:53:36.910358+00:00,97ff94ac46223bbf5ff537ca65743299fdf36803,02d6239936467bb3c211e21211456a04736e4b59f3073e504643712960fcf3cf,3369a1508281082433c78fe0083966801b3d7085c521919558dc1265ecbee42f,streaming-long-csv-v1,blocked,Solar,256,720,42,0.0,0,0,0,0.0,0.0,0.0,0.0,0
1.0,2026-09-20T11:53:36.910358+00:00,97ff94ac46223bbf5ff537ca65743299fdf36803,02d6239936467bb3c211e21211456a04736e4b59f3073e504643712960fcf3cf,3369a1508281082433c78fe0083966801b3d7085c521919558dc1265ecbee42f,streaming-long-csv-v1,blocked,Solar,256,720,42,0.005,27606,30991,31247,0.8753805175038052,0.9827181633688483,0.990835870116692,4.7477197810989855,7
1.0,2026-09-20T11:53:36.910358+00:00,97ff94ac46223bbf5ff537ca65743299fdf36803,02d6239936467bb3c211e21211456a04736e4b59f3073e504643712960fcf3cf,3369a1508281082433c78fe0083966801b3d7085c521919558dc1265ecbee42f,streaming-long-csv-v1,blocked,Solar,256,720,42,0.01,30594,31182,31438,0.9701293759512938,0.9887747336377474,0.9968924403855911,9.468795724918888,12
1.0,2026-09-20T11:53:36.910358+00:00,97ff94ac46223bbf5ff537ca65743299fdf36803,02d6239936467bb3c211e21211456a04736e4b59f3073e504643712960fcf3cf,3369a1508281082433c78fe0083966801b3d7085c521919558dc1265ecbee42f,streaming-long-csv-v1,blocked,Solar,256,720,42,0.02,30732,31196,31452,0.9745053272450532,0.98921867072552,0.9973363774733638,18.96019331044131,23
1.0,2026-09-20T11:53:36.910358+00:00,97ff94ac46223bbf5ff537ca65743299fdf36803,02d6239936467bb3c211e21211456a04736e4b59f3073e504643712960fcf3cf,3369a1508281082433c78fe0083966801b3d7085c521919558dc1265ecbee42f,streaming-long-csv-v1,blocked,Solar,256,720,42,0.05,30752,31216,31472,0.9751395230847285,0.9898528665651953,0.9979705733130391,47.38586680223691,54
1.0,2026-09-20T11:53:36.910358+00:00,97ff94ac46223bbf5ff537ca65743299fdf36803,02d6239936467bb3c211e21211456a04736e4b59f3073e504643712960fcf3cf,3369a1508281082433c78fe0083966801b3d7085c521919558dc1265ecbee42f,streaming-long-csv-v1,blocked,Solar,256,720,42,0.1,30816,31280,31536,0.9771689497716894,0.9918822932521563,1.0,94.57940131912734,105
1.0,2026-09-20T11:53:36.910358+00:00,97ff94ac46223bbf5ff537ca65743299fdf36803,02d6239936467bb3c211e21211456a04736e4b59f3073e504643712960fcf3cf,3369a1508281082433c78fe0083966801b3d7085c521919558dc1265ecbee42f,streaming-long-csv-v1,blocked,Solar,256,720,42,0.2,30816,31280,31536,0.9771689497716894,0.9918822932521563,1.0,189.15880263825468,206
1.0,2026-09-20T11:53:36.910358+00:00,97ff94ac46223bbf5ff537ca65743299fdf36803,02d6239936467bb3c211e21211456a04736e4b59f3073e504643712960fcf3cf,3369a1508281082433c78fe0083966801b3d7085c521919558dc1265ecbee42f,streaming-long-csv-v1,blocked,Solar,256,720,42,0.5,30816,31280,31536,0.9771689497716894,0.9918822932521563,1.0,472.89700659563675,502
1.0,2026-09-20T11:53:36.910358+00:00,97ff94ac46223bbf5ff537ca65743299fdf36803,02d6239936467bb3c211e21211456a04736e4b59f3073e504643712960fcf3cf,3369a1508281082433c78fe0083966801b3d7085c521919558dc1265ecbee42f,streaming-long-csv-v1,blocked,Solar,256,720,42,1.0,30816,31280,31536,0.9771689497716894,0.9918822932521563,1.0,945.8249619482497,976
1.0,2026-09-20T11:53:36.910358+00:00,97ff94ac46223bbf5ff537ca65743299fdf36803,02d6239936467bb3c211e21211456a04736e4b59f3073e504643712960fcf3cf,3369a1508281082433c78fe0083966801b3d7085c521919558dc1265ecbee42f,streaming-long-csv-v1,blocked,Solar,512,96,42,0.0,0,0,0,0.0,0.0,0.0,0.0,0
1.0,2026-09-20T11:53:36.910358+00:00,97ff94ac46223bbf5ff537ca65743299fdf36803,02d6239936467bb3c211e21211456a04736e4b59f3073e504643712960fcf3cf,3369a1508281082433c78fe0083966801b3d7085c521919558dc1265ecbee42f,streaming-long-csv-v1,blocked,Solar,512,96,42,0.005,31354,13916,31450,0.9942288178589549,0.441273465246068,0.9972729578893963,2.977170111287758,5
1.0,2026-09-20T11:53:36.910358+00:00,97ff94ac46223bbf5ff537ca65743299fdf36803,02d6239936467bb3c211e21211456a04736e4b59f3073e504643712960fcf3cf,3369a1508281082433c78fe0083966801b3d7085c521919558dc1265ecbee42f,streaming-long-csv-v1,blocked,Solar,512,96,42,0.01,31411,21694,31507,0.9960362760020294,0.6879122272957889,0.9990804160324708,5.9628653949915895,9
1.0,2026-09-20T11:53:36.910358+00:00,97ff94ac46223bbf5ff537ca65743299fdf36803,02d6239936467bb3c211e21211456a04736e4b59f3073e504643712960fcf3cf,3369a1508281082433c78fe0083966801b3d7085c521919558dc1265ecbee42f,streaming-long-csv-v1,blocked,Solar,512,96,42,0.02,31411,28476,31507,0.9960362760020294,0.9029680365296804,0.9990804160324708,11.925730789983179,16
1.0,2026-09-20T11:53:36.910358+00:00,97ff94ac46223bbf5ff537ca65743299fdf36803,02d6239936467bb3c211e21211456a04736e4b59f3073e504643712960fcf3cf,3369a1508281082433c78fe0083966801b3d7085c521919558dc1265ecbee42f,streaming-long-csv-v1,blocked,Solar,512,96,42,0.05,31426,30989,31522,0.9965119228817859,0.9826547437848808,0.9995560629122273,29.81942770128799,37
1.0,2026-09-20T11:53:36.910358+00:00,97ff94ac46223bbf5ff537ca65743299fdf36803,02d6239936467bb3c211e21211456a04736e4b59f3073e504643712960fcf3cf,3369a1508281082433c78fe0083966801b3d7085c521919558dc1265ecbee42f,streaming-long-csv-v1,blocked,Solar,512,96,42,0.1,31432,31016,31528,0.9967021816336885,0.9835109081684424,0.9997463216641299,59.62750570921086,69
1.0,2026-09-20T11:53:36.910358+00:00,97ff94ac46223bbf5ff537ca65743299fdf36803,02d6239936467bb3c211e21211456a04736e4b59f3073e504643712960fcf3cf,3369a1508281082433c78fe0083966801b3d7085c521919558dc1265ecbee42f,streaming-long-csv-v1,blocked,Solar,512,96,42,0.2,31432,31016,31528,0.9967021816336885,0.9835109081684424,0.9997463216641299,119.27429586399391,131
1.0,2026-09-20T11:53:36.910358+00:00,97ff94ac46223bbf5ff537ca65743299fdf36803,02d6239936467bb3c211e21211456a04736e4b59f3073e504643712960fcf3cf,3369a1508281082433c78fe0083966801b3d7085c521919558dc1265ecbee42f,streaming-long-csv-v1,blocked,Solar,512,96,42,0.5,31439,31023,31535,0.9969241501775749,0.9837328767123288,0.9999682902080163,298.14846995401933,319
1.0,2026-09-20T11:53:36.910358+00:00,97ff94ac46223bbf5ff537ca65743299fdf36803,02d6239936467bb3c211e21211456a04736e4b59f3073e504643712960fcf3cf,3369a1508281082433c78fe0083966801b3d7085c521919558dc1265ecbee42f,streaming-long-csv-v1,blocked,Solar,512,96,42,1.0,31440,31024,31536,0.9969558599695586,0.9837645865043125,1.0,596.2973110096398,608
1.0,2026-09-20T11:53:36.910358+00:00,97ff94ac46223bbf5ff537ca65743299fdf36803,02d6239936467bb3c211e21211456a04736e4b59f3073e504643712960fcf3cf,3369a1508281082433c78fe0083966801b3d7085c521919558dc1265ecbee42f,streaming-long-csv-v1,blocked,Solar,512,192,42,0.0,0,0,0,0.0,0.0,0.0,0.0,0
1.0,2026-09-20T11:53:36.910358+00:00,97ff94ac46223bbf5ff537ca65743299fdf36803,02d6239936467bb3c211e21211456a04736e4b59f3073e504643712960fcf3cf,3369a1508281082433c78fe0083966801b3d7085c521919558dc1265ecbee42f,streaming-long-csv-v1,blocked,Solar,512,192,42,0.005,31258,24026,31450,0.9911846778285135,0.7618594622019279,0.9972729578893963,3.44724960254372,5
1.0,2026-09-20T11:53:36.910358+00:00,97ff94ac46223bbf5ff537ca65743299fdf36803,02d6239936467bb3c211e21211456a04736e4b59f3073e504643712960fcf3cf,3369a1508281082433c78fe0083966801b3d7085c521919558dc1265ecbee42f,streaming-long-csv-v1,blocked,Solar,512,192,42,0.01,31315,29627,31507,0.992992135971588,0.9394660071029934,0.9990804160324708,6.882026216396357,9
1.0,2026-09-20T11:53:36.910358+00:00,97ff94ac46223bbf5ff537ca65743299fdf36803,02d6239936467bb3c211e21211456a04736e4b59f3073e504643712960fcf3cf,3369a1508281082433c78fe0083966801b3d7085c521919558dc1265ecbee42f,streaming-long-csv-v1,blocked,Solar,512,192,42,0.02,31315,30931,31507,0.992992135971588,0.9808155758498224,0.9990804160324708,13.764052432792713,18
1.0,2026-09-20T11:53:36.910358+00:00,97ff94ac46223bbf5ff537ca65743299fdf36803,02d6239936467bb3c211e21211456a04736e4b59f3073e504643712960fcf3cf,3369a1508281082433c78fe0083966801b3d7085c521919558dc1265ecbee42f,streaming-long-csv-v1,blocked,Solar,512,192,42,0.05,31330,31010,31522,0.9934677828513445,0.9833206494165398,0.9995560629122273,34.416090349597106,43
1.0,2026-09-20T11:53:36.910358+00:00,97ff94ac46223bbf5ff537ca65743299fdf36803,02d6239936467bb3c211e21211456a04736e4b59f3073e504643712960fcf3cf,3369a1508281082433c78fe0083966801b3d7085c521919558dc1265ecbee42f,streaming-long-csv-v1,blocked,Solar,512,192,42,0.1,31336,31016,31528,0.9936580416032471,0.9835109081684424,0.9997463216641299,68.84141080943922,79
1.0,2026-09-20T11:53:36.910358+00:00,97ff94ac46223bbf5ff537ca65743299fdf36803,02d6239936467bb3c211e21211456a04736e4b59f3073e504643712960fcf3cf,3369a1508281082433c78fe0083966801b3d7085c521919558dc1265ecbee42f,streaming-long-csv-v1,blocked,Solar,512,192,42,0.2,31336,31016,31528,0.9936580416032471,0.9835109081684424,0.9997463216641299,137.68282161887845,152
1.0,2026-09-20T11:53:36.910358+00:00,97ff94ac46223bbf5ff537ca65743299fdf36803,02d6239936467bb3c211e21211456a04736e4b59f3073e504643712960fcf3cf,3369a1508281082433c78fe0083966801b3d7085c521919558dc1265ecbee42f,streaming-long-csv-v1,blocked,Solar,512,192,42,0.5,31343,31023,31535,0.9938800101471335,0.9837328767123288,0.9999682902080163,344.1529728872681,366
1.0,2026-09-20T11:53:36.910358+00:00,97ff94ac46223bbf5ff537ca65743299fdf36803,02d6239936467bb3c211e21211456a04736e4b59f3073e504643712960fcf3cf,3369a1508281082433c78fe0083966801b3d7085c521919558dc1265ecbee42f,streaming-long-csv-v1,blocked,Solar,512,192,42,1.0,31344,31024,31536,0.9939117199391172,0.9837645865043125,1.0,688.3064434297311,704
1.0,2026-09-20T11:53:36.910358+00:00,97ff94ac46223bbf5ff537ca65743299fdf36803,02d6239936467bb3c211e21211456a04736e4b59f3073e504643712960fcf3cf,3369a1508281082433c78fe0083966801b3d7085c521919558dc1265ecbee42f,streaming-long-csv-v1,blocked,Solar,512,336,42,0.0,0,0,0,0.0,0.0,0.0,0.0,0
1.0,2026-09-20T11:53:36.910358+00:00,97ff94ac46223bbf5ff537ca65743299fdf36803,02d6239936467bb3c211e21211456a04736e4b59f3073e504643712960fcf3cf,3369a1508281082433c78fe0083966801b3d7085c521919558dc1265ecbee42f,streaming-long-csv-v1,blocked,Solar,512,336,42,0.005,31094,30125,31430,0.9859842719431761,0.9552574835109082,0.9966387620497209,4.128030544066179,6
1.0,2026-09-20T11:53:36.910358+00:00,97ff94ac46223bbf5ff537ca65743299fdf36803,02d6239936467bb3c211e21211456a04736e4b59f3073e504643712960fcf3cf,3369a1508281082433c78fe0083966801b3d7085c521919558dc1265ecbee42f,streaming-long-csv-v1,blocked,Solar,512,336,42,0.01,31125,30949,31461,0.9869672754946728,0.9813863521055302,0.9976217656012176,8.247926003623533,11
1.0,2026-09-20T11:53:36.910358+00:00,97ff94ac46223bbf5ff537ca65743299fdf36803,02d6239936467bb3c211e21211456a04736e4b59f3073e504643712960fcf3cf,3369a1508281082433c78fe0083966801b3d7085c521919558dc1265ecbee42f,streaming-long-csv-v1,blocked,Solar,512,336,42,0.02,31125,30949,31461,0.9869672754946728,0.9813863521055302,0.9976217656012176,16.522806013794856,20
1.0,2026-09-20T11:53:36.910358+00:00,97ff94ac46223bbf5ff537ca65743299fdf36803,02d6239936467bb3c211e21211456a04736e4b59f3073e504643712960fcf3cf,3369a1508281082433c78fe0083966801b3d7085c521919558dc1265ecbee42f,streaming-long-csv-v1,blocked,Solar,512,336,42,0.05,31171,30995,31507,0.9884259259259259,0.9828450025367833,0.9990804160324708,41.287079061795794,49
1.0,2026-09-20T11:53:36.910358+00:00,97ff94ac46223bbf5ff537ca65743299fdf36803,02d6239936467bb3c211e21211456a04736e4b59f3073e504643712960fcf3cf,3369a1508281082433c78fe0083966801b3d7085c521919558dc1265ecbee42f,streaming-long-csv-v1,blocked,Solar,512,336,42,0.1,31196,31020,31532,0.98921867072552,0.9836377473363774,0.9998731608320649,82.5086895851833,94
1.0,2026-09-20T11:53:36.910358+00:00,97ff94ac46223bbf5ff537ca65743299fdf36803,02d6239936467bb3c211e21211456a04736e4b59f3073e504643712960fcf3cf,3369a1508281082433c78fe0083966801b3d7085c521919558dc1265ecbee42f,streaming-long-csv-v1,blocked,Solar,512,336,42,0.2,31196,31020,31532,0.98921867072552,0.9836377473363774,0.9998731608320649,165.0442724850945,185
1.0,2026-09-20T11:53:36.910358+00:00,97ff94ac46223bbf5ff537ca65743299fdf36803,02d6239936467bb3c211e21211456a04736e4b59f3073e504643712960fcf3cf,3369a1508281082433c78fe0083966801b3d7085c521919558dc1265ecbee42f,streaming-long-csv-v1,blocked,Solar,512,336,42,0.5,31199,31023,31535,0.9893138001014713,0.9837328767123288,0.9999682902080163,412.61176470588236,437
1.0,2026-09-20T11:53:36.910358+00:00,97ff94ac46223bbf5ff537ca65743299fdf36803,02d6239936467bb3c211e21211456a04736e4b59f3073e504643712960fcf3cf,3369a1508281082433c78fe0083966801b3d7085c521919558dc1265ecbee42f,streaming-long-csv-v1,blocked,Solar,512,336,42,1.0,31200,31024,31536,0.989345509893455,0.9837645865043125,1.0,825.2242516489092,848
1.0,2026-09-20T11:53:36.910358+00:00,97ff94ac46223bbf5ff537ca65743299fdf36803,02d6239936467bb3c211e21211456a04736e4b59f3073e504643712960fcf3cf,3369a1508281082433c78fe0083966801b3d7085c521919558dc1265ecbee42f,streaming-long-csv-v1,blocked,Solar,512,720,42,0.0,0,0,0,0.0,0.0,0.0,0.0,0
1.0,2026-09-20T11:53:36.910358+00:00,97ff94ac46223bbf5ff537ca65743299fdf36803,02d6239936467bb3c211e21211456a04736e4b59f3073e504643712960fcf3cf,3369a1508281082433c78fe0083966801b3d7085c521919558dc1265ecbee42f,streaming-long-csv-v1,blocked,Solar,512,720,42,0.005,30496,30708,31220,0.9670218163368848,0.973744292237443,0.9899797057331304,5.958744394618834,7
1.0,2026-09-20T11:53:36.910358+00:00,97ff94ac46223bbf5ff537ca65743299fdf36803,02d6239936467bb3c211e21211456a04736e4b59f3073e504643712960fcf3cf,3369a1508281082433c78fe0083966801b3d7085c521919558dc1265ecbee42f,streaming-long-csv-v1,blocked,Solar,512,720,42,0.01,30718,30926,31438,0.9740613901572805,0.9806570268899036,0.9968924403855911,11.8740377886634,14
1.0,2026-09-20T11:53:36.910358+00:00,97ff94ac46223bbf5ff537ca65743299fdf36803,02d6239936467bb3c211e21211456a04736e4b59f3073e504643712960fcf3cf,3369a1508281082433c78fe0083966801b3d7085c521919558dc1265ecbee42f,streaming-long-csv-v1,blocked,Solar,512,720,42,0.02,30732,30940,31452,0.9745053272450532,0.9811009639776763,0.9973363774733638,23.737504769172073,28
1.0,2026-09-20T11:53:36.910358+00:00,97ff94ac46223bbf5ff537ca65743299fdf36803,02d6239936467bb3c211e21211456a04736e4b59f3073e504643712960fcf3cf,3369a1508281082433c78fe0083966801b3d7085c521919558dc1265ecbee42f,streaming-long-csv-v1,blocked,Solar,512,720,42,0.05,30752,30960,31472,0.9751395230847285,0.9817351598173516,0.9979705733130391,59.306049822064054,67
1.0,2026-09-20T11:53:36.910358+00:00,97ff94ac46223bbf5ff537ca65743299fdf36803,02d6239936467bb3c211e21211456a04736e4b59f3073e504643712960fcf3cf,3369a1508281082433c78fe0083966801b3d7085c521919558dc1265ecbee42f,streaming-long-csv-v1,blocked,Solar,512,720,42,0.1,30816,31024,31536,0.9771689497716894,0.9837645865043125,1.0,118.37138508371385,133
1.0,2026-09-20T11:53:36.910358+00:00,97ff94ac46223bbf5ff537ca65743299fdf36803,02d6239936467bb3c211e21211456a04736e4b59f3073e504643712960fcf3cf,3369a1508281082433c78fe0083966801b3d7085c521919558dc1265ecbee42f,streaming-long-csv-v1,blocked,Solar,512,720,42,0.2,30816,31024,31536,0.9771689497716894,0.9837645865043125,1.0,236.7818366311517,258
1.0,2026-09-20T11:53:36.910358+00:00,97ff94ac46223bbf5ff537ca65743299fdf36803,02d6239936467bb3c211e21211456a04736e4b59f3073e504643712960fcf3cf,3369a1508281082433c78fe0083966801b3d7085c521919558dc1265ecbee42f,streaming-long-csv-v1,blocked,Solar,512,720,42,0.5,30816,31024,31536,0.9771689497716894,0.9837645865043125,1.0,591.9350583460173,632
1.0,2026-09-20T11:53:36.910358+00:00,97ff94ac46223bbf5ff537ca65743299fdf36803,02d6239936467bb3c211e21211456a04736e4b59f3073e504643712960fcf3cf,3369a1508281082433c78fe0083966801b3d7085c521919558dc1265ecbee42f,streaming-long-csv-v1,blocked,Solar,512,720,42,1.0,30816,31024,31536,0.9771689497716894,0.9837645865043125,1.0,1183.9091831557585,1232
1.0,2026-09-20T11:53:36.910358+00:00,97ff94ac46223bbf5ff537ca65743299fdf36803,db0b78b5d32440cbeee2fc47dcd6d81f28c33b76da36aa343b28b6dff1c023c7,3369a1508281082433c78fe0083966801b3d7085c521919558dc1265ecbee42f,streaming-long-csv-v1,blocked,Wind,256,96,42,0.0,0,0,0,0.0,0.0,0.0,0.0,0
1.0,2026-09-20T11:53:36.910358+00:00,97ff94ac46223bbf5ff537ca65743299fdf36803,db0b78b5d32440cbeee2fc47dcd6d81f28c33b76da36aa343b28b6dff1c023c7,3369a1508281082433c78fe0083966801b3d7085c521919558dc1265ecbee42f,streaming-long-csv-v1,blocked,Wind,256,96,42,0.005,25933,13370,28324,0.888025202890114,0.457829675033387,0.9699003527034894,1.7895777432566022,3
1.0,2026-09-20T11:53:36.910358+00:00,97ff94ac46223bbf5ff537ca65743299fdf36803,db0b78b5d32440cbeee2fc47dcd6d81f28c33b76da36aa343b28b6dff1c023c7,3369a1508281082433c78fe0083966801b3d7085c521919558dc1265ecbee42f,streaming-long-csv-v1,blocked,Wind,256,96,42,0.01,28855,20545,29054,0.9880834160873883,0.7035236105879533,0.9948977844741979,3.489226956701315,6
1.0,2026-09-20T11:53:36.910358+00:00,97ff94ac46223bbf5ff537ca65743299fdf36803,db0b78b5d32440cbeee2fc47dcd6d81f28c33b76da36aa343b28b6dff1c023c7,3369a1508281082433c78fe0083966801b3d7085c521919558dc1265ecbee42f,streaming-long-csv-v1,blocked,Wind,256,96,42,0.02,29089,26850,29185,0.996096291476903,0.9194260863609903,0.9993836249700373,6.959191365427445,11
1.0,2026-09-20T11:53:36.910358+00:00,97ff94ac46223bbf5ff537ca65743299fdf36803,db0b78b5d32440cbeee2fc47dcd6d81f28c33b76da36aa343b28b6dff1c023c7,3369a1508281082433c78fe0083966801b3d7085c521919558dc1265ecbee42f,streaming-long-csv-v1,blocked,Wind,256,96,42,0.05,29092,28879,29188,0.9961990206485635,0.9889052494606718,0.9994863541416977,17.390160339865698,24
1.0,2026-09-20T11:53:36.910358+00:00,97ff94ac46223bbf5ff537ca65743299fdf36803,db0b78b5d32440cbeee2fc47dcd6d81f28c33b76da36aa343b28b6dff1c023c7,3369a1508281082433c78fe0083966801b3d7085c521919558dc1265ecbee42f,streaming-long-csv-v1,blocked,Wind,256,96,42,0.1,29092,28932,29188,0.9961990206485635,0.9907201314933397,0.9994863541416977,34.79238043031383,44
1.0,2026-09-20T11:53:36.910358+00:00,97ff94ac46223bbf5ff537ca65743299fdf36803,db0b78b5d32440cbeee2fc47dcd6d81f28c33b76da36aa343b28b6dff1c023c7,3369a1508281082433c78fe0083966801b3d7085c521919558dc1265ecbee42f,streaming-long-csv-v1,blocked,Wind,256,96,42,0.2,29093,28933,29189,0.9962332637057837,0.9907543745505599,0.999520597198918,69.5823769228134,83
1.0,2026-09-20T11:53:36.910358+00:00,97ff94ac46223bbf5ff537ca65743299fdf36803,db0b78b5d32440cbeee2fc47dcd6d81f28c33b76da36aa343b28b6dff1c023c7,3369a1508281082433c78fe0083966801b3d7085c521919558dc1265ecbee42f,streaming-long-csv-v1,blocked,Wind,256,96,42,0.5,29106,28946,29202,0.9966784234496456,0.9911995342944218,0.9999657569427799,173.8905554414081,188
1.0,2026-09-20T11:53:36.910358+00:00,97ff94ac46223bbf5ff537ca65743299fdf36803,db0b78b5d32440cbeee2fc47dcd6d81f28c33b76da36aa343b28b6dff1c023c7,3369a1508281082433c78fe0083966801b3d7085c521919558dc1265ecbee42f,streaming-long-csv-v1,blocked,Wind,256,96,42,1.0,29107,28947,29203,0.9967126665068657,0.991233777351642,1.0,347.7692017943362,352
1.0,2026-09-20T11:53:36.910358+00:00,97ff94ac46223bbf5ff537ca65743299fdf36803,db0b78b5d32440cbeee2fc47dcd6d81f28c33b76da36aa343b28b6dff1c023c7,3369a1508281082433c78fe0083966801b3d7085c521919558dc1265ecbee42f,streaming-long-csv-v1,blocked,Wind,256,192,42,0.0,0,0,0,0.0,0.0,0.0,0.0,0
1.0,2026-09-20T11:53:36.910358+00:00,97ff94ac46223bbf5ff537ca65743299fdf36803,db0b78b5d32440cbeee2fc47dcd6d81f28c33b76da36aa343b28b6dff1c023c7,3369a1508281082433c78fe0083966801b3d7085c521919558dc1265ecbee42f,streaming-long-csv-v1,blocked,Wind,256,192,42,0.005,25684,22176,28942,0.879498681642297,0.7593740369140157,0.9910625620655412,2.213530509294451,4
1.0,2026-09-20T11:53:36.910358+00:00,97ff94ac46223bbf5ff537ca65743299fdf36803,db0b78b5d32440cbeee2fc47dcd6d81f28c33b76da36aa343b28b6dff1c023c7,3369a1508281082433c78fe0083966801b3d7085c521919558dc1265ecbee42f,streaming-long-csv-v1,blocked,Wind,256,192,42,0.01,28761,27585,29054,0.9848645687086943,0.9445947334177995,0.9948977844741979,4.425414744957665,7
1.0,2026-09-20T11:53:36.910358+00:00,97ff94ac46223bbf5ff537ca65743299fdf36803,db0b78b5d32440cbeee2fc47dcd6d81f28c33b76da36aa343b28b6dff1c023c7,3369a1508281082433c78fe0083966801b3d7085c521919558dc1265ecbee42f,streaming-long-csv-v1,blocked,Wind,256,192,42,0.02,28993,28910,29185,0.9928089579837688,0.9899667842344965,0.9993836249700373,8.826451944492034,14
1.0,2026-09-20T11:53:36.910358+00:00,97ff94ac46223bbf5ff537ca65743299fdf36803,db0b78b5d32440cbeee2fc47dcd6d81f28c33b76da36aa343b28b6dff1c023c7,3369a1508281082433c78fe0083966801b3d7085c521919558dc1265ecbee42f,streaming-long-csv-v1,blocked,Wind,256,192,42,0.05,28996,28932,29188,0.9929116871554292,0.9907201314933397,0.9994863541416977,22.056187474304508,30
1.0,2026-09-20T11:53:36.910358+00:00,97ff94ac46223bbf5ff537ca65743299fdf36803,db0b78b5d32440cbeee2fc47dcd6d81f28c33b76da36aa343b28b6dff1c023c7,3369a1508281082433c78fe0083966801b3d7085c521919558dc1265ecbee42f,streaming-long-csv-v1,blocked,Wind,256,192,42,0.1,28996,28932,29188,0.9929116871554292,0.9907201314933397,0.9994863541416977,44.12772372207757,54
1.0,2026-09-20T11:53:36.910358+00:00,97ff94ac46223bbf5ff537ca65743299fdf36803,db0b78b5d32440cbeee2fc47dcd6d81f28c33b76da36aa343b28b6dff1c023c7,3369a1508281082433c78fe0083966801b3d7085c521919558dc1265ecbee42f,streaming-long-csv-v1,blocked,Wind,256,192,42,0.2,28997,28933,29189,0.9929459302126494,0.9907543745505599,0.999520597198918,88.26777210593032,101
1.0,2026-09-20T11:53:36.910358+00:00,97ff94ac46223bbf5ff537ca65743299fdf36803,db0b78b5d32440cbeee2fc47dcd6d81f28c33b76da36aa343b28b6dff1c023c7,3369a1508281082433c78fe0083966801b3d7085c521919558dc1265ecbee42f,streaming-long-csv-v1,blocked,Wind,256,192,42,0.5,29010,28946,29202,0.9933910899565113,0.9911995342944218,0.9999657569427799,220.57886446133827,238
1.0,2026-09-20T11:53:36.910358+00:00,97ff94ac46223bbf5ff537ca65743299fdf36803,db0b78b5d32440cbeee2fc47dcd6d81f28c33b76da36aa343b28b6dff1c023c7,3369a1508281082433c78fe0083966801b3d7085c521919558dc1265ecbee42f,streaming-long-csv-v1,blocked,Wind,256,192,42,1.0,29011,28947,29203,0.9934253330137315,0.991233777351642,1.0,441.1426223333219,448
1.0,2026-09-20T11:53:36.910358+00:00,97ff94ac46223bbf5ff537ca65743299fdf36803,db0b78b5d32440cbeee2fc47dcd6d81f28c33b76da36aa343b28b6dff1c023c7,3369a1508281082433c78fe0083966801b3d7085c521919558dc1265ecbee42f,streaming-long-csv-v1,blocked,Wind,256,336,42,0.0,0,0,0,0.0,0.0,0.0,0.0,0
1.0,2026-09-20T11:53:36.910358+00:00,97ff94ac46223bbf5ff537ca65743299fdf36803,db0b78b5d32440cbeee2fc47dcd6d81f28c33b76da36aa343b28b6dff1c023c7,3369a1508281082433c78fe0083966801b3d7085c521919558dc1265ecbee42f,streaming-long-csv-v1,blocked,Wind,256,336,42,0.005,25956,27986,29019,0.8888127932061775,0.9583261993630792,0.9936992774714927,2.917261104793411,5
1.0,2026-09-20T11:53:36.910358+00:00,97ff94ac46223bbf5ff537ca65743299fdf36803,db0b78b5d32440cbeee2fc47dcd6d81f28c33b76da36aa343b28b6dff1c023c7,3369a1508281082433c78fe0083966801b3d7085c521919558dc1265ecbee42f,streaming-long-csv-v1,blocked,Wind,256,336,42,0.01,28626,28811,29067,0.9802417559839742,0.9865767215697018,0.9953429442180598,5.824887329273746,8
1.0,2026-09-20T11:53:36.910358+00:00,97ff94ac46223bbf5ff537ca65743299fdf36803,db0b78b5d32440cbeee2fc47dcd6d81f28c33b76da36aa343b28b6dff1c023c7,3369a1508281082433c78fe0083966801b3d7085c521919558dc1265ecbee42f,streaming-long-csv-v1,blocked,Wind,256,336,42,0.02,28828,28908,29164,0.9871588535424443,0.9898982981200561,0.9986645207684142,11.611027293924016,16
1.0,2026-09-20T11:53:36.910358+00:00,97ff94ac46223bbf5ff537ca65743299fdf36803,db0b78b5d32440cbeee2fc47dcd6d81f28c33b76da36aa343b28b6dff1c023c7,3369a1508281082433c78fe0083966801b3d7085c521919558dc1265ecbee42f,streaming-long-csv-v1,blocked,Wind,256,336,42,0.05,28849,28929,29185,0.9878779577440674,0.9906174023216793,0.9993836249700373,29.006681514476615,36
1.0,2026-09-20T11:53:36.910358+00:00,97ff94ac46223bbf5ff537ca65743299fdf36803,db0b78b5d32440cbeee2fc47dcd6d81f28c33b76da36aa343b28b6dff1c023c7,3369a1508281082433c78fe0083966801b3d7085c521919558dc1265ecbee42f,streaming-long-csv-v1,blocked,Wind,256,336,42,0.1,28850,28930,29186,0.9879122008012875,0.9906516453788994,0.9994178680272575,58.03165901459604,67
1.0,2026-09-20T11:53:36.910358+00:00,97ff94ac46223bbf5ff537ca65743299fdf36803,db0b78b5d32440cbeee2fc47dcd6d81f28c33b76da36aa343b28b6dff1c023c7,3369a1508281082433c78fe0083966801b3d7085c521919558dc1265ecbee42f,streaming-long-csv-v1,blocked,Wind,256,336,42,0.2,28850,28930,29186,0.9879122008012875,0.9906516453788994,0.9994178680272575,116.06331802919208,128
1.0,2026-09-20T11:53:36.910358+00:00,97ff94ac46223bbf5ff537ca65743299fdf36803,db0b78b5d32440cbeee2fc47dcd6d81f28c33b76da36aa343b28b6dff1c023c7,3369a1508281082433c78fe0083966801b3d7085c521919558dc1265ecbee42f,streaming-long-csv-v1,blocked,Wind,256,336,42,0.5,28865,28945,29201,0.9884258466595898,0.9911652912372017,0.9999315138855597,290.02951953700216,311
1.0,2026-09-20T11:53:36.910358+00:00,97ff94ac46223bbf5ff537ca65743299fdf36803,db0b78b5d32440cbeee2fc47dcd6d81f28c33b76da36aa343b28b6dff1c023c7,3369a1508281082433c78fe0083966801b3d7085c521919558dc1265ecbee42f,streaming-long-csv-v1,blocked,Wind,256,336,42,1.0,28867,28947,29203,0.9884943327740301,0.991233777351642,1.0,580.0193130842722,592
1.0,2026-09-20T11:53:36.910358+00:00,97ff94ac46223bbf5ff537ca65743299fdf36803,db0b78b5d32440cbeee2fc47dcd6d81f28c33b76da36aa343b28b6dff1c023c7,3369a1508281082433c78fe0083966801b3d7085c521919558dc1265ecbee42f,streaming-long-csv-v1,blocked,Wind,256,720,42,0.0,0,0,0,0.0,0.0,0.0,0.0,0
1.0,2026-09-20T11:53:36.910358+00:00,97ff94ac46223bbf5ff537ca65743299fdf36803,db0b78b5d32440cbeee2fc47dcd6d81f28c33b76da36aa343b28b6dff1c023c7,3369a1508281082433c78fe0083966801b3d7085c521919558dc1265ecbee42f,streaming-long-csv-v1,blocked,Wind,256,720,42,0.005,25620,28722,28978,0.8773071259802075,0.9835290894771085,0.9922953121254665,4.748981986334461,7
1.0,2026-09-20T11:53:36.910358+00:00,97ff94ac46223bbf5ff537ca65743299fdf36803,db0b78b5d32440cbeee2fc47dcd6d81f28c33b76da36aa343b28b6dff1c023c7,3369a1508281082433c78fe0083966801b3d7085c521919558dc1265ecbee42f,streaming-long-csv-v1,blocked,Wind,256,720,42,0.01,28266,28739,28995,0.9679142553847208,0.9841112214498511,0.9928774440982091,9.492395240558716,13
1.0,2026-09-20T11:53:36.910358+00:00,97ff94ac46223bbf5ff537ca65743299fdf36803,db0b78b5d32440cbeee2fc47dcd6d81f28c33b76da36aa343b28b6dff1c023c7,3369a1508281082433c78fe0083966801b3d7085c521919558dc1265ecbee42f,streaming-long-csv-v1,blocked,Wind,256,720,42,0.02,28353,28817,29073,0.9708934013628737,0.9867821799130226,0.9955484025613807,18.933856155195542,23
1.0,2026-09-20T11:53:36.910358+00:00,97ff94ac46223bbf5ff537ca65743299fdf36803,db0b78b5d32440cbeee2fc47dcd6d81f28c33b76da36aa343b28b6dff1c023c7,3369a1508281082433c78fe0083966801b3d7085c521919558dc1265ecbee42f,streaming-long-csv-v1,blocked,Wind,256,720,42,0.05,28467,28931,29187,0.9747971098859706,0.9906858884361196,0.9994521110844776,47.18319799910919,54
1.0,2026-09-20T11:53:36.910358+00:00,97ff94ac46223bbf5ff537ca65743299fdf36803,db0b78b5d32440cbeee2fc47dcd6d81f28c33b76da36aa343b28b6dff1c023c7,3369a1508281082433c78fe0083966801b3d7085c521919558dc1265ecbee42f,streaming-long-csv-v1,blocked,Wind,256,720,42,0.1,28468,28932,29188,0.9748313529431908,0.9907201314933397,0.9994863541416977,94.36316294367548,106
1.0,2026-09-20T11:53:36.910358+00:00,97ff94ac46223bbf5ff537ca65743299fdf36803,db0b78b5d32440cbeee2fc47dcd6d81f28c33b76da36aa343b28b6dff1c023c7,3369a1508281082433c78fe0083966801b3d7085c521919558dc1265ecbee42f,streaming-long-csv-v1,blocked,Wind,256,720,42,0.2,28468,28932,29188,0.9748313529431908,0.9907201314933397,0.9994863541416977,188.75976428669316,206
1.0,2026-09-20T11:53:36.910358+00:00,97ff94ac46223bbf5ff537ca65743299fdf36803,db0b78b5d32440cbeee2fc47dcd6d81f28c33b76da36aa343b28b6dff1c023c7,3369a1508281082433c78fe0083966801b3d7085c521919558dc1265ecbee42f,streaming-long-csv-v1,blocked,Wind,256,720,42,0.5,28481,28945,29201,0.9752765126870527,0.9911652912372017,0.9999315138855597,471.73946097736376,502
1.0,2026-09-20T11:53:36.910358+00:00,97ff94ac46223bbf5ff537ca65743299fdf36803,db0b78b5d32440cbeee2fc47dcd6d81f28c33b76da36aa343b28b6dff1c023c7,3369a1508281082433c78fe0083966801b3d7085c521919558dc1265ecbee42f,streaming-long-csv-v1,blocked,Wind,256,720,42,1.0,28483,28947,29203,0.975344998801493,0.991233777351642,1.0,943.4143067493065,976
1.0,2026-09-20T11:53:36.910358+00:00,97ff94ac46223bbf5ff537ca65743299fdf36803,db0b78b5d32440cbeee2fc47dcd6d81f28c33b76da36aa343b28b6dff1c023c7,3369a1508281082433c78fe0083966801b3d7085c521919558dc1265ecbee42f,streaming-long-csv-v1,blocked,Wind,512,96,42,0.0,0,0,0,0.0,0.0,0.0,0.0,0
1.0,2026-09-20T11:53:36.910358+00:00,97ff94ac46223bbf5ff537ca65743299fdf36803,db0b78b5d32440cbeee2fc47dcd6d81f28c33b76da36aa343b28b6dff1c023c7,3369a1508281082433c78fe0083966801b3d7085c521919558dc1265ecbee42f,streaming-long-csv-v1,blocked,Wind,512,96,42,0.005,28923,13097,29019,0.9904119439783584,0.4484813204122864,0.9936992774714927,2.975154209311141,5
1.0,2026-09-20T11:53:36.910358+00:00,97ff94ac46223bbf5ff537ca65743299fdf36803,db0b78b5d32440cbeee2fc47dcd6d81f28c33b76da36aa343b28b6dff1c023c7,3369a1508281082433c78fe0083966801b3d7085c521919558dc1265ecbee42f,streaming-long-csv-v1,blocked,Wind,512,96,42,0.01,28971,20892,29067,0.9920556107249255,0.7154059514433448,0.9953429442180598,5.961399525234802,9
1.0,2026-09-20T11:53:36.910358+00:00,97ff94ac46223bbf5ff537ca65743299fdf36803,db0b78b5d32440cbeee2fc47dcd6d81f28c33b76da36aa343b28b6dff1c023c7,3369a1508281082433c78fe0083966801b3d7085c521919558dc1265ecbee42f,streaming-long-csv-v1,blocked,Wind,512,96,42,0.02,29068,26841,29164,0.9953771872752799,0.9191178988460089,0.9986645207684142,11.903991222054588,16
1.0,2026-09-20T11:53:36.910358+00:00,97ff94ac46223bbf5ff537ca65743299fdf36803,db0b78b5d32440cbeee2fc47dcd6d81f28c33b76da36aa343b28b6dff1c023c7,3369a1508281082433c78fe0083966801b3d7085c521919558dc1265ecbee42f,streaming-long-csv-v1,blocked,Wind,512,96,42,0.05,29089,28663,29185,0.996096291476903,0.9815087491011197,0.9993836249700373,29.769813260236422,37
1.0,2026-09-20T11:53:36.910358+00:00,97ff94ac46223bbf5ff537ca65743299fdf36803,db0b78b5d32440cbeee2fc47dcd6d81f28c33b76da36aa343b28b6dff1c023c7,3369a1508281082433c78fe0083966801b3d7085c521919558dc1265ecbee42f,streaming-long-csv-v1,blocked,Wind,512,96,42,0.1,29090,28674,29186,0.9961305345341233,0.9818854227305414,0.9994178680272575,59.55841841979031,69
1.0,2026-09-20T11:53:36.910358+00:00,97ff94ac46223bbf5ff537ca65743299fdf36803,db0b78b5d32440cbeee2fc47dcd6d81f28c33b76da36aa343b28b6dff1c023c7,3369a1508281082433c78fe0083966801b3d7085c521919558dc1265ecbee42f,streaming-long-csv-v1,blocked,Wind,512,96,42,0.2,29090,28674,29186,0.9961305345341233,0.9818854227305414,0.9994178680272575,119.13766874528883,132
1.0,2026-09-20T11:53:36.910358+00:00,97ff94ac46223bbf5ff537ca65743299fdf36803,db0b78b5d32440cbeee2fc47dcd6d81f28c33b76da36aa343b28b6dff1c023c7,3369a1508281082433c78fe0083966801b3d7085c521919558dc1265ecbee42f,streaming-long-csv-v1,blocked,Wind,512,96,42,0.5,29105,28689,29201,0.9966441803924254,0.9823990685888436,0.9999315138855597,297.7015855621383,318
1.0,2026-09-20T11:53:36.910358+00:00,97ff94ac46223bbf5ff537ca65743299fdf36803,db0b78b5d32440cbeee2fc47dcd6d81f28c33b76da36aa343b28b6dff1c023c7,3369a1508281082433c78fe0083966801b3d7085c521919558dc1265ecbee42f,streaming-long-csv-v1,blocked,Wind,512,96,42,1.0,29107,28691,29203,0.9967126665068657,0.982467554703284,1.0,595.3623942745609,608
1.0,2026-09-20T11:53:36.910358+00:00,97ff94ac46223bbf5ff537ca65743299fdf36803,db0b78b5d32440cbeee2fc47dcd6d81f28c33b76da36aa343b28b6dff1c023c7,3369a1508281082433c78fe0083966801b3d7085c521919558dc1265ecbee42f,streaming-long-csv-v1,blocked,Wind,512,192,42,0.0,0,0,0,0.0,0.0,0.0,0.0,0
1.0,2026-09-20T11:53:36.910358+00:00,97ff94ac46223bbf5ff537ca65743299fdf36803,db0b78b5d32440cbeee2fc47dcd6d81f28c33b76da36aa343b28b6dff1c023c7,3369a1508281082433c78fe0083966801b3d7085c521919558dc1265ecbee42f,streaming-long-csv-v1,blocked,Wind,512,192,42,0.005,28784,22248,28976,0.9856521590247578,0.7618395370338664,0.9922268260110263,3.45002760905577,5
1.0,2026-09-20T11:53:36.910358+00:00,97ff94ac46223bbf5ff537ca65743299fdf36803,db0b78b5d32440cbeee2fc47dcd6d81f28c33b76da36aa343b28b6dff1c023c7,3369a1508281082433c78fe0083966801b3d7085c521919558dc1265ecbee42f,streaming-long-csv-v1,blocked,Wind,512,192,42,0.01,28832,27471,29024,0.9872958257713249,0.9406910248947026,0.9938704927575934,6.91289966923925,9
1.0,2026-09-20T11:53:36.910358+00:00,97ff94ac46223bbf5ff537ca65743299fdf36803,db0b78b5d32440cbeee2fc47dcd6d81f28c33b76da36aa343b28b6dff1c023c7,3369a1508281082433c78fe0083966801b3d7085c521919558dc1265ecbee42f,streaming-long-csv-v1,blocked,Wind,512,192,42,0.02,28880,28560,29072,0.988939492517892,0.9779817142074444,0.9955141595041606,13.802971931755641,18
1.0,2026-09-20T11:53:36.910358+00:00,97ff94ac46223bbf5ff537ca65743299fdf36803,db0b78b5d32440cbeee2fc47dcd6d81f28c33b76da36aa343b28b6dff1c023c7,3369a1508281082433c78fe0083966801b3d7085c521919558dc1265ecbee42f,streaming-long-csv-v1,blocked,Wind,512,192,42,0.05,28973,28653,29165,0.9921240968393659,0.9811663185289182,0.9986987638256344,34.39739413680782,42
1.0,2026-09-20T11:53:36.910358+00:00,97ff94ac46223bbf5ff537ca65743299fdf36803,db0b78b5d32440cbeee2fc47dcd6d81f28c33b76da36aa343b28b6dff1c023c7,3369a1508281082433c78fe0083966801b3d7085c521919558dc1265ecbee42f,streaming-long-csv-v1,blocked,Wind,512,192,42,0.1,28985,28665,29177,0.9925350135260076,0.9815772352155601,0.9991096805122761,68.76649415635603,79
1.0,2026-09-20T11:53:36.910358+00:00,97ff94ac46223bbf5ff537ca65743299fdf36803,db0b78b5d32440cbeee2fc47dcd6d81f28c33b76da36aa343b28b6dff1c023c7,3369a1508281082433c78fe0083966801b3d7085c521919558dc1265ecbee42f,streaming-long-csv-v1,blocked,Wind,512,192,42,0.2,28985,28665,29177,0.9925350135260076,0.9815772352155601,0.9991096805122761,137.53298831271206,154
1.0,2026-09-20T11:53:36.910358+00:00,97ff94ac46223bbf5ff537ca65743299fdf36803,db0b78b5d32440cbeee2fc47dcd6d81f28c33b76da36aa343b28b6dff1c023c7,3369a1508281082433c78fe0083966801b3d7085c521919558dc1265ecbee42f,streaming-long-csv-v1,blocked,Wind,512,192,42,0.5,29009,28689,29201,0.9933568468992912,0.9823990685888436,0.9999315138855597,343.54987842882093,364
1.0,2026-09-20T11:53:36.910358+00:00,97ff94ac46223bbf5ff537ca65743299fdf36803,db0b78b5d32440cbeee2fc47dcd6d81f28c33b76da36aa343b28b6dff1c023c7,3369a1508281082433c78fe0083966801b3d7085c521919558dc1265ecbee42f,streaming-long-csv-v1,blocked,Wind,512,192,42,1.0,29011,28691,29203,0.9934253330137315,0.982467554703284,1.0,687.0527000650618,704
1.0,2026-09-20T11:53:36.910358+00:00,97ff94ac46223bbf5ff537ca65743299fdf36803,db0b78b5d32440cbeee2fc47dcd6d81f28c33b76da36aa343b28b6dff1c023c7,3369a1508281082433c78fe0083966801b3d7085c521919558dc1265ecbee42f,streaming-long-csv-v1,blocked,Wind,512,336,42,0.0,0,0,0,0.0,0.0,0.0,0.0,0
1.0,2026-09-20T11:53:36.910358+00:00,97ff94ac46223bbf5ff537ca65743299fdf36803,db0b78b5d32440cbeee2fc47dcd6d81f28c33b76da36aa343b28b6dff1c023c7,3369a1508281082433c78fe0083966801b3d7085c521919558dc1265ecbee42f,streaming-long-csv-v1,blocked,Wind,512,336,42,0.005,28642,27363,28978,0.9807896448994966,0.9369927747149266,0.9922953121254665,4.1261646766512525,6
1.0,2026-09-20T11:53:36.910358+00:00,97ff94ac46223bbf5ff537ca65743299fdf36803,db0b78b5d32440cbeee2fc47dcd6d81f28c33b76da36aa343b28b6dff1c023c7,3369a1508281082433c78fe0083966801b3d7085c521919558dc1265ecbee42f,streaming-long-csv-v1,blocked,Wind,512,336,42,0.01,28659,28483,28995,0.9813717768722392,0.975344998801493,0.9928774440982091,8.276737368511812,11
1.0,2026-09-20T11:53:36.910358+00:00,97ff94ac46223bbf5ff537ca65743299fdf36803,db0b78b5d32440cbeee2fc47dcd6d81f28c33b76da36aa343b28b6dff1c023c7,3369a1508281082433c78fe0083966801b3d7085c521919558dc1265ecbee42f,streaming-long-csv-v1,blocked,Wind,512,336,42,0.02,28737,28561,29073,0.9840427353354108,0.9780159572646646,0.9955484025613807,16.538231348674028,21
1.0,2026-09-20T11:53:36.910358+00:00,97ff94ac46223bbf5ff537ca65743299fdf36803,db0b78b5d32440cbeee2fc47dcd6d81f28c33b76da36aa343b28b6dff1c023c7,3369a1508281082433c78fe0083966801b3d7085c521919558dc1265ecbee42f,streaming-long-csv-v1,blocked,Wind,512,336,42,0.05,28851,28675,29187,0.9879464438585077,0.9819196657877616,0.9994521110844776,41.169561791208416,49
1.0,2026-09-20T11:53:36.910358+00:00,97ff94ac46223bbf5ff537ca65743299fdf36803,db0b78b5d32440cbeee2fc47dcd6d81f28c33b76da36aa343b28b6dff1c023c7,3369a1508281082433c78fe0083966801b3d7085c521919558dc1265ecbee42f,streaming-long-csv-v1,blocked,Wind,512,336,42,0.1,28852,28676,29188,0.9879806869157278,0.9819539088449817,0.9994863541416977,82.36535562559956,93
1.0,2026-09-20T11:53:36.910358+00:00,97ff94ac46223bbf5ff537ca65743299fdf36803,db0b78b5d32440cbeee2fc47dcd6d81f28c33b76da36aa343b28b6dff1c023c7,3369a1508281082433c78fe0083966801b3d7085c521919558dc1265ecbee42f,streaming-long-csv-v1,blocked,Wind,512,336,42,0.2,28852,28676,29188,0.9879806869157278,0.9819539088449817,0.9994863541416977,164.75976428669316,182
1.0,2026-09-20T11:53:36.910358+00:00,97ff94ac46223bbf5ff537ca65743299fdf36803,db0b78b5d32440cbeee2fc47dcd6d81f28c33b76da36aa343b28b6dff1c023c7,3369a1508281082433c78fe0083966801b3d7085c521919558dc1265ecbee42f,streaming-long-csv-v1,blocked,Wind,512,336,42,0.5,28865,28689,29201,0.9884258466595898,0.9823990685888436,0.9999315138855597,411.73055717269955,440
1.0,2026-09-20T11:53:36.910358+00:00,97ff94ac46223bbf5ff537ca65743299fdf36803,db0b78b5d32440cbeee2fc47dcd6d81f28c33b76da36aa343b28b6dff1c023c7,3369a1508281082433c78fe0083966801b3d7085c521919558dc1265ecbee42f,streaming-long-csv-v1,blocked,Wind,512,336,42,1.0,28867,28691,29203,0.9884943327740301,0.982467554703284,1.0,823.404718693285,848
1.0,2026-09-20T11:53:36.910358+00:00,97ff94ac46223bbf5ff537ca65743299fdf36803,db0b78b5d32440cbeee2fc47dcd6d81f28c33b76da36aa343b28b6dff1c023c7,3369a1508281082433c78fe0083966801b3d7085c521919558dc1265ecbee42f,streaming-long-csv-v1,blocked,Wind,512,720,42,0.0,0,0,0,0.0,0.0,0.0,0.0,0
1.0,2026-09-20T11:53:36.910358+00:00,97ff94ac46223bbf5ff537ca65743299fdf36803,db0b78b5d32440cbeee2fc47dcd6d81f28c33b76da36aa343b28b6dff1c023c7,3369a1508281082433c78fe0083966801b3d7085c521919558dc1265ecbee42f,streaming-long-csv-v1,blocked,Wind,512,720,42,0.005,28364,28572,29084,0.9712700749922953,0.9783926308940862,0.9959250761908023,5.8880484114977305,8
1.0,2026-09-20T11:53:36.910358+00:00,97ff94ac46223bbf5ff537ca65743299fdf36803,db0b78b5d32440cbeee2fc47dcd6d81f28c33b76da36aa343b28b6dff1c023c7,3369a1508281082433c78fe0083966801b3d7085c521919558dc1265ecbee42f,streaming-long-csv-v1,blocked,Wind,512,720,42,0.01,28381,28589,29101,0.9718522069650378,0.9789747628668287,0.9965072081635449,11.811552867599051,15
1.0,2026-09-20T11:53:36.910358+00:00,97ff94ac46223bbf5ff537ca65743299fdf36803,db0b78b5d32440cbeee2fc47dcd6d81f28c33b76da36aa343b28b6dff1c023c7,3369a1508281082433c78fe0083966801b3d7085c521919558dc1265ecbee42f,streaming-long-csv-v1,blocked,Wind,512,720,42,0.02,28459,28667,29179,0.9745231654282094,0.9816457213300004,0.9991781666267164,23.602179649748106,28
1.0,2026-09-20T11:53:36.910358+00:00,97ff94ac46223bbf5ff537ca65743299fdf36803,db0b78b5d32440cbeee2fc47dcd6d81f28c33b76da36aa343b28b6dff1c023c7,3369a1508281082433c78fe0083966801b3d7085c521919558dc1265ecbee42f,streaming-long-csv-v1,blocked,Wind,512,720,42,0.05,28468,28676,29188,0.9748313529431908,0.9819539088449817,0.9994863541416977,59.00835959983555,68
1.0,2026-09-20T11:53:36.910358+00:00,97ff94ac46223bbf5ff537ca65743299fdf36803,db0b78b5d32440cbeee2fc47dcd6d81f28c33b76da36aa343b28b6dff1c023c7,3369a1508281082433c78fe0083966801b3d7085c521919558dc1265ecbee42f,streaming-long-csv-v1,blocked,Wind,512,720,42,0.1,28469,28677,29189,0.9748655960004109,0.9819881519022018,0.999520597198918,118.05488368906094,132
1.0,2026-09-20T11:53:36.910358+00:00,97ff94ac46223bbf5ff537ca65743299fdf36803,db0b78b5d32440cbeee2fc47dcd6d81f28c33b76da36aa343b28b6dff1c023c7,3369a1508281082433c78fe0083966801b3d7085c521919558dc1265ecbee42f,streaming-long-csv-v1,blocked,Wind,512,720,42,0.2,28469,28677,29189,0.9748655960004109,0.9819881519022018,0.999520597198918,236.1097673781219,260
1.0,2026-09-20T11:53:36.910358+00:00,97ff94ac46223bbf5ff537ca65743299fdf36803,db0b78b5d32440cbeee2fc47dcd6d81f28c33b76da36aa343b28b6dff1c023c7,3369a1508281082433c78fe0083966801b3d7085c521919558dc1265ecbee42f,streaming-long-csv-v1,blocked,Wind,512,720,42,0.5,28482,28690,29202,0.9753107557442728,0.9824333116460637,0.9999657569427799,590.0538319293199,631
1.0,2026-09-20T11:53:36.910358+00:00,97ff94ac46223bbf5ff537ca65743299fdf36803,db0b78b5d32440cbeee2fc47dcd6d81f28c33b76da36aa343b28b6dff1c023c7,3369a1508281082433c78fe0083966801b3d7085c521919558dc1265ecbee42f,streaming-long-csv-v1,blocked,Wind,512,720,42,1.0,28483,28691,29203,0.975344998801493,0.982467554703284,1.0,1180.0672533643803,1232
1.0,2026-09-20T11:53:36.910358+00:00,97ff94ac46223bbf5ff537ca65743299fdf36803,54036c36dd00e728af571e143fd1c6cd4d0634bd17fbf97e07fed324a3500568,3369a1508281082433c78fe0083966801b3d7085c521919558dc1265ecbee42f,streaming-long-csv-v1,blocked,Weather,256,96,42,0.0,0,0,0,0.0,0.0,0.0,0.0,0
1.0,2026-09-20T11:53:36.910358+00:00,97ff94ac46223bbf5ff537ca65743299fdf36803,54036c36dd00e728af571e143fd1c6cd4d0634bd17fbf97e07fed324a3500568,3369a1508281082433c78fe0083966801b3d7085c521919558dc1265ecbee42f,streaming-long-csv-v1,blocked,Weather,256,96,42,0.005,28633,14320,30692,0.9056203940917861,0.4529208969857988,0.970743587310624,1.7891307181024372,3
1.0,2026-09-20T11:53:36.910358+00:00,97ff94ac46223bbf5ff537ca65743299fdf36803,54036c36dd00e728af571e143fd1c6cd4d0634bd17fbf97e07fed324a3500568,3369a1508281082433c78fe0083966801b3d7085c521919558dc1265ecbee42f,streaming-long-csv-v1,blocked,Weather,256,96,42,0.01,31379,22466,31553,0.9924724040864092,0.71056709997786,0.9979757725274377,3.4806199093588566,6
1.0,2026-09-20T11:53:36.910358+00:00,97ff94ac46223bbf5ff537ca65743299fdf36803,54036c36dd00e728af571e143fd1c6cd4d0634bd17fbf97e07fed324a3500568,3369a1508281082433c78fe0083966801b3d7085c521919558dc1265ecbee42f,streaming-long-csv-v1,blocked,Weather,256,96,42,0.02,31477,29115,31573,0.9955720024037701,0.9208653572445203,0.9986083436126134,6.967978969372565,11
1.0,2026-09-20T11:53:36.910358+00:00,97ff94ac46223bbf5ff537ca65743299fdf36803,54036c36dd00e728af571e143fd1c6cd4d0634bd17fbf97e07fed324a3500568,3369a1508281082433c78fe0083966801b3d7085c521919558dc1265ecbee42f,streaming-long-csv-v1,blocked,Weather,256,96,42,0.05,31494,31273,31590,0.9961096878261695,0.989119777334978,0.9991460290350128,17.416144349477683,23
1.0,2026-09-20T11:53:36.910358+00:00,97ff94ac46223bbf5ff537ca65743299fdf36803,54036c36dd00e728af571e143fd1c6cd4d0634bd17fbf97e07fed324a3500568,3369a1508281082433c78fe0083966801b3d7085c521919558dc1265ecbee42f,streaming-long-csv-v1,blocked,Weather,256,96,42,0.1,31494,31334,31590,0.9961096878261695,0.9910491191447639,0.9991460290350128,34.83228869895537,45
1.0,2026-09-20T11:53:36.910358+00:00,97ff94ac46223bbf5ff537ca65743299fdf36803,54036c36dd00e728af571e143fd1c6cd4d0634bd17fbf97e07fed324a3500568,3369a1508281082433c78fe0083966801b3d7085c521919558dc1265ecbee42f,streaming-long-csv-v1,blocked,Weather,256,96,42,0.2,31521,31361,31617,0.9969636587911567,0.9919030901097511,1.0,69.6162191226239,81
1.0,2026-09-20T11:53:36.910358+00:00,97ff94ac46223bbf5ff537ca65743299fdf36803,54036c36dd00e728af571e143fd1c6cd4d0634bd17fbf97e07fed324a3500568,3369a1508281082433c78fe0083966801b3d7085c521919558dc1265ecbee42f,streaming-long-csv-v1,blocked,Weather,256,96,42,0.5,31521,31361,31617,0.9969636587911567,0.9919030901097511,1.0,174.0461144321093,192
1.0,2026-09-20T11:53:36.910358+00:00,97ff94ac46223bbf5ff537ca65743299fdf36803,54036c36dd00e728af571e143fd1c6cd4d0634bd17fbf97e07fed324a3500568,3369a1508281082433c78fe0083966801b3d7085c521919558dc1265ecbee42f,streaming-long-csv-v1,blocked,Weather,256,96,42,1.0,31521,31361,31617,0.9969636587911567,0.9919030901097511,1.0,348.0922288642186,352
1.0,2026-09-20T11:53:36.910358+00:00,97ff94ac46223bbf5ff537ca65743299fdf36803,54036c36dd00e728af571e143fd1c6cd4d0634bd17fbf97e07fed324a3500568,3369a1508281082433c78fe0083966801b3d7085c521919558dc1265ecbee42f,streaming-long-csv-v1,blocked,Weather,256,192,42,0.0,0,0,0,0.0,0.0,0.0,0.0,0
1.0,2026-09-20T11:53:36.910358+00:00,97ff94ac46223bbf5ff537ca65743299fdf36803,54036c36dd00e728af571e143fd1c6cd4d0634bd17fbf97e07fed324a3500568,3369a1508281082433c78fe0083966801b3d7085c521919558dc1265ecbee42f,streaming-long-csv-v1,blocked,Weather,256,192,42,0.005,28099,24517,31402,0.888730746117595,0.7754372647626278,0.9931998608343613,2.2113241194828355,4
1.0,2026-09-20T11:53:36.910358+00:00,97ff94ac46223bbf5ff537ca65743299fdf36803,54036c36dd00e728af571e143fd1c6cd4d0634bd17fbf97e07fed324a3500568,3369a1508281082433c78fe0083966801b3d7085c521919558dc1265ecbee42f,streaming-long-csv-v1,blocked,Weather,256,192,42,0.01,31246,30058,31553,0.9882658063699908,0.9506910839105545,0.9979757725274377,4.415681551674959,7
1.0,2026-09-20T11:53:36.910358+00:00,97ff94ac46223bbf5ff537ca65743299fdf36803,54036c36dd00e728af571e143fd1c6cd4d0634bd17fbf97e07fed324a3500568,3369a1508281082433c78fe0083966801b3d7085c521919558dc1265ecbee42f,streaming-long-csv-v1,blocked,Weather,256,192,42,0.02,31381,31292,31573,0.9925356611949268,0.9897207198658949,0.9986083436126134,8.839958192126184,13
1.0,2026-09-20T11:53:36.910358+00:00,97ff94ac46223bbf5ff537ca65743299fdf36803,54036c36dd00e728af571e143fd1c6cd4d0634bd17fbf97e07fed324a3500568,3369a1508281082433c78fe0083966801b3d7085c521919558dc1265ecbee42f,streaming-long-csv-v1,blocked,Weather,256,192,42,0.05,31398,31334,31590,0.9930733466173262,0.9910491191447639,0.9991460290350128,22.095093383982274,29
1.0,2026-09-20T11:53:36.910358+00:00,97ff94ac46223bbf5ff537ca65743299fdf36803,54036c36dd00e728af571e143fd1c6cd4d0634bd17fbf97e07fed324a3500568,3369a1508281082433c78fe0083966801b3d7085c521919558dc1265ecbee42f,streaming-long-csv-v1,blocked,Weather,256,192,42,0.1,31398,31334,31590,0.9930733466173262,0.9910491191447639,0.9991460290350128,44.20436847103514,53
1.0,2026-09-20T11:53:36.910358+00:00,97ff94ac46223bbf5ff537ca65743299fdf36803,54036c36dd00e728af571e143fd1c6cd4d0634bd17fbf97e07fed324a3500568,3369a1508281082433c78fe0083966801b3d7085c521919558dc1265ecbee42f,streaming-long-csv-v1,blocked,Weather,256,192,42,0.2,31425,31361,31617,0.9939273175823133,0.9919030901097511,1.0,88.33323844767055,101
1.0,2026-09-20T11:53:36.910358+00:00,97ff94ac46223bbf5ff537ca65743299fdf36803,54036c36dd00e728af571e143fd1c6cd4d0634bd17fbf97e07fed324a3500568,3369a1508281082433c78fe0083966801b3d7085c521919558dc1265ecbee42f,streaming-long-csv-v1,blocked,Weather,256,192,42,0.5,31425,31361,31617,0.9939273175823133,0.9919030901097511,1.0,220.8330961191764,240
1.0,2026-09-20T11:53:36.910358+00:00,97ff94ac46223bbf5ff537ca65743299fdf36803,54036c36dd00e728af571e143fd1c6cd4d0634bd17fbf97e07fed324a3500568,3369a1508281082433c78fe0083966801b3d7085c521919558dc1265ecbee42f,streaming-long-csv-v1,blocked,Weather,256,192,42,1.0,31425,31361,31617,0.9939273175823133,0.9919030901097511,1.0,441.6661922383528,448
1.0,2026-09-20T11:53:36.910358+00:00,97ff94ac46223bbf5ff537ca65743299fdf36803,54036c36dd00e728af571e143fd1c6cd4d0634bd17fbf97e07fed324a3500568,3369a1508281082433c78fe0083966801b3d7085c521919558dc1265ecbee42f,streaming-long-csv-v1,blocked,Weather,256,336,42,0.0,0,0,0,0.0,0.0,0.0,0.0,0
1.0,2026-09-20T11:53:36.910358+00:00,97ff94ac46223bbf5ff537ca65743299fdf36803,54036c36dd00e728af571e143fd1c6cd4d0634bd17fbf97e07fed324a3500568,3369a1508281082433c78fe0083966801b3d7085c521919558dc1265ecbee42f,streaming-long-csv-v1,blocked,Weather,256,336,42,0.005,28444,30473,31447,0.8996425973368757,0.9638169339279502,0.9946231457760066,2.917925398289185,5
1.0,2026-09-20T11:53:36.910358+00:00,97ff94ac46223bbf5ff537ca65743299fdf36803,54036c36dd00e728af571e143fd1c6cd4d0634bd17fbf97e07fed324a3500568,3369a1508281082433c78fe0083966801b3d7085c521919558dc1265ecbee42f,streaming-long-csv-v1,blocked,Weather,256,336,42,0.01,31077,31319,31575,0.9829205807002562,0.9905746908308821,0.998671600721131,5.812193190815519,8
1.0,2026-09-20T11:53:36.910358+00:00,97ff94ac46223bbf5ff537ca65743299fdf36803,54036c36dd00e728af571e143fd1c6cd4d0634bd17fbf97e07fed324a3500568,3369a1508281082433c78fe0083966801b3d7085c521919558dc1265ecbee42f,streaming-long-csv-v1,blocked,Weather,256,336,42,0.02,31225,31319,31575,0.9876016067305563,0.9905746908308821,0.998671600721131,11.624386381631037,16
1.0,2026-09-20T11:53:36.910358+00:00,97ff94ac46223bbf5ff537ca65743299fdf36803,54036c36dd00e728af571e143fd1c6cd4d0634bd17fbf97e07fed324a3500568,3369a1508281082433c78fe0083966801b3d7085c521919558dc1265ecbee42f,streaming-long-csv-v1,blocked,Weather,256,336,42,0.05,31254,31334,31590,0.9885188348040611,0.9910491191447639,0.9991460290350128,29.0659069325736,35
1.0,2026-09-20T11:53:36.910358+00:00,97ff94ac46223bbf5ff537ca65743299fdf36803,54036c36dd00e728af571e143fd1c6cd4d0634bd17fbf97e07fed324a3500568,3369a1508281082433c78fe0083966801b3d7085c521919558dc1265ecbee42f,streaming-long-csv-v1,blocked,Weather,256,336,42,0.1,31269,31349,31605,0.9889932631179429,0.9915235474586457,0.9996204573488946,58.10422401518747,67
1.0,2026-09-20T11:53:36.910358+00:00,97ff94ac46223bbf5ff537ca65743299fdf36803,54036c36dd00e728af571e143fd1c6cd4d0634bd17fbf97e07fed324a3500568,3369a1508281082433c78fe0083966801b3d7085c521919558dc1265ecbee42f,streaming-long-csv-v1,blocked,Weather,256,336,42,0.2,31276,31356,31612,0.9892146629977544,0.9917449473384572,0.9998418572287061,116.2014424901936,128
1.0,2026-09-20T11:53:36.910358+00:00,97ff94ac46223bbf5ff537ca65743299fdf36803,54036c36dd00e728af571e143fd1c6cd4d0634bd17fbf97e07fed324a3500568,3369a1508281082433c78fe0083966801b3d7085c521919558dc1265ecbee42f,streaming-long-csv-v1,blocked,Weather,256,336,42,0.5,31280,31360,31616,0.9893411772147895,0.9918714615554923,0.9999683714457412,290.4762145748988,310
1.0,2026-09-20T11:53:36.910358+00:00,97ff94ac46223bbf5ff537ca65743299fdf36803,54036c36dd00e728af571e143fd1c6cd4d0634bd17fbf97e07fed324a3500568,3369a1508281082433c78fe0083966801b3d7085c521919558dc1265ecbee42f,streaming-long-csv-v1,blocked,Weather,256,336,42,1.0,31281,31361,31617,0.9893728057690483,0.9919030901097511,1.0,580.9340544643704,592
1.0,2026-09-20T11:53:36.910358+00:00,97ff94ac46223bbf5ff537ca65743299fdf36803,54036c36dd00e728af571e143fd1c6cd4d0634bd17fbf97e07fed324a3500568,3369a1508281082433c78fe0083966801b3d7085c521919558dc1265ecbee42f,streaming-long-csv-v1,blocked,Weather,256,720,42,0.0,0,0,0,0.0,0.0,0.0,0.0,0
1.0,2026-09-20T11:53:36.910358+00:00,97ff94ac46223bbf5ff537ca65743299fdf36803,54036c36dd00e728af571e143fd1c6cd4d0634bd17fbf97e07fed324a3500568,3369a1508281082433c78fe0083966801b3d7085c521919558dc1265ecbee42f,streaming-long-csv-v1,blocked,Weather,256,720,42,0.005,27750,31255,31511,0.8776923806812791,0.9885504633583199,0.9966473732485688,4.738916568817238,7
1.0,2026-09-20T11:53:36.910358+00:00,97ff94ac46223bbf5ff537ca65743299fdf36803,54036c36dd00e728af571e143fd1c6cd4d0634bd17fbf97e07fed324a3500568,3369a1508281082433c78fe0083966801b3d7085c521919558dc1265ecbee42f,streaming-long-csv-v1,blocked,Weather,256,720,42,0.01,30765,31286,31542,0.9730524717715153,0.9895309485403422,0.9976278584305911,9.468518166254517,12
1.0,2026-09-20T11:53:36.910358+00:00,97ff94ac46223bbf5ff537ca65743299fdf36803,54036c36dd00e728af571e143fd1c6cd4d0634bd17fbf97e07fed324a3500568,3369a1508281082433c78fe0083966801b3d7085c521919558dc1265ecbee42f,streaming-long-csv-v1,blocked,Weather,256,720,42,0.02,30822,31286,31542,0.9748552993642661,0.9895309485403422,0.9976278584305911,18.937036332509035,23
1.0,2026-09-20T11:53:36.910358+00:00,97ff94ac46223bbf5ff537ca65743299fdf36803,54036c36dd00e728af571e143fd1c6cd4d0634bd17fbf97e07fed324a3500568,3369a1508281082433c78fe0083966801b3d7085c521919558dc1265ecbee42f,streaming-long-csv-v1,blocked,Weather,256,720,42,0.05,30868,31332,31588,0.9763102128601702,0.9909858620362463,0.9990827719264952,47.3354438394327,55
1.0,2026-09-20T11:53:36.910358+00:00,97ff94ac46223bbf5ff537ca65743299fdf36803,54036c36dd00e728af571e143fd1c6cd4d0634bd17fbf97e07fed324a3500568,3369a1508281082433c78fe0083966801b3d7085c521919558dc1265ecbee42f,streaming-long-csv-v1,blocked,Weather,256,720,42,0.1,30893,31357,31613,0.9771009267166397,0.991776575892716,0.9998734857829649,94.59602062442666,105
1.0,2026-09-20T11:53:36.910358+00:00,97ff94ac46223bbf5ff537ca65743299fdf36803,54036c36dd00e728af571e143fd1c6cd4d0634bd17fbf97e07fed324a3500568,3369a1508281082433c78fe0083966801b3d7085c521919558dc1265ecbee42f,streaming-long-csv-v1,blocked,Weather,256,720,42,0.2,30893,31357,31613,0.9771009267166397,0.991776575892716,0.9998734857829649,189.19204124885331,204
1.0,2026-09-20T11:53:36.910358+00:00,97ff94ac46223bbf5ff537ca65743299fdf36803,54036c36dd00e728af571e143fd1c6cd4d0634bd17fbf97e07fed324a3500568,3369a1508281082433c78fe0083966801b3d7085c521919558dc1265ecbee42f,streaming-long-csv-v1,blocked,Weather,256,720,42,0.5,30896,31360,31616,0.9771958123794161,0.9918714615554923,0.9999683714457412,472.9660931174089,503
1.0,2026-09-20T11:53:36.910358+00:00,97ff94ac46223bbf5ff537ca65743299fdf36803,54036c36dd00e728af571e143fd1c6cd4d0634bd17fbf97e07fed324a3500568,3369a1508281082433c78fe0083966801b3d7085c521919558dc1265ecbee42f,streaming-long-csv-v1,blocked,Weather,256,720,42,1.0,30897,31361,31617,0.977227440933675,0.9919030901097511,1.0,945.9022677673404,976
1.0,2026-09-20T11:53:36.910358+00:00,97ff94ac46223bbf5ff537ca65743299fdf36803,54036c36dd00e728af571e143fd1c6cd4d0634bd17fbf97e07fed324a3500568,3369a1508281082433c78fe0083966801b3d7085c521919558dc1265ecbee42f,streaming-long-csv-v1,blocked,Weather,512,96,42,0.0,0,0,0,0.0,0.0,0.0,0.0,0
1.0,2026-09-20T11:53:36.910358+00:00,97ff94ac46223bbf5ff537ca65743299fdf36803,54036c36dd00e728af571e143fd1c6cd4d0634bd17fbf97e07fed324a3500568,3369a1508281082433c78fe0083966801b3d7085c521919558dc1265ecbee42f,streaming-long-csv-v1,blocked,Weather,512,96,42,0.005,31351,13816,31447,0.9915868045671632,0.43698010563937123,0.9946231457760066,2.996788246891595,5
1.0,2026-09-20T11:53:36.910358+00:00,97ff94ac46223bbf5ff537ca65743299fdf36803,54036c36dd00e728af571e143fd1c6cd4d0634bd17fbf97e07fed324a3500568,3369a1508281082433c78fe0083966801b3d7085c521919558dc1265ecbee42f,streaming-long-csv-v1,blocked,Weather,512,96,42,0.01,31479,21567,31575,0.9956352595122877,0.6821330296992124,0.998671600721131,5.969279493269992,9
1.0,2026-09-20T11:53:36.910358+00:00,97ff94ac46223bbf5ff537ca65743299fdf36803,54036c36dd00e728af571e143fd1c6cd4d0634bd17fbf97e07fed324a3500568,3369a1508281082433c78fe0083966801b3d7085c521919558dc1265ecbee42f,streaming-long-csv-v1,blocked,Weather,512,96,42,0.02,31479,28165,31575,0.9956352595122877,0.8908182306986747,0.998671600721131,11.938558986539984,16
1.0,2026-09-20T11:53:36.910358+00:00,97ff94ac46223bbf5ff537ca65743299fdf36803,54036c36dd00e728af571e143fd1c6cd4d0634bd17fbf97e07fed324a3500568,3369a1508281082433c78fe0083966801b3d7085c521919558dc1265ecbee42f,streaming-long-csv-v1,blocked,Weather,512,96,42,0.05,31494,31035,31590,0.9961096878261695,0.9815921814213873,0.9991460290350128,29.832225387780944,36
1.0,2026-09-20T11:53:36.910358+00:00,97ff94ac46223bbf5ff537ca65743299fdf36803,54036c36dd00e728af571e143fd1c6cd4d0634bd17fbf97e07fed324a3500568,3369a1508281082433c78fe0083966801b3d7085c521919558dc1265ecbee42f,streaming-long-csv-v1,blocked,Weather,512,96,42,0.1,31509,31093,31605,0.9965841161400513,0.9834266375683968,0.9996204573488946,59.65537098560355,69
1.0,2026-09-20T11:53:36.910358+00:00,97ff94ac46223bbf5ff537ca65743299fdf36803,54036c36dd00e728af571e143fd1c6cd4d0634bd17fbf97e07fed324a3500568,3369a1508281082433c78fe0083966801b3d7085c521919558dc1265ecbee42f,streaming-long-csv-v1,blocked,Weather,512,96,42,0.2,31516,31100,31612,0.9968055160198628,0.9836480374482083,0.9998418572287061,119.2843224092117,132
1.0,2026-09-20T11:53:36.910358+00:00,97ff94ac46223bbf5ff537ca65743299fdf36803,54036c36dd00e728af571e143fd1c6cd4d0634bd17fbf97e07fed324a3500568,3369a1508281082433c78fe0083966801b3d7085c521919558dc1265ecbee42f,streaming-long-csv-v1,blocked,Weather,512,96,42,0.5,31520,31104,31616,0.9969320302368979,0.9837745516652434,0.9999683714457412,298.1730769230769,318
1.0,2026-09-20T11:53:36.910358+00:00,97ff94ac46223bbf5ff537ca65743299fdf36803,54036c36dd00e728af571e143fd1c6cd4d0634bd17fbf97e07fed324a3500568,3369a1508281082433c78fe0083966801b3d7085c521919558dc1265ecbee42f,streaming-long-csv-v1,blocked,Weather,512,96,42,1.0,31521,31105,31617,0.9969636587911567,0.9838061802195022,1.0,596.3272922794699,608
1.0,2026-09-20T11:53:36.910358+00:00,97ff94ac46223bbf5ff537ca65743299fdf36803,54036c36dd00e728af571e143fd1c6cd4d0634bd17fbf97e07fed324a3500568,3369a1508281082433c78fe0083966801b3d7085c521919558dc1265ecbee42f,streaming-long-csv-v1,blocked,Weather,512,192,42,0.0,0,0,0,0.0,0.0,0.0,0.0,0
1.0,2026-09-20T11:53:36.910358+00:00,97ff94ac46223bbf5ff537ca65743299fdf36803,54036c36dd00e728af571e143fd1c6cd4d0634bd17fbf97e07fed324a3500568,3369a1508281082433c78fe0083966801b3d7085c521919558dc1265ecbee42f,streaming-long-csv-v1,blocked,Weather,512,192,42,0.005,31339,24441,31531,0.9912072619160578,0.7730334946389601,0.9972799443337445,3.438393961498208,5
1.0,2026-09-20T11:53:36.910358+00:00,97ff94ac46223bbf5ff537ca65743299fdf36803,54036c36dd00e728af571e143fd1c6cd4d0634bd17fbf97e07fed324a3500568,3369a1508281082433c78fe0083966801b3d7085c521919558dc1265ecbee42f,streaming-long-csv-v1,blocked,Weather,512,192,42,0.01,31396,29772,31588,0.9930100895088085,0.941645317392542,0.9990827719264952,6.886665822464227,9
1.0,2026-09-20T11:53:36.910358+00:00,97ff94ac46223bbf5ff537ca65743299fdf36803,54036c36dd00e728af571e143fd1c6cd4d0634bd17fbf97e07fed324a3500568,3369a1508281082433c78fe0083966801b3d7085c521919558dc1265ecbee42f,streaming-long-csv-v1,blocked,Weather,512,192,42,0.02,31396,31046,31588,0.9930100895088085,0.9819400955182339,0.9990827719264952,13.773331644928454,17
1.0,2026-09-20T11:53:36.910358+00:00,97ff94ac46223bbf5ff537ca65743299fdf36803,54036c36dd00e728af571e143fd1c6cd4d0634bd17fbf97e07fed324a3500568,3369a1508281082433c78fe0083966801b3d7085c521919558dc1265ecbee42f,streaming-long-csv-v1,blocked,Weather,512,192,42,0.05,31411,31091,31603,0.9934845178226903,0.9833633804598791,0.999557200240377,34.41698572920292,43
1.0,2026-09-20T11:53:36.910358+00:00,97ff94ac46223bbf5ff537ca65743299fdf36803,54036c36dd00e728af571e143fd1c6cd4d0634bd17fbf97e07fed324a3500568,3369a1508281082433c78fe0083966801b3d7085c521919558dc1265ecbee42f,streaming-long-csv-v1,blocked,Weather,512,192,42,0.1,31417,31097,31609,0.9936742891482431,0.9835531517854319,0.9997469715659297,68.84317757600684,79
1.0,2026-09-20T11:53:36.910358+00:00,97ff94ac46223bbf5ff537ca65743299fdf36803,54036c36dd00e728af571e143fd1c6cd4d0634bd17fbf97e07fed324a3500568,3369a1508281082433c78fe0083966801b3d7085c521919558dc1265ecbee42f,streaming-long-csv-v1,blocked,Weather,512,192,42,0.2,31417,31097,31609,0.9936742891482431,0.9835531517854319,0.9997469715659297,137.68635515201368,154
1.0,2026-09-20T11:53:36.910358+00:00,97ff94ac46223bbf5ff537ca65743299fdf36803,54036c36dd00e728af571e143fd1c6cd4d0634bd17fbf97e07fed324a3500568,3369a1508281082433c78fe0083966801b3d7085c521919558dc1265ecbee42f,streaming-long-csv-v1,blocked,Weather,512,192,42,0.5,31424,31104,31616,0.9938956890280545,0.9837745516652434,0.9999683714457412,344.1842105263158,365
1.0,2026-09-20T11:53:36.910358+00:00,97ff94ac46223bbf5ff537ca65743299fdf36803,54036c36dd00e728af571e143fd1c6cd4d0634bd17fbf97e07fed324a3500568,3369a1508281082433c78fe0083966801b3d7085c521919558dc1265ecbee42f,streaming-long-csv-v1,blocked,Weather,512,192,42,1.0,31425,31105,31617,0.9939273175823133,0.9838061802195022,1.0,688.3466489546763,704
1.0,2026-09-20T11:53:36.910358+00:00,97ff94ac46223bbf5ff537ca65743299fdf36803,54036c36dd00e728af571e143fd1c6cd4d0634bd17fbf97e07fed324a3500568,3369a1508281082433c78fe0083966801b3d7085c521919558dc1265ecbee42f,streaming-long-csv-v1,blocked,Weather,512,336,42,0.0,0,0,0,0.0,0.0,0.0,0.0,0
1.0,2026-09-20T11:53:36.910358+00:00,97ff94ac46223bbf5ff537ca65743299fdf36803,54036c36dd00e728af571e143fd1c6cd4d0634bd17fbf97e07fed324a3500568,3369a1508281082433c78fe0083966801b3d7085c521919558dc1265ecbee42f,streaming-long-csv-v1,blocked,Weather,512,336,42,0.005,31175,30251,31511,0.9860201790176171,0.9567953948824999,0.9966473732485688,4.117419313890387,6
1.0,2026-09-20T11:53:36.910358+00:00,97ff94ac46223bbf5ff537ca65743299fdf36803,54036c36dd00e728af571e143fd1c6cd4d0634bd17fbf97e07fed324a3500568,3369a1508281082433c78fe0083966801b3d7085c521919558dc1265ecbee42f,streaming-long-csv-v1,blocked,Weather,512,336,42,0.01,31206,31030,31542,0.9870006641996394,0.9814340386500933,0.9976278584305911,8.25363008052755,11
1.0,2026-09-20T11:53:36.910358+00:00,97ff94ac46223bbf5ff537ca65743299fdf36803,54036c36dd00e728af571e143fd1c6cd4d0634bd17fbf97e07fed324a3500568,3369a1508281082433c78fe0083966801b3d7085c521919558dc1265ecbee42f,streaming-long-csv-v1,blocked,Weather,512,336,42,0.02,31206,31030,31542,0.9870006641996394,0.9814340386500933,0.9976278584305911,16.53414494959102,21
1.0,2026-09-20T11:53:36.910358+00:00,97ff94ac46223bbf5ff537ca65743299fdf36803,54036c36dd00e728af571e143fd1c6cd4d0634bd17fbf97e07fed324a3500568,3369a1508281082433c78fe0083966801b3d7085c521919558dc1265ecbee42f,streaming-long-csv-v1,blocked,Weather,512,336,42,0.05,31252,31076,31588,0.9884555776955435,0.9828889521459974,0.9990827719264952,41.288590604026844,49
1.0,2026-09-20T11:53:36.910358+00:00,97ff94ac46223bbf5ff537ca65743299fdf36803,54036c36dd00e728af571e143fd1c6cd4d0634bd17fbf97e07fed324a3500568,3369a1508281082433c78fe0083966801b3d7085c521919558dc1265ecbee42f,streaming-long-csv-v1,blocked,Weather,512,336,42,0.1,31277,31101,31613,0.9892462915520132,0.983679666002467,0.9998734857829649,82.53870243254357,94
1.0,2026-09-20T11:53:36.910358+00:00,97ff94ac46223bbf5ff537ca65743299fdf36803,54036c36dd00e728af571e143fd1c6cd4d0634bd17fbf97e07fed324a3500568,3369a1508281082433c78fe0083966801b3d7085c521919558dc1265ecbee42f,streaming-long-csv-v1,blocked,Weather,512,336,42,0.2,31277,31101,31613,0.9892462915520132,0.983679666002467,0.9998734857829649,165.07740486508715,183
1.0,2026-09-20T11:53:36.910358+00:00,97ff94ac46223bbf5ff537ca65743299fdf36803,54036c36dd00e728af571e143fd1c6cd4d0634bd17fbf97e07fed324a3500568,3369a1508281082433c78fe0083966801b3d7085c521919558dc1265ecbee42f,streaming-long-csv-v1,blocked,Weather,512,336,42,0.5,31280,31104,31616,0.9893411772147895,0.9837745516652434,0.9999683714457412,412.6543522267207,438
1.0,2026-09-20T11:53:36.910358+00:00,97ff94ac46223bbf5ff537ca65743299fdf36803,54036c36dd00e728af571e143fd1c6cd4d0634bd17fbf97e07fed324a3500568,3369a1508281082433c78fe0083966801b3d7085c521919558dc1265ecbee42f,streaming-long-csv-v1,blocked,Weather,512,336,42,1.0,31281,31105,31617,0.9893728057690483,0.9838061802195022,1.0,825.2826011323023,848
1.0,2026-09-20T11:53:36.910358+00:00,97ff94ac46223bbf5ff537ca65743299fdf36803,54036c36dd00e728af571e143fd1c6cd4d0634bd17fbf97e07fed324a3500568,3369a1508281082433c78fe0083966801b3d7085c521919558dc1265ecbee42f,streaming-long-csv-v1,blocked,Weather,512,720,42,0.0,0,0,0,0.0,0.0,0.0,0.0,0
1.0,2026-09-20T11:53:36.910358+00:00,97ff94ac46223bbf5ff537ca65743299fdf36803,54036c36dd00e728af571e143fd1c6cd4d0634bd17fbf97e07fed324a3500568,3369a1508281082433c78fe0083966801b3d7085c521919558dc1265ecbee42f,streaming-long-csv-v1,blocked,Weather,512,720,42,0.005,30576,30789,31301,0.967074675016605,0.9738115570737261,0.990005376854224,5.943324494425098,7
1.0,2026-09-20T11:53:36.910358+00:00,97ff94ac46223bbf5ff537ca65743299fdf36803,54036c36dd00e728af571e143fd1c6cd4d0634bd17fbf97e07fed324a3500568,3369a1508281082433c78fe0083966801b3d7085c521919558dc1265ecbee42f,streaming-long-csv-v1,blocked,Weather,512,720,42,0.01,30799,31007,31519,0.974127842616314,0.9807065819021412,0.996900401682639,11.843522954408453,14
1.0,2026-09-20T11:53:36.910358+00:00,97ff94ac46223bbf5ff537ca65743299fdf36803,54036c36dd00e728af571e143fd1c6cd4d0634bd17fbf97e07fed324a3500568,3369a1508281082433c78fe0083966801b3d7085c521919558dc1265ecbee42f,streaming-long-csv-v1,blocked,Weather,512,720,42,0.02,30813,31021,31533,0.974570642375937,0.9811493816617642,0.9973432014422621,23.71559953065043,28
1.0,2026-09-20T11:53:36.910358+00:00,97ff94ac46223bbf5ff537ca65743299fdf36803,54036c36dd00e728af571e143fd1c6cd4d0634bd17fbf97e07fed324a3500568,3369a1508281082433c78fe0083966801b3d7085c521919558dc1265ecbee42f,streaming-long-csv-v1,blocked,Weather,512,720,42,0.05,30833,31041,31553,0.9752032134611127,0.9817819527469399,0.9979757725274377,59.309986372135775,67
1.0,2026-09-20T11:53:36.910358+00:00,97ff94ac46223bbf5ff537ca65743299fdf36803,54036c36dd00e728af571e143fd1c6cd4d0634bd17fbf97e07fed324a3500568,3369a1508281082433c78fe0083966801b3d7085c521919558dc1265ecbee42f,streaming-long-csv-v1,blocked,Weather,512,720,42,0.1,30897,31105,31617,0.977227440933675,0.9838061802195022,1.0,118.379858936648,131
1.0,2026-09-20T11:53:36.910358+00:00,97ff94ac46223bbf5ff537ca65743299fdf36803,54036c36dd00e728af571e143fd1c6cd4d0634bd17fbf97e07fed324a3500568,3369a1508281082433c78fe0083966801b3d7085c521919558dc1265ecbee42f,streaming-long-csv-v1,blocked,Weather,512,720,42,0.2,30897,31105,31617,0.977227440933675,0.9838061802195022,1.0,236.79868425214283,257
1.0,2026-09-20T11:53:36.910358+00:00,97ff94ac46223bbf5ff537ca65743299fdf36803,54036c36dd00e728af571e143fd1c6cd4d0634bd17fbf97e07fed324a3500568,3369a1508281082433c78fe0083966801b3d7085c521919558dc1265ecbee42f,streaming-long-csv-v1,blocked,Weather,512,720,42,0.5,30897,31105,31617,0.977227440933675,0.9838061802195022,1.0,592.0161938197805,632
1.0,2026-09-20T11:53:36.910358+00:00,97ff94ac46223bbf5ff537ca65743299fdf36803,54036c36dd00e728af571e143fd1c6cd4d0634bd17fbf97e07fed324a3500568,3369a1508281082433c78fe0083966801b3d7085c521919558dc1265ecbee42f,streaming-long-csv-v1,blocked,Weather,512,720,42,1.0,30897,31105,31617,0.977227440933675,0.9838061802195022,1.0,1184.032387639561,1232
1.0,2026-09-20T11:53:36.910358+00:00,97ff94ac46223bbf5ff537ca65743299fdf36803,c4e3ecefc53c3ff4da545b5da15d19e3a1342e31251444a91821073000a77d7e,3369a1508281082433c78fe0083966801b3d7085c521919558dc1265ecbee42f,streaming-long-csv-v1,blocked,AQShunyi,256,96,42,0.0,0,0,0,0.0,0.0,0.0,0.0,0
1.0,2026-09-20T11:53:36.910358+00:00,97ff94ac46223bbf5ff537ca65743299fdf36803,c4e3ecefc53c3ff4da545b5da15d19e3a1342e31251444a91821073000a77d7e,3369a1508281082433c78fe0083966801b3d7085c521919558dc1265ecbee42f,streaming-long-csv-v1,blocked,AQShunyi,256,96,42,0.005,19435,9566,20838,0.9238045441581899,0.4547010172069588,0.9904933929080711,1.7398982627891353,3
1.0,2026-09-20T11:53:36.910358+00:00,97ff94ac46223bbf5ff537ca65743299fdf36803,c4e3ecefc53c3ff4da545b5da15d19e3a1342e31251444a91821073000a77d7e,3369a1508281082433c78fe0083966801b3d7085c521919558dc1265ecbee42f,streaming-long-csv-v1,blocked,AQShunyi,256,96,42,0.01,20771,15126,20895,0.987308679532275,0.7189846943625819,0.9932027759292709,3.4703039004546543,6
1.0,2026-09-20T11:53:36.910358+00:00,97ff94ac46223bbf5ff537ca65743299fdf36803,c4e3ecefc53c3ff4da545b5da15d19e3a1342e31251444a91821073000a77d7e,3369a1508281082433c78fe0083966801b3d7085c521919558dc1265ecbee42f,streaming-long-csv-v1,blocked,AQShunyi,256,96,42,0.02,20864,19236,20960,0.9917292518300219,0.9143454701017207,0.9962924232341477,6.93587786259542,10
1.0,2026-09-20T11:53:36.910358+00:00,97ff94ac46223bbf5ff537ca65743299fdf36803,c4e3ecefc53c3ff4da545b5da15d19e3a1342e31251444a91821073000a77d7e,3369a1508281082433c78fe0083966801b3d7085c521919558dc1265ecbee42f,streaming-long-csv-v1,blocked,AQShunyi,256,96,42,0.05,20902,20722,20998,0.9935355071774884,0.9849795607947524,0.9980986785816143,17.333460329555194,23
1.0,2026-09-20T11:53:36.910358+00:00,97ff94ac46223bbf5ff537ca65743299fdf36803,c4e3ecefc53c3ff4da545b5da15d19e3a1342e31251444a91821073000a77d7e,3369a1508281082433c78fe0083966801b3d7085c521919558dc1265ecbee42f,streaming-long-csv-v1,blocked,AQShunyi,256,96,42,0.1,20927,20767,21023,0.9947238330639795,0.9871185473904364,0.9992870044681054,34.62569566665081,42
1.0,2026-09-20T11:53:36.910358+00:00,97ff94ac46223bbf5ff537ca65743299fdf36803,c4e3ecefc53c3ff4da545b5da15d19e3a1342e31251444a91821073000a77d7e,3369a1508281082433c78fe0083966801b3d7085c521919558dc1265ecbee42f,streaming-long-csv-v1,blocked,AQShunyi,256,96,42,0.2,20928,20768,21024,0.9947713660994391,0.987166080425896,0.9993345375035649,69.2648401826484,80
1.0,2026-09-20T11:53:36.910358+00:00,97ff94ac46223bbf5ff537ca65743299fdf36803,c4e3ecefc53c3ff4da545b5da15d19e3a1342e31251444a91821073000a77d7e,3369a1508281082433c78fe0083966801b3d7085c521919558dc1265ecbee42f,streaming-long-csv-v1,blocked,AQShunyi,256,96,42,0.5,20941,20781,21037,0.9953892955604144,0.9877840098868714,0.9999524669645403,173.06345961876693,187
1.0,2026-09-20T11:53:36.910358+00:00,97ff94ac46223bbf5ff537ca65743299fdf36803,c4e3ecefc53c3ff4da545b5da15d19e3a1342e31251444a91821073000a77d7e,3369a1508281082433c78fe0083966801b3d7085c521919558dc1265ecbee42f,streaming-long-csv-v1,blocked,AQShunyi,256,96,42,1.0,20942,20782,21038,0.9954368285958741,0.987831542922331,1.0,346.12719840289003,352
1.0,2026-09-20T11:53:36.910358+00:00,97ff94ac46223bbf5ff537ca65743299fdf36803,c4e3ecefc53c3ff4da545b5da15d19e3a1342e31251444a91821073000a77d7e,3369a1508281082433c78fe0083966801b3d7085c521919558dc1265ecbee42f,streaming-long-csv-v1,blocked,AQShunyi,256,192,42,0.0,0,0,0,0.0,0.0,0.0,0.0,0
1.0,2026-09-20T11:53:36.910358+00:00,97ff94ac46223bbf5ff537ca65743299fdf36803,c4e3ecefc53c3ff4da545b5da15d19e3a1342e31251444a91821073000a77d7e,3369a1508281082433c78fe0083966801b3d7085c521919558dc1265ecbee42f,streaming-long-csv-v1,blocked,AQShunyi,256,192,42,0.005,18911,16146,20788,0.8988972335773362,0.7674683905314194,0.9881167411350888,2.1981912641908794,4
1.0,2026-09-20T11:53:36.910358+00:00,97ff94ac46223bbf5ff537ca65743299fdf36803,c4e3ecefc53c3ff4da545b5da15d19e3a1342e31251444a91821073000a77d7e,3369a1508281082433c78fe0083966801b3d7085c521919558dc1265ecbee42f,streaming-long-csv-v1,blocked,AQShunyi,256,192,42,0.01,20656,20069,20864,0.9818423804544159,0.9539404886396046,0.9917292518300219,4.401840490797546,7
1.0,2026-09-20T11:53:36.910358+00:00,97ff94ac46223bbf5ff537ca65743299fdf36803,c4e3ecefc53c3ff4da545b5da15d19e3a1342e31251444a91821073000a77d7e,3369a1508281082433c78fe0083966801b3d7085c521919558dc1265ecbee42f,streaming-long-csv-v1,blocked,AQShunyi,256,192,42,0.02,20704,20631,20896,0.9841239661564788,0.9806540545679248,0.9932503089647304,8.811638591117918,12
1.0,2026-09-20T11:53:36.910358+00:00,97ff94ac46223bbf5ff537ca65743299fdf36803,c4e3ecefc53c3ff4da545b5da15d19e3a1342e31251444a91821073000a77d7e,3369a1508281082433c78fe0083966801b3d7085c521919558dc1265ecbee42f,streaming-long-csv-v1,blocked,AQShunyi,256,192,42,0.05,20826,20762,21018,0.9899229964825553,0.9868808822131381,0.9990493392908071,21.93320011418784,28
1.0,2026-09-20T11:53:36.910358+00:00,97ff94ac46223bbf5ff537ca65743299fdf36803,c4e3ecefc53c3ff4da545b5da15d19e3a1342e31251444a91821073000a77d7e,3369a1508281082433c78fe0083966801b3d7085c521919558dc1265ecbee42f,streaming-long-csv-v1,blocked,AQShunyi,256,192,42,0.1,20826,20762,21018,0.9899229964825553,0.9868808822131381,0.9990493392908071,43.88771529165477,55
1.0,2026-09-20T11:53:36.910358+00:00,97ff94ac46223bbf5ff537ca65743299fdf36803,c4e3ecefc53c3ff4da545b5da15d19e3a1342e31251444a91821073000a77d7e,3369a1508281082433c78fe0083966801b3d7085c521919558dc1265ecbee42f,streaming-long-csv-v1,blocked,AQShunyi,256,192,42,0.2,20831,20767,21023,0.9901606616598536,0.9871185473904364,0.9992870044681054,87.75455453550873,99
1.0,2026-09-20T11:53:36.910358+00:00,97ff94ac46223bbf5ff537ca65743299fdf36803,c4e3ecefc53c3ff4da545b5da15d19e3a1342e31251444a91821073000a77d7e,3369a1508281082433c78fe0083966801b3d7085c521919558dc1265ecbee42f,streaming-long-csv-v1,blocked,AQShunyi,256,192,42,0.5,20845,20781,21037,0.9908261241562886,0.9877840098868714,0.9999524669645403,219.24038598659504,237
1.0,2026-09-20T11:53:36.910358+00:00,97ff94ac46223bbf5ff537ca65743299fdf36803,c4e3ecefc53c3ff4da545b5da15d19e3a1342e31251444a91821073000a77d7e,3369a1508281082433c78fe0083966801b3d7085c521919558dc1265ecbee42f,streaming-long-csv-v1,blocked,AQShunyi,256,192,42,1.0,20846,20782,21038,0.9908736571917482,0.987831542922331,1.0,438.48122445099347,448
1.0,2026-09-20T11:53:36.910358+00:00,97ff94ac46223bbf5ff537ca65743299fdf36803,c4e3ecefc53c3ff4da545b5da15d19e3a1342e31251444a91821073000a77d7e,3369a1508281082433c78fe0083966801b3d7085c521919558dc1265ecbee42f,streaming-long-csv-v1,blocked,AQShunyi,256,336,42,0.0,0,0,0,0.0,0.0,0.0,0.0,0
1.0,2026-09-20T11:53:36.910358+00:00,97ff94ac46223bbf5ff537ca65743299fdf36803,c4e3ecefc53c3ff4da545b5da15d19e3a1342e31251444a91821073000a77d7e,3369a1508281082433c78fe0083966801b3d7085c521919558dc1265ecbee42f,streaming-long-csv-v1,blocked,AQShunyi,256,336,42,0.005,18712,20224,20690,0.889438159520867,0.9613081091358494,0.9834585036600437,2.918511358144031,5
1.0,2026-09-20T11:53:36.910358+00:00,97ff94ac46223bbf5ff537ca65743299fdf36803,c4e3ecefc53c3ff4da545b5da15d19e3a1342e31251444a91821073000a77d7e,3369a1508281082433c78fe0083966801b3d7085c521919558dc1265ecbee42f,streaming-long-csv-v1,blocked,AQShunyi,256,336,42,0.01,20540,20636,20892,0.9763285483410971,0.9808917197452229,0.9930601768228919,5.7805858701895465,9
1.0,2026-09-20T11:53:36.910358+00:00,97ff94ac46223bbf5ff537ca65743299fdf36803,c4e3ecefc53c3ff4da545b5da15d19e3a1342e31251444a91821073000a77d7e,3369a1508281082433c78fe0083966801b3d7085c521919558dc1265ecbee42f,streaming-long-csv-v1,blocked,AQShunyi,256,336,42,0.02,20588,20668,20924,0.97861013404316,0.9824127768799316,0.9945812339576006,11.54349072835022,15
1.0,2026-09-20T11:53:36.910358+00:00,97ff94ac46223bbf5ff537ca65743299fdf36803,c4e3ecefc53c3ff4da545b5da15d19e3a1342e31251444a91821073000a77d7e,3369a1508281082433c78fe0083966801b3d7085c521919558dc1265ecbee42f,streaming-long-csv-v1,blocked,AQShunyi,256,336,42,0.05,20661,20741,20997,0.982080045631714,0.9858826884684856,0.9980511455461546,28.814783064247273,34
1.0,2026-09-20T11:53:36.910358+00:00,97ff94ac46223bbf5ff537ca65743299fdf36803,c4e3ecefc53c3ff4da545b5da15d19e3a1342e31251444a91821073000a77d7e,3369a1508281082433c78fe0083966801b3d7085c521919558dc1265ecbee42f,streaming-long-csv-v1,blocked,AQShunyi,256,336,42,0.1,20661,20741,20997,0.982080045631714,0.9858826884684856,0.9980511455461546,57.629566128494545,67
1.0,2026-09-20T11:53:36.910358+00:00,97ff94ac46223bbf5ff537ca65743299fdf36803,c4e3ecefc53c3ff4da545b5da15d19e3a1342e31251444a91821073000a77d7e,3369a1508281082433c78fe0083966801b3d7085c521919558dc1265ecbee42f,streaming-long-csv-v1,blocked,AQShunyi,256,336,42,0.2,20683,20763,21019,0.9831257724118262,0.9869284152485978,0.9990968723262668,115.1666587373329,128
1.0,2026-09-20T11:53:36.910358+00:00,97ff94ac46223bbf5ff537ca65743299fdf36803,c4e3ecefc53c3ff4da545b5da15d19e3a1342e31251444a91821073000a77d7e,3369a1508281082433c78fe0083966801b3d7085c521919558dc1265ecbee42f,streaming-long-csv-v1,blocked,AQShunyi,256,336,42,0.5,20701,20781,21037,0.9839813670500999,0.9877840098868714,0.9999524669645403,287.6843656414888,310
1.0,2026-09-20T11:53:36.910358+00:00,97ff94ac46223bbf5ff537ca65743299fdf36803,c4e3ecefc53c3ff4da545b5da15d19e3a1342e31251444a91821073000a77d7e,3369a1508281082433c78fe0083966801b3d7085c521919558dc1265ecbee42f,streaming-long-csv-v1,blocked,AQShunyi,256,336,42,1.0,20702,20782,21038,0.9840289000855594,0.987831542922331,1.0,575.3695218176633,592
1.0,2026-09-20T11:53:36.910358+00:00,97ff94ac46223bbf5ff537ca65743299fdf36803,c4e3ecefc53c3ff4da545b5da15d19e3a1342e31251444a91821073000a77d7e,3369a1508281082433c78fe0083966801b3d7085c521919558dc1265ecbee42f,streaming-long-csv-v1,blocked,AQShunyi,256,720,42,0.0,0,0,0,0.0,0.0,0.0,0.0,0
1.0,2026-09-20T11:53:36.910358+00:00,97ff94ac46223bbf5ff537ca65743299fdf36803,c4e3ecefc53c3ff4da545b5da15d19e3a1342e31251444a91821073000a77d7e,3369a1508281082433c78fe0083966801b3d7085c521919558dc1265ecbee42f,streaming-long-csv-v1,blocked,AQShunyi,256,720,42,0.005,18407,20595,20851,0.8749405837056754,0.9789428652913775,0.9911113223690465,4.680830655604048,6
1.0,2026-09-20T11:53:36.910358+00:00,97ff94ac46223bbf5ff537ca65743299fdf36803,c4e3ecefc53c3ff4da545b5da15d19e3a1342e31251444a91821073000a77d7e,3369a1508281082433c78fe0083966801b3d7085c521919558dc1265ecbee42f,streaming-long-csv-v1,blocked,AQShunyi,256,720,42,0.01,20153,20626,20882,0.9579332636182146,0.9804163893906265,0.9925848464682955,9.347763624173929,12
1.0,2026-09-20T11:53:36.910358+00:00,97ff94ac46223bbf5ff537ca65743299fdf36803,c4e3ecefc53c3ff4da545b5da15d19e3a1342e31251444a91821073000a77d7e,3369a1508281082433c78fe0083966801b3d7085c521919558dc1265ecbee42f,streaming-long-csv-v1,blocked,AQShunyi,256,720,42,0.02,20238,20702,20958,0.9619735716322845,0.9840289000855594,0.9961973571632284,18.67430098291822,23
1.0,2026-09-20T11:53:36.910358+00:00,97ff94ac46223bbf5ff537ca65743299fdf36803,c4e3ecefc53c3ff4da545b5da15d19e3a1342e31251444a91821073000a77d7e,3369a1508281082433c78fe0083966801b3d7085c521919558dc1265ecbee42f,streaming-long-csv-v1,blocked,AQShunyi,256,720,42,0.05,20297,20761,21017,0.9647780207244034,0.9868333491776785,0.9990018062553475,46.577913117952136,55
1.0,2026-09-20T11:53:36.910358+00:00,97ff94ac46223bbf5ff537ca65743299fdf36803,c4e3ecefc53c3ff4da545b5da15d19e3a1342e31251444a91821073000a77d7e,3369a1508281082433c78fe0083966801b3d7085c521919558dc1265ecbee42f,streaming-long-csv-v1,blocked,AQShunyi,256,720,42,0.1,20297,20761,21017,0.9647780207244034,0.9868333491776785,0.9990018062553475,93.15582623590427,106
1.0,2026-09-20T11:53:36.910358+00:00,97ff94ac46223bbf5ff537ca65743299fdf36803,c4e3ecefc53c3ff4da545b5da15d19e3a1342e31251444a91821073000a77d7e,3369a1508281082433c78fe0083966801b3d7085c521919558dc1265ecbee42f,streaming-long-csv-v1,blocked,AQShunyi,256,720,42,0.2,20302,20766,21022,0.9650156859017017,0.9870710143549767,0.9992394714326457,186.2673389782133,210
1.0,2026-09-20T11:53:36.910358+00:00,97ff94ac46223bbf5ff537ca65743299fdf36803,c4e3ecefc53c3ff4da545b5da15d19e3a1342e31251444a91821073000a77d7e,3369a1508281082433c78fe0083966801b3d7085c521919558dc1265ecbee42f,streaming-long-csv-v1,blocked,AQShunyi,256,720,42,0.5,20316,20780,21036,0.9656811483981367,0.9877364768514117,0.9999049339290808,465.4048298155543,499
1.0,2026-09-20T11:53:36.910358+00:00,97ff94ac46223bbf5ff537ca65743299fdf36803,c4e3ecefc53c3ff4da545b5da15d19e3a1342e31251444a91821073000a77d7e,3369a1508281082433c78fe0083966801b3d7085c521919558dc1265ecbee42f,streaming-long-csv-v1,blocked,AQShunyi,256,720,42,1.0,20318,20782,21038,0.965776214469056,0.987831542922331,1.0,930.7675634566024,976
1.0,2026-09-20T11:53:36.910358+00:00,97ff94ac46223bbf5ff537ca65743299fdf36803,c4e3ecefc53c3ff4da545b5da15d19e3a1342e31251444a91821073000a77d7e,3369a1508281082433c78fe0083966801b3d7085c521919558dc1265ecbee42f,streaming-long-csv-v1,blocked,AQShunyi,512,96,42,0.0,0,0,0,0.0,0.0,0.0,0.0,0
1.0,2026-09-20T11:53:36.910358+00:00,97ff94ac46223bbf5ff537ca65743299fdf36803,c4e3ecefc53c3ff4da545b5da15d19e3a1342e31251444a91821073000a77d7e,3369a1508281082433c78fe0083966801b3d7085c521919558dc1265ecbee42f,streaming-long-csv-v1,blocked,AQShunyi,512,96,42,0.005,20594,9298,20690,0.9788953322559178,0.4419621637037741,0.9834585036600437,2.997390043499275,5
1.0,2026-09-20T11:53:36.910358+00:00,97ff94ac46223bbf5ff537ca65743299fdf36803,c4e3ecefc53c3ff4da545b5da15d19e3a1342e31251444a91821073000a77d7e,3369a1508281082433c78fe0083966801b3d7085c521919558dc1265ecbee42f,streaming-long-csv-v1,blocked,AQShunyi,512,96,42,0.01,20796,14615,20892,0.9884970054187661,0.6946953132427037,0.9930601768228919,5.936817920735209,9
1.0,2026-09-20T11:53:36.910358+00:00,97ff94ac46223bbf5ff537ca65743299fdf36803,c4e3ecefc53c3ff4da545b5da15d19e3a1342e31251444a91821073000a77d7e,3369a1508281082433c78fe0083966801b3d7085c521919558dc1265ecbee42f,streaming-long-csv-v1,blocked,AQShunyi,512,96,42,0.02,20828,18986,20924,0.9900180625534747,0.9024622112368096,0.9945812339576006,11.855476964251578,16
1.0,2026-09-20T11:53:36.910358+00:00,97ff94ac46223bbf5ff537ca65743299fdf36803,c4e3ecefc53c3ff4da545b5da15d19e3a1342e31251444a91821073000a77d7e,3369a1508281082433c78fe0083966801b3d7085c521919558dc1265ecbee42f,streaming-long-csv-v1,blocked,AQShunyi,512,96,42,0.05,20901,20485,20997,0.9934879741420287,0.9737142313908166,0.9980511455461546,29.564604467304854,35
1.0,2026-09-20T11:53:36.910358+00:00,97ff94ac46223bbf5ff537ca65743299fdf36803,c4e3ecefc53c3ff4da545b5da15d19e3a1342e31251444a91821073000a77d7e,3369a1508281082433c78fe0083966801b3d7085c521919558dc1265ecbee42f,streaming-long-csv-v1,blocked,AQShunyi,512,96,42,0.1,20901,20485,20997,0.9934879741420287,0.9737142313908166,0.9980511455461546,59.158165452207456,68
1.0,2026-09-20T11:53:36.910358+00:00,97ff94ac46223bbf5ff537ca65743299fdf36803,c4e3ecefc53c3ff4da545b5da15d19e3a1342e31251444a91821073000a77d7e,3369a1508281082433c78fe0083966801b3d7085c521919558dc1265ecbee42f,streaming-long-csv-v1,blocked,AQShunyi,512,96,42,0.2,20923,20507,21019,0.9945337009221409,0.9747599581709288,0.9990968723262668,118.19249250677959,131
1.0,2026-09-20T11:53:36.910358+00:00,97ff94ac46223bbf5ff537ca65743299fdf36803,c4e3ecefc53c3ff4da545b5da15d19e3a1342e31251444a91821073000a77d7e,3369a1508281082433c78fe0083966801b3d7085c521919558dc1265ecbee42f,streaming-long-csv-v1,blocked,AQShunyi,512,96,42,0.5,20941,20525,21037,0.9953892955604144,0.9756155528092024,0.9999524669645403,295.228407092266,317
1.0,2026-09-20T11:53:36.910358+00:00,97ff94ac46223bbf5ff537ca65743299fdf36803,c4e3ecefc53c3ff4da545b5da15d19e3a1342e31251444a91821073000a77d7e,3369a1508281082433c78fe0083966801b3d7085c521919558dc1265ecbee42f,streaming-long-csv-v1,blocked,AQShunyi,512,96,42,1.0,20942,20526,21038,0.9954368285958741,0.975663085844662,1.0,590.4576480654055,608
1.0,2026-09-20T11:53:36.910358+00:00,97ff94ac46223bbf5ff537ca65743299fdf36803,c4e3ecefc53c3ff4da545b5da15d19e3a1342e31251444a91821073000a77d7e,3369a1508281082433c78fe0083966801b3d7085c521919558dc1265ecbee42f,streaming-long-csv-v1,blocked,AQShunyi,512,192,42,0.0,0,0,0,0.0,0.0,0.0,0.0,0
1.0,2026-09-20T11:53:36.910358+00:00,97ff94ac46223bbf5ff537ca65743299fdf36803,c4e3ecefc53c3ff4da545b5da15d19e3a1342e31251444a91821073000a77d7e,3369a1508281082433c78fe0083966801b3d7085c521919558dc1265ecbee42f,streaming-long-csv-v1,blocked,AQShunyi,512,192,42,0.005,20564,16084,20756,0.9774693411921286,0.7645213423329213,0.9865956840003802,3.425708228945847,5
1.0,2026-09-20T11:53:36.910358+00:00,97ff94ac46223bbf5ff537ca65743299fdf36803,c4e3ecefc53c3ff4da545b5da15d19e3a1342e31251444a91821073000a77d7e,3369a1508281082433c78fe0083966801b3d7085c521919558dc1265ecbee42f,streaming-long-csv-v1,blocked,AQShunyi,512,192,42,0.01,20700,19779,20892,0.9839338340146402,0.9401559083563076,0.9930601768228919,6.840513115067969,9
1.0,2026-09-20T11:53:36.910358+00:00,97ff94ac46223bbf5ff537ca65743299fdf36803,c4e3ecefc53c3ff4da545b5da15d19e3a1342e31251444a91821073000a77d7e,3369a1508281082433c78fe0083966801b3d7085c521919558dc1265ecbee42f,streaming-long-csv-v1,blocked,AQShunyi,512,192,42,0.02,20732,20412,20924,0.9854548911493488,0.9702443198022626,0.9945812339576006,13.66010323073982,18
1.0,2026-09-20T11:53:36.910358+00:00,97ff94ac46223bbf5ff537ca65743299fdf36803,c4e3ecefc53c3ff4da545b5da15d19e3a1342e31251444a91821073000a77d7e,3369a1508281082433c78fe0083966801b3d7085c521919558dc1265ecbee42f,streaming-long-csv-v1,blocked,AQShunyi,512,192,42,0.05,20805,20485,20997,0.9889248027379028,0.9737142313908166,0.9980511455461546,34.06505691289232,41
1.0,2026-09-20T11:53:36.910358+00:00,97ff94ac46223bbf5ff537ca65743299fdf36803,c4e3ecefc53c3ff4da545b5da15d19e3a1342e31251444a91821073000a77d7e,3369a1508281082433c78fe0083966801b3d7085c521919558dc1265ecbee42f,streaming-long-csv-v1,blocked,AQShunyi,512,192,42,0.1,20805,20485,20997,0.9889248027379028,0.9737142313908166,0.9980511455461546,68.16364242510835,78
1.0,2026-09-20T11:53:36.910358+00:00,97ff94ac46223bbf5ff537ca65743299fdf36803,c4e3ecefc53c3ff4da545b5da15d19e3a1342e31251444a91821073000a77d7e,3369a1508281082433c78fe0083966801b3d7085c521919558dc1265ecbee42f,streaming-long-csv-v1,blocked,AQShunyi,512,192,42,0.2,20827,20507,21019,0.989970529518015,0.9747599581709288,0.9990968723262668,136.21808839621295,151
1.0,2026-09-20T11:53:36.910358+00:00,97ff94ac46223bbf5ff537ca65743299fdf36803,c4e3ecefc53c3ff4da545b5da15d19e3a1342e31251444a91821073000a77d7e,3369a1508281082433c78fe0083966801b3d7085c521919558dc1265ecbee42f,streaming-long-csv-v1,blocked,AQShunyi,512,192,42,0.5,20845,20525,21037,0.9908261241562886,0.9756155528092024,0.9999524669645403,340.2371060512431,366
1.0,2026-09-20T11:53:36.910358+00:00,97ff94ac46223bbf5ff537ca65743299fdf36803,c4e3ecefc53c3ff4da545b5da15d19e3a1342e31251444a91821073000a77d7e,3369a1508281082433c78fe0083966801b3d7085c521919558dc1265ecbee42f,streaming-long-csv-v1,blocked,AQShunyi,512,192,42,1.0,20846,20526,21038,0.9908736571917482,0.975663085844662,1.0,680.4753303545964,704
1.0,2026-09-20T11:53:36.910358+00:00,97ff94ac46223bbf5ff537ca65743299fdf36803,c4e3ecefc53c3ff4da545b5da15d19e3a1342e31251444a91821073000a77d7e,3369a1508281082433c78fe0083966801b3d7085c521919558dc1265ecbee42f,streaming-long-csv-v1,blocked,AQShunyi,512,336,42,0.0,0,0,0,0.0,0.0,0.0,0.0,0
1.0,2026-09-20T11:53:36.910358+00:00,97ff94ac46223bbf5ff537ca65743299fdf36803,c4e3ecefc53c3ff4da545b5da15d19e3a1342e31251444a91821073000a77d7e,3369a1508281082433c78fe0083966801b3d7085c521919558dc1265ecbee42f,streaming-long-csv-v1,blocked,AQShunyi,512,336,42,0.005,20374,20061,20710,0.9684380644547961,0.9535602243559274,0.9844091643692366,4.094640270400773,6
1.0,2026-09-20T11:53:36.910358+00:00,97ff94ac46223bbf5ff537ca65743299fdf36803,c4e3ecefc53c3ff4da545b5da15d19e3a1342e31251444a91821073000a77d7e,3369a1508281082433c78fe0083966801b3d7085c521919558dc1265ecbee42f,streaming-long-csv-v1,blocked,AQShunyi,512,336,42,0.01,20475,20299,20811,0.9732389010362201,0.9648730867953228,0.9892100009506607,8.19028398443131,11
1.0,2026-09-20T11:53:36.910358+00:00,97ff94ac46223bbf5ff537ca65743299fdf36803,c4e3ecefc53c3ff4da545b5da15d19e3a1342e31251444a91821073000a77d7e,3369a1508281082433c78fe0083966801b3d7085c521919558dc1265ecbee42f,streaming-long-csv-v1,blocked,AQShunyi,512,336,42,0.02,20525,20349,20861,0.9756155528092024,0.967249738568305,0.9915866527236429,16.381956761420835,20
1.0,2026-09-20T11:53:36.910358+00:00,97ff94ac46223bbf5ff537ca65743299fdf36803,c4e3ecefc53c3ff4da545b5da15d19e3a1342e31251444a91821073000a77d7e,3369a1508281082433c78fe0083966801b3d7085c521919558dc1265ecbee42f,streaming-long-csv-v1,blocked,AQShunyi,512,336,42,0.05,20640,20464,20976,0.9810818518870615,0.9727160376461641,0.997052951801502,40.790999237223495,47
1.0,2026-09-20T11:53:36.910358+00:00,97ff94ac46223bbf5ff537ca65743299fdf36803,c4e3ecefc53c3ff4da545b5da15d19e3a1342e31251444a91821073000a77d7e,3369a1508281082433c78fe0083966801b3d7085c521919558dc1265ecbee42f,streaming-long-csv-v1,blocked,AQShunyi,512,336,42,0.1,20667,20491,21003,0.9823652438444719,0.9739994296035744,0.9983363437589124,81.5174975003571,94
1.0,2026-09-20T11:53:36.910358+00:00,97ff94ac46223bbf5ff537ca65743299fdf36803,c4e3ecefc53c3ff4da545b5da15d19e3a1342e31251444a91821073000a77d7e,3369a1508281082433c78fe0083966801b3d7085c521919558dc1265ecbee42f,streaming-long-csv-v1,blocked,AQShunyi,512,336,42,0.2,20683,20507,21019,0.9831257724118262,0.9747599581709288,0.9990968723262668,162.91089014700984,180
1.0,2026-09-20T11:53:36.910358+00:00,97ff94ac46223bbf5ff537ca65743299fdf36803,c4e3ecefc53c3ff4da545b5da15d19e3a1342e31251444a91821073000a77d7e,3369a1508281082433c78fe0083966801b3d7085c521919558dc1265ecbee42f,streaming-long-csv-v1,blocked,AQShunyi,512,336,42,0.5,20701,20525,21037,0.9839813670500999,0.9756155528092024,0.9999524669645403,406.9287445928602,438
1.0,2026-09-20T11:53:36.910358+00:00,97ff94ac46223bbf5ff537ca65743299fdf36803,c4e3ecefc53c3ff4da545b5da15d19e3a1342e31251444a91821073000a77d7e,3369a1508281082433c78fe0083966801b3d7085c521919558dc1265ecbee42f,streaming-long-csv-v1,blocked,AQShunyi,512,336,42,1.0,20702,20526,21038,0.9840289000855594,0.975663085844662,1.0,813.8591120828976,848
1.0,2026-09-20T11:53:36.910358+00:00,97ff94ac46223bbf5ff537ca65743299fdf36803,c4e3ecefc53c3ff4da545b5da15d19e3a1342e31251444a91821073000a77d7e,3369a1508281082433c78fe0083966801b3d7085c521919558dc1265ecbee42f,streaming-long-csv-v1,blocked,AQShunyi,512,720,42,0.0,0,0,0,0.0,0.0,0.0,0.0,0
1.0,2026-09-20T11:53:36.910358+00:00,97ff94ac46223bbf5ff537ca65743299fdf36803,c4e3ecefc53c3ff4da545b5da15d19e3a1342e31251444a91821073000a77d7e,3369a1508281082433c78fe0083966801b3d7085c521919558dc1265ecbee42f,streaming-long-csv-v1,blocked,AQShunyi,512,720,42,0.005,20181,20389,20901,0.9592641886110848,0.9691510599866907,0.9934879741420287,5.835510262666858,8
1.0,2026-09-20T11:53:36.910358+00:00,97ff94ac46223bbf5ff537ca65743299fdf36803,c4e3ecefc53c3ff4da545b5da15d19e3a1342e31251444a91821073000a77d7e,3369a1508281082433c78fe0083966801b3d7085c521919558dc1265ecbee42f,streaming-long-csv-v1,blocked,AQShunyi,512,720,42,0.01,20181,20389,20901,0.9592641886110848,0.9691510599866907,0.9934879741420287,11.671020525333716,15
1.0,2026-09-20T11:53:36.910358+00:00,97ff94ac46223bbf5ff537ca65743299fdf36803,c4e3ecefc53c3ff4da545b5da15d19e3a1342e31251444a91821073000a77d7e,3369a1508281082433c78fe0083966801b3d7085c521919558dc1265ecbee42f,streaming-long-csv-v1,blocked,AQShunyi,512,720,42,0.02,20238,20446,20958,0.9619735716322845,0.9718604430078904,0.9961973571632284,23.278557114228455,28
1.0,2026-09-20T11:53:36.910358+00:00,97ff94ac46223bbf5ff537ca65743299fdf36803,c4e3ecefc53c3ff4da545b5da15d19e3a1342e31251444a91821073000a77d7e,3369a1508281082433c78fe0083966801b3d7085c521919558dc1265ecbee42f,streaming-long-csv-v1,blocked,AQShunyi,512,720,42,0.05,20292,20500,21012,0.9645403555471053,0.9744272269227113,0.9987641410780492,58.04683038263849,69
1.0,2026-09-20T11:53:36.910358+00:00,97ff94ac46223bbf5ff537ca65743299fdf36803,c4e3ecefc53c3ff4da545b5da15d19e3a1342e31251444a91821073000a77d7e,3369a1508281082433c78fe0083966801b3d7085c521919558dc1265ecbee42f,streaming-long-csv-v1,blocked,AQShunyi,512,720,42,0.1,20292,20500,21012,0.9645403555471053,0.9744272269227113,0.9987641410780492,116.09366076527698,133
1.0,2026-09-20T11:53:36.910358+00:00,97ff94ac46223bbf5ff537ca65743299fdf36803,c4e3ecefc53c3ff4da545b5da15d19e3a1342e31251444a91821073000a77d7e,3369a1508281082433c78fe0083966801b3d7085c521919558dc1265ecbee42f,streaming-long-csv-v1,blocked,AQShunyi,512,720,42,0.2,20298,20506,21018,0.9648255537598631,0.9747124251354692,0.9990493392908071,232.17965553335236,260
1.0,2026-09-20T11:53:36.910358+00:00,97ff94ac46223bbf5ff537ca65743299fdf36803,c4e3ecefc53c3ff4da545b5da15d19e3a1342e31251444a91821073000a77d7e,3369a1508281082433c78fe0083966801b3d7085c521919558dc1265ecbee42f,streaming-long-csv-v1,blocked,AQShunyi,512,720,42,0.5,20317,20525,21037,0.9657286814335964,0.9756155528092024,0.9999524669645403,579.9541759756619,631
1.0,2026-09-20T11:53:36.910358+00:00,97ff94ac46223bbf5ff537ca65743299fdf36803,c4e3ecefc53c3ff4da545b5da15d19e3a1342e31251444a91821073000a77d7e,3369a1508281082433c78fe0083966801b3d7085c521919558dc1265ecbee42f,streaming-long-csv-v1,blocked,AQShunyi,512,720,42,1.0,20318,20526,21038,0.965776214469056,0.975663085844662,1.0,1159.9117786861868,1232
1.0,2026-09-20T11:53:36.910358+00:00,97ff94ac46223bbf5ff537ca65743299fdf36803,5f3af43dbf1e0d89153f191ce1693951932131cad841e94569381861993c20be,3369a1508281082433c78fe0083966801b3d7085c521919558dc1265ecbee42f,streaming-long-csv-v1,blocked,Exchange,256,96,42,0.0,0,0,0,0.0,0.0,0.0,0.0,0
1.0,2026-09-20T11:53:36.910358+00:00,97ff94ac46223bbf5ff537ca65743299fdf36803,5f3af43dbf1e0d89153f191ce1693951932131cad841e94569381861993c20be,3369a1508281082433c78fe0083966801b3d7085c521919558dc1265ecbee42f,streaming-long-csv-v1,blocked,Exchange,256,96,42,0.005,4121,2001,4431,0.9053163444639719,0.4395869947275923,0.9734182776801406,1.6682464454976302,3
1.0,2026-09-20T11:53:36.910358+00:00,97ff94ac46223bbf5ff537ca65743299fdf36803,5f3af43dbf1e0d89153f191ce1693951932131cad841e94569381861993c20be,3369a1508281082433c78fe0083966801b3d7085c521919558dc1265ecbee42f,streaming-long-csv-v1,blocked,Exchange,256,96,42,0.01,4335,3404,4431,0.9523286467486819,0.7478031634446397,0.9734182776801406,3.3364928909952605,5
1.0,2026-09-20T11:53:36.910358+00:00,97ff94ac46223bbf5ff537ca65743299fdf36803,5f3af43dbf1e0d89153f191ce1693951932131cad841e94569381861993c20be,3369a1508281082433c78fe0083966801b3d7085c521919558dc1265ecbee42f,streaming-long-csv-v1,blocked,Exchange,256,96,42,0.02,4444,4215,4540,0.976274165202109,0.9259666080843585,0.9973637961335676,6.512775330396476,9
1.0,2026-09-20T11:53:36.910358+00:00,97ff94ac46223bbf5ff537ca65743299fdf36803,5f3af43dbf1e0d89153f191ce1693951932131cad841e94569381861993c20be,3369a1508281082433c78fe0083966801b3d7085c521919558dc1265ecbee42f,streaming-long-csv-v1,blocked,Exchange,256,96,42,0.05,4444,4284,4540,0.976274165202109,0.9411247803163445,0.9973637961335676,16.281938325991188,20
1.0,2026-09-20T11:53:36.910358+00:00,97ff94ac46223bbf5ff537ca65743299fdf36803,5f3af43dbf1e0d89153f191ce1693951932131cad841e94569381861993c20be,3369a1508281082433c78fe0083966801b3d7085c521919558dc1265ecbee42f,streaming-long-csv-v1,blocked,Exchange,256,96,42,0.1,4444,4284,4540,0.976274165202109,0.9411247803163445,0.9973637961335676,32.563876651982376,39
1.0,2026-09-20T11:53:36.910358+00:00,97ff94ac46223bbf5ff537ca65743299fdf36803,5f3af43dbf1e0d89153f191ce1693951932131cad841e94569381861993c20be,3369a1508281082433c78fe0083966801b3d7085c521919558dc1265ecbee42f,streaming-long-csv-v1,blocked,Exchange,256,96,42,0.2,4446,4286,4542,0.976713532513181,0.9415641476274165,0.9978031634446397,65.0990752972259,78
1.0,2026-09-20T11:53:36.910358+00:00,97ff94ac46223bbf5ff537ca65743299fdf36803,5f3af43dbf1e0d89153f191ce1693951932131cad841e94569381861993c20be,3369a1508281082433c78fe0083966801b3d7085c521919558dc1265ecbee42f,streaming-long-csv-v1,blocked,Exchange,256,96,42,0.5,4452,4292,4548,0.9780316344463972,0.9428822495606327,0.9991212653778558,162.532981530343,184
1.0,2026-09-20T11:53:36.910358+00:00,97ff94ac46223bbf5ff537ca65743299fdf36803,5f3af43dbf1e0d89153f191ce1693951932131cad841e94569381861993c20be,3369a1508281082433c78fe0083966801b3d7085c521919558dc1265ecbee42f,streaming-long-csv-v1,blocked,Exchange,256,96,42,1.0,4456,4296,4552,0.9789103690685413,0.9437609841827768,1.0,324.8576449912127,352
1.0,2026-09-20T11:53:36.910358+00:00,97ff94ac46223bbf5ff537ca65743299fdf36803,5f3af43dbf1e0d89153f191ce1693951932131cad841e94569381861993c20be,3369a1508281082433c78fe0083966801b3d7085c521919558dc1265ecbee42f,streaming-long-csv-v1,blocked,Exchange,256,192,42,0.0,0,0,0,0.0,0.0,0.0,0.0,0
1.0,2026-09-20T11:53:36.910358+00:00,97ff94ac46223bbf5ff537ca65743299fdf36803,5f3af43dbf1e0d89153f191ce1693951932131cad841e94569381861993c20be,3369a1508281082433c78fe0083966801b3d7085c521919558dc1265ecbee42f,streaming-long-csv-v1,blocked,Exchange,256,192,42,0.005,4128,3437,4458,0.9068541300527241,0.7550527240773286,0.9793497363796133,2.009869896814715,3
1.0,2026-09-20T11:53:36.910358+00:00,97ff94ac46223bbf5ff537ca65743299fdf36803,5f3af43dbf1e0d89153f191ce1693951932131cad841e94569381861993c20be,3369a1508281082433c78fe0083966801b3d7085c521919558dc1265ecbee42f,streaming-long-csv-v1,blocked,Exchange,256,192,42,0.01,4266,4202,4458,0.937170474516696,0.9231107205623902,0.9793497363796133,4.120233288470166,6
1.0,2026-09-20T11:53:36.910358+00:00,97ff94ac46223bbf5ff537ca65743299fdf36803,5f3af43dbf1e0d89153f191ce1693951932131cad841e94569381861993c20be,3369a1508281082433c78fe0083966801b3d7085c521919558dc1265ecbee42f,streaming-long-csv-v1,blocked,Exchange,256,192,42,0.02,4350,4286,4542,0.9556239015817223,0.9415641476274165,0.9978031634446397,8.088066930867459,11
1.0,2026-09-20T11:53:36.910358+00:00,97ff94ac46223bbf5ff537ca65743299fdf36803,5f3af43dbf1e0d89153f191ce1693951932131cad841e94569381861993c20be,3369a1508281082433c78fe0083966801b3d7085c521919558dc1265ecbee42f,streaming-long-csv-v1,blocked,Exchange,256,192,42,0.05,4350,4286,4542,0.9556239015817223,0.9415641476274165,0.9978031634446397,20.22016732716865,25
1.0,2026-09-20T11:53:36.910358+00:00,97ff94ac46223bbf5ff537ca65743299fdf36803,5f3af43dbf1e0d89153f191ce1693951932131cad841e94569381861993c20be,3369a1508281082433c78fe0083966801b3d7085c521919558dc1265ecbee42f,streaming-long-csv-v1,blocked,Exchange,256,192,42,0.1,4354,4290,4546,0.9565026362038664,0.9424428822495606,0.9986818980667839,40.40475142982842,49
1.0,2026-09-20T11:53:36.910358+00:00,97ff94ac46223bbf5ff537ca65743299fdf36803,5f3af43dbf1e0d89153f191ce1693951932131cad841e94569381861993c20be,3369a1508281082433c78fe0083966801b3d7085c521919558dc1265ecbee42f,streaming-long-csv-v1,blocked,Exchange,256,192,42,0.2,4354,4290,4546,0.9565026362038664,0.9424428822495606,0.9986818980667839,80.90805103387594,95
1.0,2026-09-20T11:53:36.910358+00:00,97ff94ac46223bbf5ff537ca65743299fdf36803,5f3af43dbf1e0d89153f191ce1693951932131cad841e94569381861993c20be,3369a1508281082433c78fe0083966801b3d7085c521919558dc1265ecbee42f,streaming-long-csv-v1,blocked,Exchange,256,192,42,0.5,4357,4293,4549,0.9571616871704746,0.9431019332161688,0.9993409490333919,202.08749175642998,233
1.0,2026-09-20T11:53:36.910358+00:00,97ff94ac46223bbf5ff537ca65743299fdf36803,5f3af43dbf1e0d89153f191ce1693951932131cad841e94569381861993c20be,3369a1508281082433c78fe0083966801b3d7085c521919558dc1265ecbee42f,streaming-long-csv-v1,blocked,Exchange,256,192,42,1.0,4360,4296,4552,0.9578207381370826,0.9437609841827768,1.0,404.00702987697713,448
1.0,2026-09-20T11:53:36.910358+00:00,97ff94ac46223bbf5ff537ca65743299fdf36803,5f3af43dbf1e0d89153f191ce1693951932131cad841e94569381861993c20be,3369a1508281082433c78fe0083966801b3d7085c521919558dc1265ecbee42f,streaming-long-csv-v1,blocked,Exchange,256,336,42,0.0,0,0,0,0.0,0.0,0.0,0.0,0
1.0,2026-09-20T11:53:36.910358+00:00,97ff94ac46223bbf5ff537ca65743299fdf36803,5f3af43dbf1e0d89153f191ce1693951932131cad841e94569381861993c20be,3369a1508281082433c78fe0083966801b3d7085c521919558dc1265ecbee42f,streaming-long-csv-v1,blocked,Exchange,256,336,42,0.005,3867,4075,4331,0.8495166959578208,0.8952108963093146,0.9514499121265377,2.5970907411683215,4
1.0,2026-09-20T11:53:36.910358+00:00,97ff94ac46223bbf5ff537ca65743299fdf36803,5f3af43dbf1e0d89153f191ce1693951932131cad841e94569381861993c20be,3369a1508281082433c78fe0083966801b3d7085c521919558dc1265ecbee42f,streaming-long-csv-v1,blocked,Exchange,256,336,42,0.01,4145,4225,4481,0.9105887521968365,0.9281634446397188,0.984402460456942,5.1524213345235435,8
1.0,2026-09-20T11:53:36.910358+00:00,97ff94ac46223bbf5ff537ca65743299fdf36803,5f3af43dbf1e0d89153f191ce1693951932131cad841e94569381861993c20be,3369a1508281082433c78fe0083966801b3d7085c521919558dc1265ecbee42f,streaming-long-csv-v1,blocked,Exchange,256,336,42,0.02,4145,4225,4481,0.9105887521968365,0.9281634446397188,0.984402460456942,10.436956036598973,14
1.0,2026-09-20T11:53:36.910358+00:00,97ff94ac46223bbf5ff537ca65743299fdf36803,5f3af43dbf1e0d89153f191ce1693951932131cad841e94569381861993c20be,3369a1508281082433c78fe0083966801b3d7085c521919558dc1265ecbee42f,streaming-long-csv-v1,blocked,Exchange,256,336,42,0.05,4170,4250,4506,0.9160808435852372,0.9336555360281195,0.9898945518453427,26.013315579227697,32
1.0,2026-09-20T11:53:36.910358+00:00,97ff94ac46223bbf5ff537ca65743299fdf36803,5f3af43dbf1e0d89153f191ce1693951932131cad841e94569381861993c20be,3369a1508281082433c78fe0083966801b3d7085c521919558dc1265ecbee42f,streaming-long-csv-v1,blocked,Exchange,256,336,42,0.1,4197,4277,4533,0.92201230228471,0.9395869947275922,0.9958260105448155,51.71674387822634,63
1.0,2026-09-20T11:53:36.910358+00:00,97ff94ac46223bbf5ff537ca65743299fdf36803,5f3af43dbf1e0d89153f191ce1693951932131cad841e94569381861993c20be,3369a1508281082433c78fe0083966801b3d7085c521919558dc1265ecbee42f,streaming-long-csv-v1,blocked,Exchange,256,336,42,0.2,4211,4291,4547,0.9250878734622144,0.9426625659050967,0.9989015817223199,103.11502089289641,125
1.0,2026-09-20T11:53:36.910358+00:00,97ff94ac46223bbf5ff537ca65743299fdf36803,5f3af43dbf1e0d89153f191ce1693951932131cad841e94569381861993c20be,3369a1508281082433c78fe0083966801b3d7085c521919558dc1265ecbee42f,streaming-long-csv-v1,blocked,Exchange,256,336,42,0.5,4213,4293,4549,0.9255272407732865,0.9431019332161688,0.9993409490333919,257.6742141129919,303
1.0,2026-09-20T11:53:36.910358+00:00,97ff94ac46223bbf5ff537ca65743299fdf36803,5f3af43dbf1e0d89153f191ce1693951932131cad841e94569381861993c20be,3369a1508281082433c78fe0083966801b3d7085c521919558dc1265ecbee42f,streaming-long-csv-v1,blocked,Exchange,256,336,42,1.0,4216,4296,4552,0.9261862917398945,0.9437609841827768,1.0,515.1388400702988,592
1.0,2026-09-20T11:53:36.910358+00:00,97ff94ac46223bbf5ff537ca65743299fdf36803,5f3af43dbf1e0d89153f191ce1693951932131cad841e94569381861993c20be,3369a1508281082433c78fe0083966801b3d7085c521919558dc1265ecbee42f,streaming-long-csv-v1,blocked,Exchange,256,720,42,0.0,0,0,0,0.0,0.0,0.0,0.0,0
1.0,2026-09-20T11:53:36.910358+00:00,97ff94ac46223bbf5ff537ca65743299fdf36803,5f3af43dbf1e0d89153f191ce1693951932131cad841e94569381861993c20be,3369a1508281082433c78fe0083966801b3d7085c521919558dc1265ecbee42f,streaming-long-csv-v1,blocked,Exchange,256,720,42,0.005,3531,4021,4277,0.7757029876977153,0.8833479789103691,0.9395869947275922,3.8793546878653262,6
1.0,2026-09-20T11:53:36.910358+00:00,97ff94ac46223bbf5ff537ca65743299fdf36803,5f3af43dbf1e0d89153f191ce1693951932131cad841e94569381861993c20be,3369a1508281082433c78fe0083966801b3d7085c521919558dc1265ecbee42f,streaming-long-csv-v1,blocked,Exchange,256,720,42,0.01,3673,4137,4393,0.8068980667838312,0.9088312829525483,0.9650702987697716,7.776007284315957,11
1.0,2026-09-20T11:53:36.910358+00:00,97ff94ac46223bbf5ff537ca65743299fdf36803,5f3af43dbf1e0d89153f191ce1693951932131cad841e94569381861993c20be,3369a1508281082433c78fe0083966801b3d7085c521919558dc1265ecbee42f,streaming-long-csv-v1,blocked,Exchange,256,720,42,0.02,3766,4230,4486,0.8273286467486819,0.929261862917399,0.9855008787346221,15.44716897012929,21
1.0,2026-09-20T11:53:36.910358+00:00,97ff94ac46223bbf5ff537ca65743299fdf36803,5f3af43dbf1e0d89153f191ce1693951932131cad841e94569381861993c20be,3369a1508281082433c78fe0083966801b3d7085c521919558dc1265ecbee42f,streaming-long-csv-v1,blocked,Exchange,256,720,42,0.05,3787,4251,4507,0.8319420035149385,0.9338752196836555,0.9901142355008787,38.54626137120035,51
1.0,2026-09-20T11:53:36.910358+00:00,97ff94ac46223bbf5ff537ca65743299fdf36803,5f3af43dbf1e0d89153f191ce1693951932131cad841e94569381861993c20be,3369a1508281082433c78fe0083966801b3d7085c521919558dc1265ecbee42f,streaming-long-csv-v1,blocked,Exchange,256,720,42,0.1,3819,4283,4539,0.8389718804920914,0.9409050966608085,0.9971441124780316,76.76404494382022,102
1.0,2026-09-20T11:53:36.910358+00:00,97ff94ac46223bbf5ff537ca65743299fdf36803,5f3af43dbf1e0d89153f191ce1693951932131cad841e94569381861993c20be,3369a1508281082433c78fe0083966801b3d7085c521919558dc1265ecbee42f,streaming-long-csv-v1,blocked,Exchange,256,720,42,0.2,3819,4283,4539,0.8389718804920914,0.9409050966608085,0.9971441124780316,153.74311522361754,200
1.0,2026-09-20T11:53:36.910358+00:00,97ff94ac46223bbf5ff537ca65743299fdf36803,5f3af43dbf1e0d89153f191ce1693951932131cad841e94569381861993c20be,3369a1508281082433c78fe0083966801b3d7085c521919558dc1265ecbee42f,streaming-long-csv-v1,blocked,Exchange,256,720,42,0.5,3830,4294,4550,0.8413884007029877,0.9433216168717048,0.9995606326889279,383.5358241758242,494
1.0,2026-09-20T11:53:36.910358+00:00,97ff94ac46223bbf5ff537ca65743299fdf36803,5f3af43dbf1e0d89153f191ce1693951932131cad841e94569381861993c20be,3369a1508281082433c78fe0083966801b3d7085c521919558dc1265ecbee42f,streaming-long-csv-v1,blocked,Exchange,256,720,42,1.0,3832,4296,4552,0.8418277680140598,0.9437609841827768,1.0,766.9490333919157,976
1.0,2026-09-20T11:53:36.910358+00:00,97ff94ac46223bbf5ff537ca65743299fdf36803,5f3af43dbf1e0d89153f191ce1693951932131cad841e94569381861993c20be,3369a1508281082433c78fe0083966801b3d7085c521919558dc1265ecbee42f,streaming-long-csv-v1,blocked,Exchange,512,96,42,0.0,0,0,0,0.0,0.0,0.0,0.0,0
1.0,2026-09-20T11:53:36.910358+00:00,97ff94ac46223bbf5ff537ca65743299fdf36803,5f3af43dbf1e0d89153f191ce1693951932131cad841e94569381861993c20be,3369a1508281082433c78fe0083966801b3d7085c521919558dc1265ecbee42f,streaming-long-csv-v1,blocked,Exchange,512,96,42,0.005,4236,1799,4332,0.9305799648506151,0.3952108963093146,0.9516695957820738,2.6666666666666665,4
1.0,2026-09-20T11:53:36.910358+00:00,97ff94ac46223bbf5ff537ca65743299fdf36803,5f3af43dbf1e0d89153f191ce1693951932131cad841e94569381861993c20be,3369a1508281082433c78fe0083966801b3d7085c521919558dc1265ecbee42f,streaming-long-csv-v1,blocked,Exchange,512,96,42,0.01,4385,3089,4481,0.9633128295254832,0.6786028119507909,0.984402460456942,5.291675965186342,8
1.0,2026-09-20T11:53:36.910358+00:00,97ff94ac46223bbf5ff537ca65743299fdf36803,5f3af43dbf1e0d89153f191ce1693951932131cad841e94569381861993c20be,3369a1508281082433c78fe0083966801b3d7085c521919558dc1265ecbee42f,streaming-long-csv-v1,blocked,Exchange,512,96,42,0.02,4385,3897,4481,0.9633128295254832,0.8561072056239016,0.984402460456942,10.583351930372684,14
1.0,2026-09-20T11:53:36.910358+00:00,97ff94ac46223bbf5ff537ca65743299fdf36803,5f3af43dbf1e0d89153f191ce1693951932131cad841e94569381861993c20be,3369a1508281082433c78fe0083966801b3d7085c521919558dc1265ecbee42f,streaming-long-csv-v1,blocked,Exchange,512,96,42,0.05,4410,3994,4506,0.968804920913884,0.8774165202108963,0.9898945518453427,26.58144695960941,33
1.0,2026-09-20T11:53:36.910358+00:00,97ff94ac46223bbf5ff537ca65743299fdf36803,5f3af43dbf1e0d89153f191ce1693951932131cad841e94569381861993c20be,3369a1508281082433c78fe0083966801b3d7085c521919558dc1265ecbee42f,streaming-long-csv-v1,blocked,Exchange,512,96,42,0.1,4437,4021,4533,0.9747363796133568,0.8833479789103691,0.9958260105448155,52.84623869402162,64
1.0,2026-09-20T11:53:36.910358+00:00,97ff94ac46223bbf5ff537ca65743299fdf36803,5f3af43dbf1e0d89153f191ce1693951932131cad841e94569381861993c20be,3369a1508281082433c78fe0083966801b3d7085c521919558dc1265ecbee42f,streaming-long-csv-v1,blocked,Exchange,512,96,42,0.2,4451,4035,4547,0.9778119507908611,0.8864235500878734,0.9989015817223199,105.50076973828898,127
1.0,2026-09-20T11:53:36.910358+00:00,97ff94ac46223bbf5ff537ca65743299fdf36803,5f3af43dbf1e0d89153f191ce1693951932131cad841e94569381861993c20be,3369a1508281082433c78fe0083966801b3d7085c521919558dc1265ecbee42f,streaming-long-csv-v1,blocked,Exchange,512,96,42,0.5,4453,4037,4549,0.9782513181019332,0.8868629173989455,0.9993409490333919,263.5691360738624,312
1.0,2026-09-20T11:53:36.910358+00:00,97ff94ac46223bbf5ff537ca65743299fdf36803,5f3af43dbf1e0d89153f191ce1693951932131cad841e94569381861993c20be,3369a1508281082433c78fe0083966801b3d7085c521919558dc1265ecbee42f,streaming-long-csv-v1,blocked,Exchange,512,96,42,1.0,4456,4040,4552,0.9789103690685413,0.8875219683655536,1.0,526.9244288224957,608
1.0,2026-09-20T11:53:36.910358+00:00,97ff94ac46223bbf5ff537ca65743299fdf36803,5f3af43dbf1e0d89153f191ce1693951932131cad841e94569381861993c20be,3369a1508281082433c78fe0083966801b3d7085c521919558dc1265ecbee42f,streaming-long-csv-v1,blocked,Exchange,512,192,42,0.0,0,0,0,0.0,0.0,0.0,0.0,0
1.0,2026-09-20T11:53:36.910358+00:00,97ff94ac46223bbf5ff537ca65743299fdf36803,5f3af43dbf1e0d89153f191ce1693951932131cad841e94569381861993c20be,3369a1508281082433c78fe0083966801b3d7085c521919558dc1265ecbee42f,streaming-long-csv-v1,blocked,Exchange,512,192,42,0.005,4160,3250,4352,0.9138840070298769,0.7139718804920914,0.9560632688927944,3.073529411764706,5
1.0,2026-09-20T11:53:36.910358+00:00,97ff94ac46223bbf5ff537ca65743299fdf36803,5f3af43dbf1e0d89153f191ce1693951932131cad841e94569381861993c20be,3369a1508281082433c78fe0083966801b3d7085c521919558dc1265ecbee42f,streaming-long-csv-v1,blocked,Exchange,512,192,42,0.01,4286,3966,4478,0.9415641476274165,0.8712653778558875,0.9837434094903339,5.974095578383206,9
1.0,2026-09-20T11:53:36.910358+00:00,97ff94ac46223bbf5ff537ca65743299fdf36803,5f3af43dbf1e0d89153f191ce1693951932131cad841e94569381861993c20be,3369a1508281082433c78fe0083966801b3d7085c521919558dc1265ecbee42f,streaming-long-csv-v1,blocked,Exchange,512,192,42,0.02,4286,3966,4478,0.9415641476274165,0.8712653778558875,0.9837434094903339,11.948191156766413,16
1.0,2026-09-20T11:53:36.910358+00:00,97ff94ac46223bbf5ff537ca65743299fdf36803,5f3af43dbf1e0d89153f191ce1693951932131cad841e94569381861993c20be,3369a1508281082433c78fe0083966801b3d7085c521919558dc1265ecbee42f,streaming-long-csv-v1,blocked,Exchange,512,192,42,0.05,4309,3989,4501,0.9466168717047452,0.8763181019332161,0.9887961335676626,30.03065985336592,38
1.0,2026-09-20T11:53:36.910358+00:00,97ff94ac46223bbf5ff537ca65743299fdf36803,5f3af43dbf1e0d89153f191ce1693951932131cad841e94569381861993c20be,3369a1508281082433c78fe0083966801b3d7085c521919558dc1265ecbee42f,streaming-long-csv-v1,blocked,Exchange,512,192,42,0.1,4342,4022,4534,0.9538664323374341,0.8835676625659051,0.9960456942003515,59.624172915747685,75
1.0,2026-09-20T11:53:36.910358+00:00,97ff94ac46223bbf5ff537ca65743299fdf36803,5f3af43dbf1e0d89153f191ce1693951932131cad841e94569381861993c20be,3369a1508281082433c78fe0083966801b3d7085c521919558dc1265ecbee42f,streaming-long-csv-v1,blocked,Exchange,512,192,42,0.2,4355,4035,4547,0.9567223198594025,0.8864235500878734,0.9989015817223199,119.06223883879481,146
1.0,2026-09-20T11:53:36.910358+00:00,97ff94ac46223bbf5ff537ca65743299fdf36803,5f3af43dbf1e0d89153f191ce1693951932131cad841e94569381861993c20be,3369a1508281082433c78fe0083966801b3d7085c521919558dc1265ecbee42f,streaming-long-csv-v1,blocked,Exchange,512,192,42,0.5,4357,4037,4549,0.9571616871704746,0.8868629173989455,0.9993409490333919,297.7568696416795,360
1.0,2026-09-20T11:53:36.910358+00:00,97ff94ac46223bbf5ff537ca65743299fdf36803,5f3af43dbf1e0d89153f191ce1693951932131cad841e94569381861993c20be,3369a1508281082433c78fe0083966801b3d7085c521919558dc1265ecbee42f,streaming-long-csv-v1,blocked,Exchange,512,192,42,1.0,4360,4040,4552,0.9578207381370826,0.8875219683655536,1.0,595.2759226713532,704
1.0,2026-09-20T11:53:36.910358+00:00,97ff94ac46223bbf5ff537ca65743299fdf36803,5f3af43dbf1e0d89153f191ce1693951932131cad841e94569381861993c20be,3369a1508281082433c78fe0083966801b3d7085c521919558dc1265ecbee42f,streaming-long-csv-v1,blocked,Exchange,512,336,42,0.0,0,0,0,0.0,0.0,0.0,0.0,0
1.0,2026-09-20T11:53:36.910358+00:00,97ff94ac46223bbf5ff537ca65743299fdf36803,5f3af43dbf1e0d89153f191ce1693951932131cad841e94569381861993c20be,3369a1508281082433c78fe0083966801b3d7085c521919558dc1265ecbee42f,streaming-long-csv-v1,blocked,Exchange,512,336,42,0.005,3877,3701,4213,0.851713532513181,0.81304920913884,0.9255272407732865,3.6230714455257536,5
1.0,2026-09-20T11:53:36.910358+00:00,97ff94ac46223bbf5ff537ca65743299fdf36803,5f3af43dbf1e0d89153f191ce1693951932131cad841e94569381861993c20be,3369a1508281082433c78fe0083966801b3d7085c521919558dc1265ecbee42f,streaming-long-csv-v1,blocked,Exchange,512,336,42,0.01,4164,3988,4500,0.9147627416520211,0.8760984182776801,0.9885764499121266,6.972444444444444,10
1.0,2026-09-20T11:53:36.910358+00:00,97ff94ac46223bbf5ff537ca65743299fdf36803,5f3af43dbf1e0d89153f191ce1693951932131cad841e94569381861993c20be,3369a1508281082433c78fe0083966801b3d7085c521919558dc1265ecbee42f,streaming-long-csv-v1,blocked,Exchange,512,336,42,0.02,4164,3988,4500,0.9147627416520211,0.8760984182776801,0.9885764499121266,13.944888888888888,19
1.0,2026-09-20T11:53:36.910358+00:00,97ff94ac46223bbf5ff537ca65743299fdf36803,5f3af43dbf1e0d89153f191ce1693951932131cad841e94569381861993c20be,3369a1508281082433c78fe0083966801b3d7085c521919558dc1265ecbee42f,streaming-long-csv-v1,blocked,Exchange,512,336,42,0.05,4169,3993,4505,0.9158611599297012,0.8771968365553603,0.9896748681898067,34.8235294117647,46
1.0,2026-09-20T11:53:36.910358+00:00,97ff94ac46223bbf5ff537ca65743299fdf36803,5f3af43dbf1e0d89153f191ce1693951932131cad841e94569381861993c20be,3369a1508281082433c78fe0083966801b3d7085c521919558dc1265ecbee42f,streaming-long-csv-v1,blocked,Exchange,512,336,42,0.1,4173,3997,4509,0.9167398945518453,0.8780755711775043,0.9905536028119508,69.58527389665115,89
1.0,2026-09-20T11:53:36.910358+00:00,97ff94ac46223bbf5ff537ca65743299fdf36803,5f3af43dbf1e0d89153f191ce1693951932131cad841e94569381861993c20be,3369a1508281082433c78fe0083966801b3d7085c521919558dc1265ecbee42f,streaming-long-csv-v1,blocked,Exchange,512,336,42,0.2,4207,4031,4543,0.9242091388400703,0.8855448154657294,0.9980228471001757,138.31565045124367,177
1.0,2026-09-20T11:53:36.910358+00:00,97ff94ac46223bbf5ff537ca65743299fdf36803,5f3af43dbf1e0d89153f191ce1693951932131cad841e94569381861993c20be,3369a1508281082433c78fe0083966801b3d7085c521919558dc1265ecbee42f,streaming-long-csv-v1,blocked,Exchange,512,336,42,0.5,4212,4036,4548,0.9253075571177505,0.8866432337434095,0.9991212653778558,345.31574318381706,431
1.0,2026-09-20T11:53:36.910358+00:00,97ff94ac46223bbf5ff537ca65743299fdf36803,5f3af43dbf1e0d89153f191ce1693951932131cad841e94569381861993c20be,3369a1508281082433c78fe0083966801b3d7085c521919558dc1265ecbee42f,streaming-long-csv-v1,blocked,Exchange,512,336,42,1.0,4216,4040,4552,0.9261862917398945,0.8875219683655536,1.0,690.2108963093145,848
1.0,2026-09-20T11:53:36.910358+00:00,97ff94ac46223bbf5ff537ca65743299fdf36803,5f3af43dbf1e0d89153f191ce1693951932131cad841e94569381861993c20be,3369a1508281082433c78fe0083966801b3d7085c521919558dc1265ecbee42f,streaming-long-csv-v1,blocked,Exchange,512,720,42,0.0,0,0,0,0.0,0.0,0.0,0.0,0
1.0,2026-09-20T11:53:36.910358+00:00,97ff94ac46223bbf5ff537ca65743299fdf36803,5f3af43dbf1e0d89153f191ce1693951932131cad841e94569381861993c20be,3369a1508281082433c78fe0083966801b3d7085c521919558dc1265ecbee42f,streaming-long-csv-v1,blocked,Exchange,512,720,42,0.005,3444,3652,4164,0.7565905096660809,0.8022847100175747,0.9147627416520211,4.733909702209414,7
1.0,2026-09-20T11:53:36.910358+00:00,97ff94ac46223bbf5ff537ca65743299fdf36803,5f3af43dbf1e0d89153f191ce1693951932131cad841e94569381861993c20be,3369a1508281082433c78fe0083966801b3d7085c521919558dc1265ecbee42f,streaming-long-csv-v1,blocked,Exchange,512,720,42,0.01,3680,3888,4400,0.8084358523725835,0.8541300527240774,0.9666080843585237,9.24,14
1.0,2026-09-20T11:53:36.910358+00:00,97ff94ac46223bbf5ff537ca65743299fdf36803,5f3af43dbf1e0d89153f191ce1693951932131cad841e94569381861993c20be,3369a1508281082433c78fe0083966801b3d7085c521919558dc1265ecbee42f,streaming-long-csv-v1,blocked,Exchange,512,720,42,0.02,3742,3950,4462,0.8220562390158173,0.8677504393673111,0.9802284710017575,18.223218287763334,27
1.0,2026-09-20T11:53:36.910358+00:00,97ff94ac46223bbf5ff537ca65743299fdf36803,5f3af43dbf1e0d89153f191ce1693951932131cad841e94569381861993c20be,3369a1508281082433c78fe0083966801b3d7085c521919558dc1265ecbee42f,streaming-long-csv-v1,blocked,Exchange,512,720,42,0.05,3800,4008,4520,0.8347978910369068,0.8804920913884007,0.9929701230228472,45.24601769911504,64
1.0,2026-09-20T11:53:36.910358+00:00,97ff94ac46223bbf5ff537ca65743299fdf36803,5f3af43dbf1e0d89153f191ce1693951932131cad841e94569381861993c20be,3369a1508281082433c78fe0083966801b3d7085c521919558dc1265ecbee42f,streaming-long-csv-v1,blocked,Exchange,512,720,42,0.1,3825,4033,4545,0.8402899824253075,0.8859841827768014,0.9984622144112478,89.9942794279428,127
1.0,2026-09-20T11:53:36.910358+00:00,97ff94ac46223bbf5ff537ca65743299fdf36803,5f3af43dbf1e0d89153f191ce1693951932131cad841e94569381861993c20be,3369a1508281082433c78fe0083966801b3d7085c521919558dc1265ecbee42f,streaming-long-csv-v1,blocked,Exchange,512,720,42,0.2,3827,4035,4547,0.8407293497363796,0.8864235500878734,0.9989015817223199,179.9093908071256,251
1.0,2026-09-20T11:53:36.910358+00:00,97ff94ac46223bbf5ff537ca65743299fdf36803,5f3af43dbf1e0d89153f191ce1693951932131cad841e94569381861993c20be,3369a1508281082433c78fe0083966801b3d7085c521919558dc1265ecbee42f,streaming-long-csv-v1,blocked,Exchange,512,720,42,0.5,3830,4038,4550,0.8413884007029877,0.8870826010544816,0.9995606326889279,449.4769230769231,623
1.0,2026-09-20T11:53:36.910358+00:00,97ff94ac46223bbf5ff537ca65743299fdf36803,5f3af43dbf1e0d89153f191ce1693951932131cad841e94569381861993c20be,3369a1508281082433c78fe0083966801b3d7085c521919558dc1265ecbee42f,streaming-long-csv-v1,blocked,Exchange,512,720,42,1.0,3832,4040,4552,0.8418277680140598,0.8875219683655536,1.0,898.829525483304,1232
1.0,2026-09-20T11:53:36.910358+00:00,97ff94ac46223bbf5ff537ca65743299fdf36803,7dffc18f7655fcf191fa424b5c720eac888c233e6e639819406f460d4fdf62e3,3369a1508281082433c78fe0083966801b3d7085c521919558dc1265ecbee42f,streaming-long-csv-v1,blocked,ZafNoo,256,96,42,0.0,0,0,0,0.0,0.0,0.0,0.0,0
1.0,2026-09-20T11:53:36.910358+00:00,97ff94ac46223bbf5ff537ca65743299fdf36803,7dffc18f7655fcf191fa424b5c720eac888c233e6e639819406f460d4fdf62e3,3369a1508281082433c78fe0083966801b3d7085c521919558dc1265ecbee42f,streaming-long-csv-v1,blocked,ZafNoo,256,96,42,0.005,11031,5229,11301,0.9563068920676203,0.45331599479843954,0.9797139141742522,1.7131227325015486,3
1.0,2026-09-20T11:53:36.910358+00:00,97ff94ac46223bbf5ff537ca65743299fdf36803,7dffc18f7655fcf191fa424b5c720eac888c233e6e639819406f460d4fdf62e3,3369a1508281082433c78fe0083966801b3d7085c521919558dc1265ecbee42f,streaming-long-csv-v1,blocked,ZafNoo,256,96,42,0.01,11290,8976,11386,0.9787602947550932,0.7781534460338101,0.9870827915041179,3.4315826453539433,6
1.0,2026-09-20T11:53:36.910358+00:00,97ff94ac46223bbf5ff537ca65743299fdf36803,7dffc18f7655fcf191fa424b5c720eac888c233e6e639819406f460d4fdf62e3,3369a1508281082433c78fe0083966801b3d7085c521919558dc1265ecbee42f,streaming-long-csv-v1,blocked,ZafNoo,256,96,42,0.02,11351,10826,11447,0.9840485478977027,0.9385348938014738,0.9923710446467273,6.857342535162052,10
1.0,2026-09-20T11:53:36.910358+00:00,97ff94ac46223bbf5ff537ca65743299fdf36803,7dffc18f7655fcf191fa424b5c720eac888c233e6e639819406f460d4fdf62e3,3369a1508281082433c78fe0083966801b3d7085c521919558dc1265ecbee42f,streaming-long-csv-v1,blocked,ZafNoo,256,96,42,0.05,11424,11264,11520,0.9903771131339402,0.976506285218899,0.9986996098829649,17.080555555555556,21
1.0,2026-09-20T11:53:36.910358+00:00,97ff94ac46223bbf5ff537ca65743299fdf36803,7dffc18f7655fcf191fa424b5c720eac888c233e6e639819406f460d4fdf62e3,3369a1508281082433c78fe0083966801b3d7085c521919558dc1265ecbee42f,streaming-long-csv-v1,blocked,ZafNoo,256,96,42,0.1,11424,11264,11520,0.9903771131339402,0.976506285218899,0.9986996098829649,34.16111111111111,42
1.0,2026-09-20T11:53:36.910358+00:00,97ff94ac46223bbf5ff537ca65743299fdf36803,7dffc18f7655fcf191fa424b5c720eac888c233e6e639819406f460d4fdf62e3,3369a1508281082433c78fe0083966801b3d7085c521919558dc1265ecbee42f,streaming-long-csv-v1,blocked,ZafNoo,256,96,42,0.2,11430,11270,11526,0.9908972691807543,0.977026441265713,0.9992197659297789,68.28665625542253,77
1.0,2026-09-20T11:53:36.910358+00:00,97ff94ac46223bbf5ff537ca65743299fdf36803,7dffc18f7655fcf191fa424b5c720eac888c233e6e639819406f460d4fdf62e3,3369a1508281082433c78fe0083966801b3d7085c521919558dc1265ecbee42f,streaming-long-csv-v1,blocked,ZafNoo,256,96,42,0.5,11434,11274,11530,0.9912440398786303,0.9773732119635891,0.9995665366276549,170.718473547268,193
1.0,2026-09-20T11:53:36.910358+00:00,97ff94ac46223bbf5ff537ca65743299fdf36803,7dffc18f7655fcf191fa424b5c720eac888c233e6e639819406f460d4fdf62e3,3369a1508281082433c78fe0083966801b3d7085c521919558dc1265ecbee42f,streaming-long-csv-v1,blocked,ZafNoo,256,96,42,1.0,11439,11279,11535,0.9916775032509753,0.9778066753359341,1.0,341.2889466840052,352
1.0,2026-09-20T11:53:36.910358+00:00,97ff94ac46223bbf5ff537ca65743299fdf36803,7dffc18f7655fcf191fa424b5c720eac888c233e6e639819406f460d4fdf62e3,3369a1508281082433c78fe0083966801b3d7085c521919558dc1265ecbee42f,streaming-long-csv-v1,blocked,ZafNoo,256,192,42,0.0,0,0,0,0.0,0.0,0.0,0.0,0
1.0,2026-09-20T11:53:36.910358+00:00,97ff94ac46223bbf5ff537ca65743299fdf36803,7dffc18f7655fcf191fa424b5c720eac888c233e6e639819406f460d4fdf62e3,3369a1508281082433c78fe0083966801b3d7085c521919558dc1265ecbee42f,streaming-long-csv-v1,blocked,ZafNoo,256,192,42,0.005,10894,9683,11303,0.9444299956653662,0.8394451668833983,0.9798872995231903,2.1799522250729897,4
1.0,2026-09-20T11:53:36.910358+00:00,97ff94ac46223bbf5ff537ca65743299fdf36803,7dffc18f7655fcf191fa424b5c720eac888c233e6e639819406f460d4fdf62e3,3369a1508281082433c78fe0083966801b3d7085c521919558dc1265ecbee42f,streaming-long-csv-v1,blocked,ZafNoo,256,192,42,0.01,11282,11214,11474,0.9780667533593411,0.9721716514954486,0.9947117468573905,4.294927662541398,7
1.0,2026-09-20T11:53:36.910358+00:00,97ff94ac46223bbf5ff537ca65743299fdf36803,7dffc18f7655fcf191fa424b5c720eac888c233e6e639819406f460d4fdf62e3,3369a1508281082433c78fe0083966801b3d7085c521919558dc1265ecbee42f,streaming-long-csv-v1,blocked,ZafNoo,256,192,42,0.02,11321,11257,11513,0.9814477676636324,0.9758994364976159,0.9980927611616819,8.599669938330583,12
1.0,2026-09-20T11:53:36.910358+00:00,97ff94ac46223bbf5ff537ca65743299fdf36803,7dffc18f7655fcf191fa424b5c720eac888c233e6e639819406f460d4fdf62e3,3369a1508281082433c78fe0083966801b3d7085c521919558dc1265ecbee42f,streaming-long-csv-v1,blocked,ZafNoo,256,192,42,0.05,11330,11266,11522,0.9822280017338535,0.976679670567837,0.9988729952319029,21.54070473876063,27
1.0,2026-09-20T11:53:36.910358+00:00,97ff94ac46223bbf5ff537ca65743299fdf36803,7dffc18f7655fcf191fa424b5c720eac888c233e6e639819406f460d4fdf62e3,3369a1508281082433c78fe0083966801b3d7085c521919558dc1265ecbee42f,streaming-long-csv-v1,blocked,ZafNoo,256,192,42,0.1,11330,11266,11522,0.9822280017338535,0.976679670567837,0.9988729952319029,43.08140947752126,52
1.0,2026-09-20T11:53:36.910358+00:00,97ff94ac46223bbf5ff537ca65743299fdf36803,7dffc18f7655fcf191fa424b5c720eac888c233e6e639819406f460d4fdf62e3,3369a1508281082433c78fe0083966801b3d7085c521919558dc1265ecbee42f,streaming-long-csv-v1,blocked,ZafNoo,256,192,42,0.2,11336,11272,11528,0.9827481577806675,0.9771998266146511,0.999393151278717,86.15683553088134,97
1.0,2026-09-20T11:53:36.910358+00:00,97ff94ac46223bbf5ff537ca65743299fdf36803,7dffc18f7655fcf191fa424b5c720eac888c233e6e639819406f460d4fdf62e3,3369a1508281082433c78fe0083966801b3d7085c521919558dc1265ecbee42f,streaming-long-csv-v1,blocked,ZafNoo,256,192,42,0.5,11338,11274,11530,0.9829215431296056,0.9773732119635891,0.9995665366276549,215.41300954032957,235
1.0,2026-09-20T11:53:36.910358+00:00,97ff94ac46223bbf5ff537ca65743299fdf36803,7dffc18f7655fcf191fa424b5c720eac888c233e6e639819406f460d4fdf62e3,3369a1508281082433c78fe0083966801b3d7085c521919558dc1265ecbee42f,streaming-long-csv-v1,blocked,ZafNoo,256,192,42,1.0,11343,11279,11535,0.9833550065019506,0.9778066753359341,1.0,430.63927178153443,448
1.0,2026-09-20T11:53:36.910358+00:00,97ff94ac46223bbf5ff537ca65743299fdf36803,7dffc18f7655fcf191fa424b5c720eac888c233e6e639819406f460d4fdf62e3,3369a1508281082433c78fe0083966801b3d7085c521919558dc1265ecbee42f,streaming-long-csv-v1,blocked,ZafNoo,256,336,42,0.0,0,0,0,0.0,0.0,0.0,0.0,0
1.0,2026-09-20T11:53:36.910358+00:00,97ff94ac46223bbf5ff537ca65743299fdf36803,7dffc18f7655fcf191fa424b5c720eac888c233e6e639819406f460d4fdf62e3,3369a1508281082433c78fe0083966801b3d7085c521919558dc1265ecbee42f,streaming-long-csv-v1,blocked,ZafNoo,256,336,42,0.005,10956,11152,11408,0.9498049414824448,0.9667967056783702,0.988990030342436,2.802244039270687,5
1.0,2026-09-20T11:53:36.910358+00:00,97ff94ac46223bbf5ff537ca65743299fdf36803,7dffc18f7655fcf191fa424b5c720eac888c233e6e639819406f460d4fdf62e3,3369a1508281082433c78fe0083966801b3d7085c521919558dc1265ecbee42f,streaming-long-csv-v1,blocked,ZafNoo,256,336,42,0.01,11072,11152,11408,0.9598612917208496,0.9667967056783702,0.988990030342436,5.6563814866760165,8
1.0,2026-09-20T11:53:36.910358+00:00,97ff94ac46223bbf5ff537ca65743299fdf36803,7dffc18f7655fcf191fa424b5c720eac888c233e6e639819406f460d4fdf62e3,3369a1508281082433c78fe0083966801b3d7085c521919558dc1265ecbee42f,streaming-long-csv-v1,blocked,ZafNoo,256,336,42,0.02,11177,11257,11513,0.9689640225400954,0.9758994364976159,0.9980927611616819,11.20958916007991,15
1.0,2026-09-20T11:53:36.910358+00:00,97ff94ac46223bbf5ff537ca65743299fdf36803,7dffc18f7655fcf191fa424b5c720eac888c233e6e639819406f460d4fdf62e3,3369a1508281082433c78fe0083966801b3d7085c521919558dc1265ecbee42f,streaming-long-csv-v1,blocked,ZafNoo,256,336,42,0.05,11186,11266,11522,0.9697442566103164,0.976679670567837,0.9988729952319029,28.10484290921715,34
1.0,2026-09-20T11:53:36.910358+00:00,97ff94ac46223bbf5ff537ca65743299fdf36803,7dffc18f7655fcf191fa424b5c720eac888c233e6e639819406f460d4fdf62e3,3369a1508281082433c78fe0083966801b3d7085c521919558dc1265ecbee42f,streaming-long-csv-v1,blocked,ZafNoo,256,336,42,0.1,11186,11266,11522,0.9697442566103164,0.976679670567837,0.9988729952319029,56.2096858184343,67
1.0,2026-09-20T11:53:36.910358+00:00,97ff94ac46223bbf5ff537ca65743299fdf36803,7dffc18f7655fcf191fa424b5c720eac888c233e6e639819406f460d4fdf62e3,3369a1508281082433c78fe0083966801b3d7085c521919558dc1265ecbee42f,streaming-long-csv-v1,blocked,ZafNoo,256,336,42,0.2,11192,11272,11528,0.9702644126571305,0.9771998266146511,0.999393151278717,112.36086051353227,128
1.0,2026-09-20T11:53:36.910358+00:00,97ff94ac46223bbf5ff537ca65743299fdf36803,7dffc18f7655fcf191fa424b5c720eac888c233e6e639819406f460d4fdf62e3,3369a1508281082433c78fe0083966801b3d7085c521919558dc1265ecbee42f,streaming-long-csv-v1,blocked,ZafNoo,256,336,42,0.5,11194,11274,11530,0.9704377980060684,0.9773732119635891,0.9995665366276549,280.9561144839549,307
1.0,2026-09-20T11:53:36.910358+00:00,97ff94ac46223bbf5ff537ca65743299fdf36803,7dffc18f7655fcf191fa424b5c720eac888c233e6e639819406f460d4fdf62e3,3369a1508281082433c78fe0083966801b3d7085c521919558dc1265ecbee42f,streaming-long-csv-v1,blocked,ZafNoo,256,336,42,1.0,11199,11279,11535,0.9708712613784135,0.9778066753359341,1.0,561.6686605981795,592
1.0,2026-09-20T11:53:36.910358+00:00,97ff94ac46223bbf5ff537ca65743299fdf36803,7dffc18f7655fcf191fa424b5c720eac888c233e6e639819406f460d4fdf62e3,3369a1508281082433c78fe0083966801b3d7085c521919558dc1265ecbee42f,streaming-long-csv-v1,blocked,ZafNoo,256,720,42,0.0,0,0,0,0.0,0.0,0.0,0.0,0
1.0,2026-09-20T11:53:36.910358+00:00,97ff94ac46223bbf5ff537ca65743299fdf36803,7dffc18f7655fcf191fa424b5c720eac888c233e6e639819406f460d4fdf62e3,3369a1508281082433c78fe0083966801b3d7085c521919558dc1265ecbee42f,streaming-long-csv-v1,blocked,ZafNoo,256,720,42,0.005,10695,11221,11477,0.9271781534460338,0.9727785002167317,0.9949718248807976,4.422061514333014,6
1.0,2026-09-20T11:53:36.910358+00:00,97ff94ac46223bbf5ff537ca65743299fdf36803,7dffc18f7655fcf191fa424b5c720eac888c233e6e639819406f460d4fdf62e3,3369a1508281082433c78fe0083966801b3d7085c521919558dc1265ecbee42f,streaming-long-csv-v1,blocked,ZafNoo,256,720,42,0.01,10757,11221,11477,0.9325530992631123,0.9727785002167317,0.9949718248807976,8.929162673172431,12
1.0,2026-09-20T11:53:36.910358+00:00,97ff94ac46223bbf5ff537ca65743299fdf36803,7dffc18f7655fcf191fa424b5c720eac888c233e6e639819406f460d4fdf62e3,3369a1508281082433c78fe0083966801b3d7085c521919558dc1265ecbee42f,streaming-long-csv-v1,blocked,ZafNoo,256,720,42,0.02,10757,11221,11477,0.9325530992631123,0.9727785002167317,0.9949718248807976,17.94336499085127,23
1.0,2026-09-20T11:53:36.910358+00:00,97ff94ac46223bbf5ff537ca65743299fdf36803,7dffc18f7655fcf191fa424b5c720eac888c233e6e639819406f460d4fdf62e3,3369a1508281082433c78fe0083966801b3d7085c521919558dc1265ecbee42f,streaming-long-csv-v1,blocked,ZafNoo,256,720,42,0.05,10757,11221,11477,0.9325530992631123,0.9727785002167317,0.9949718248807976,44.900932299381374,53
1.0,2026-09-20T11:53:36.910358+00:00,97ff94ac46223bbf5ff537ca65743299fdf36803,7dffc18f7655fcf191fa424b5c720eac888c233e6e639819406f460d4fdf62e3,3369a1508281082433c78fe0083966801b3d7085c521919558dc1265ecbee42f,streaming-long-csv-v1,blocked,ZafNoo,256,720,42,0.1,10795,11259,11515,0.9358474208929346,0.976072821846554,0.9982661465106198,89.50551454624403,104
1.0,2026-09-20T11:53:36.910358+00:00,97ff94ac46223bbf5ff537ca65743299fdf36803,7dffc18f7655fcf191fa424b5c720eac888c233e6e639819406f460d4fdf62e3,3369a1508281082433c78fe0083966801b3d7085c521919558dc1265ecbee42f,streaming-long-csv-v1,blocked,ZafNoo,256,720,42,0.2,10805,11269,11525,0.9367143476376246,0.976939748591244,0.99913307325531,178.85570498915402,202
1.0,2026-09-20T11:53:36.910358+00:00,97ff94ac46223bbf5ff537ca65743299fdf36803,7dffc18f7655fcf191fa424b5c720eac888c233e6e639819406f460d4fdf62e3,3369a1508281082433c78fe0083966801b3d7085c521919558dc1265ecbee42f,streaming-long-csv-v1,blocked,ZafNoo,256,720,42,0.5,10807,11271,11527,0.9368877329865626,0.9771131339401821,0.9993064586042479,447.06168127006157,498
1.0,2026-09-20T11:53:36.910358+00:00,97ff94ac46223bbf5ff537ca65743299fdf36803,7dffc18f7655fcf191fa424b5c720eac888c233e6e639819406f460d4fdf62e3,3369a1508281082433c78fe0083966801b3d7085c521919558dc1265ecbee42f,streaming-long-csv-v1,blocked,ZafNoo,256,720,42,1.0,10815,11279,11535,0.9375812743823146,0.9778066753359341,1.0,893.5032509752926,976
1.0,2026-09-20T11:53:36.910358+00:00,97ff94ac46223bbf5ff537ca65743299fdf36803,7dffc18f7655fcf191fa424b5c720eac888c233e6e639819406f460d4fdf62e3,3369a1508281082433c78fe0083966801b3d7085c521919558dc1265ecbee42f,streaming-long-csv-v1,blocked,ZafNoo,512,96,42,0.0,0,0,0,0.0,0.0,0.0,0.0,0
1.0,2026-09-20T11:53:36.910358+00:00,97ff94ac46223bbf5ff537ca65743299fdf36803,7dffc18f7655fcf191fa424b5c720eac888c233e6e639819406f460d4fdf62e3,3369a1508281082433c78fe0083966801b3d7085c521919558dc1265ecbee42f,streaming-long-csv-v1,blocked,ZafNoo,512,96,42,0.005,11312,5148,11408,0.9806675335934114,0.44629388816644994,0.988990030342436,2.8779803646563815,5
1.0,2026-09-20T11:53:36.910358+00:00,97ff94ac46223bbf5ff537ca65743299fdf36803,7dffc18f7655fcf191fa424b5c720eac888c233e6e639819406f460d4fdf62e3,3369a1508281082433c78fe0083966801b3d7085c521919558dc1265ecbee42f,streaming-long-csv-v1,blocked,ZafNoo,512,96,42,0.01,11312,8874,11408,0.9806675335934114,0.7693107932379714,0.988990030342436,5.809256661991585,8
1.0,2026-09-20T11:53:36.910358+00:00,97ff94ac46223bbf5ff537ca65743299fdf36803,7dffc18f7655fcf191fa424b5c720eac888c233e6e639819406f460d4fdf62e3,3369a1508281082433c78fe0083966801b3d7085c521919558dc1265ecbee42f,streaming-long-csv-v1,blocked,ZafNoo,512,96,42,0.02,11417,10548,11513,0.9897702644126571,0.9144343302990897,0.9980927611616819,11.51255102927126,15
1.0,2026-09-20T11:53:36.910358+00:00,97ff94ac46223bbf5ff537ca65743299fdf36803,7dffc18f7655fcf191fa424b5c720eac888c233e6e639819406f460d4fdf62e3,3369a1508281082433c78fe0083966801b3d7085c521919558dc1265ecbee42f,streaming-long-csv-v1,blocked,ZafNoo,512,96,42,0.05,11426,11010,11522,0.9905504984828782,0.9544863459037711,0.9988729952319029,28.811664641555286,35
1.0,2026-09-20T11:53:36.910358+00:00,97ff94ac46223bbf5ff537ca65743299fdf36803,7dffc18f7655fcf191fa424b5c720eac888c233e6e639819406f460d4fdf62e3,3369a1508281082433c78fe0083966801b3d7085c521919558dc1265ecbee42f,streaming-long-csv-v1,blocked,ZafNoo,512,96,42,0.1,11426,11010,11522,0.9905504984828782,0.9544863459037711,0.9988729952319029,57.62332928311057,69
1.0,2026-09-20T11:53:36.910358+00:00,97ff94ac46223bbf5ff537ca65743299fdf36803,7dffc18f7655fcf191fa424b5c720eac888c233e6e639819406f460d4fdf62e3,3369a1508281082433c78fe0083966801b3d7085c521919558dc1265ecbee42f,streaming-long-csv-v1,blocked,ZafNoo,512,96,42,0.2,11432,11016,11528,0.9910706545296922,0.9550065019505852,0.999393151278717,115.23941707147814,132
1.0,2026-09-20T11:53:36.910358+00:00,97ff94ac46223bbf5ff537ca65743299fdf36803,7dffc18f7655fcf191fa424b5c720eac888c233e6e639819406f460d4fdf62e3,3369a1508281082433c78fe0083966801b3d7085c521919558dc1265ecbee42f,streaming-long-csv-v1,blocked,ZafNoo,512,96,42,0.5,11434,11018,11530,0.9912440398786303,0.9551798872995232,0.9995665366276549,288.12766695576755,315
1.0,2026-09-20T11:53:36.910358+00:00,97ff94ac46223bbf5ff537ca65743299fdf36803,7dffc18f7655fcf191fa424b5c720eac888c233e6e639819406f460d4fdf62e3,3369a1508281082433c78fe0083966801b3d7085c521919558dc1265ecbee42f,streaming-long-csv-v1,blocked,ZafNoo,512,96,42,1.0,11439,11023,11535,0.9916775032509753,0.9556133506718683,1.0,576.005548331166,608
1.0,2026-09-20T11:53:36.910358+00:00,97ff94ac46223bbf5ff537ca65743299fdf36803,7dffc18f7655fcf191fa424b5c720eac888c233e6e639819406f460d4fdf62e3,3369a1508281082433c78fe0083966801b3d7085c521919558dc1265ecbee42f,streaming-long-csv-v1,blocked,ZafNoo,512,192,42,0.0,0,0,0,0.0,0.0,0.0,0.0,0
1.0,2026-09-20T11:53:36.910358+00:00,97ff94ac46223bbf5ff537ca65743299fdf36803,7dffc18f7655fcf191fa424b5c720eac888c233e6e639819406f460d4fdf62e3,3369a1508281082433c78fe0083966801b3d7085c521919558dc1265ecbee42f,streaming-long-csv-v1,blocked,ZafNoo,512,192,42,0.005,11275,9735,11467,0.9774599046380581,0.8439531859557867,0.9941048981361075,3.315252463591175,5
1.0,2026-09-20T11:53:36.910358+00:00,97ff94ac46223bbf5ff537ca65743299fdf36803,7dffc18f7655fcf191fa424b5c720eac888c233e6e639819406f460d4fdf62e3,3369a1508281082433c78fe0083966801b3d7085c521919558dc1265ecbee42f,streaming-long-csv-v1,blocked,ZafNoo,512,192,42,0.01,11275,10951,11467,0.9774599046380581,0.9493714781100997,0.9941048981361075,6.63050492718235,9
1.0,2026-09-20T11:53:36.910358+00:00,97ff94ac46223bbf5ff537ca65743299fdf36803,7dffc18f7655fcf191fa424b5c720eac888c233e6e639819406f460d4fdf62e3,3369a1508281082433c78fe0083966801b3d7085c521919558dc1265ecbee42f,streaming-long-csv-v1,blocked,ZafNoo,512,192,42,0.02,11304,10984,11496,0.9799739921976593,0.952232336367577,0.9966189856957087,13.227557411273487,17
1.0,2026-09-20T11:53:36.910358+00:00,97ff94ac46223bbf5ff537ca65743299fdf36803,7dffc18f7655fcf191fa424b5c720eac888c233e6e639819406f460d4fdf62e3,3369a1508281082433c78fe0083966801b3d7085c521919558dc1265ecbee42f,streaming-long-csv-v1,blocked,ZafNoo,512,192,42,0.05,11313,10993,11505,0.9807542262678803,0.953012570437798,0.9973992197659298,33.10421555845285,39
1.0,2026-09-20T11:53:36.910358+00:00,97ff94ac46223bbf5ff537ca65743299fdf36803,7dffc18f7655fcf191fa424b5c720eac888c233e6e639819406f460d4fdf62e3,3369a1508281082433c78fe0083966801b3d7085c521919558dc1265ecbee42f,streaming-long-csv-v1,blocked,ZafNoo,512,192,42,0.1,11326,11006,11518,0.9818812310359775,0.9541395752058951,0.9985262245340268,66.19482549053654,78
1.0,2026-09-20T11:53:36.910358+00:00,97ff94ac46223bbf5ff537ca65743299fdf36803,7dffc18f7655fcf191fa424b5c720eac888c233e6e639819406f460d4fdf62e3,3369a1508281082433c78fe0083966801b3d7085c521919558dc1265ecbee42f,streaming-long-csv-v1,blocked,ZafNoo,512,192,42,0.2,11332,11012,11524,0.9824013870827915,0.9546597312527092,0.9990463805808409,132.32072197153767,149
1.0,2026-09-20T11:53:36.910358+00:00,97ff94ac46223bbf5ff537ca65743299fdf36803,7dffc18f7655fcf191fa424b5c720eac888c233e6e639819406f460d4fdf62e3,3369a1508281082433c78fe0083966801b3d7085c521919558dc1265ecbee42f,streaming-long-csv-v1,blocked,ZafNoo,512,192,42,0.5,11337,11017,11529,0.9828348504551365,0.9550931946250542,0.999479843953186,330.7194032439934,366
1.0,2026-09-20T11:53:36.910358+00:00,97ff94ac46223bbf5ff537ca65743299fdf36803,7dffc18f7655fcf191fa424b5c720eac888c233e6e639819406f460d4fdf62e3,3369a1508281082433c78fe0083966801b3d7085c521919558dc1265ecbee42f,streaming-long-csv-v1,blocked,ZafNoo,512,192,42,1.0,11343,11023,11535,0.9833550065019506,0.9556133506718683,1.0,661.0947550931946,704
1.0,2026-09-20T11:53:36.910358+00:00,97ff94ac46223bbf5ff537ca65743299fdf36803,7dffc18f7655fcf191fa424b5c720eac888c233e6e639819406f460d4fdf62e3,3369a1508281082433c78fe0083966801b3d7085c521919558dc1265ecbee42f,streaming-long-csv-v1,blocked,ZafNoo,512,336,42,0.0,0,0,0,0.0,0.0,0.0,0.0,0
1.0,2026-09-20T11:53:36.910358+00:00,97ff94ac46223bbf5ff537ca65743299fdf36803,7dffc18f7655fcf191fa424b5c720eac888c233e6e639819406f460d4fdf62e3,3369a1508281082433c78fe0083966801b3d7085c521919558dc1265ecbee42f,streaming-long-csv-v1,blocked,ZafNoo,512,336,42,0.005,11073,10897,11409,0.9599479843953186,0.9446900736887733,0.9890767230169051,3.9393461302480497,6
1.0,2026-09-20T11:53:36.910358+00:00,97ff94ac46223bbf5ff537ca65743299fdf36803,7dffc18f7655fcf191fa424b5c720eac888c233e6e639819406f460d4fdf62e3,3369a1508281082433c78fe0083966801b3d7085c521919558dc1265ecbee42f,streaming-long-csv-v1,blocked,ZafNoo,512,336,42,0.01,11117,10941,11453,0.9637624620719549,0.9485045513654097,0.9928912006935414,7.848423993713437,10
1.0,2026-09-20T11:53:36.910358+00:00,97ff94ac46223bbf5ff537ca65743299fdf36803,7dffc18f7655fcf191fa424b5c720eac888c233e6e639819406f460d4fdf62e3,3369a1508281082433c78fe0083966801b3d7085c521919558dc1265ecbee42f,streaming-long-csv-v1,blocked,ZafNoo,512,336,42,0.02,11117,10941,11453,0.9637624620719549,0.9485045513654097,0.9928912006935414,15.770889723216625,20
1.0,2026-09-20T11:53:36.910358+00:00,97ff94ac46223bbf5ff537ca65743299fdf36803,7dffc18f7655fcf191fa424b5c720eac888c233e6e639819406f460d4fdf62e3,3369a1508281082433c78fe0083966801b3d7085c521919558dc1265ecbee42f,streaming-long-csv-v1,blocked,ZafNoo,512,336,42,0.05,11156,10980,11492,0.9671434763762462,0.951885565669701,0.9962722149978327,39.40410720501218,46
1.0,2026-09-20T11:53:36.910358+00:00,97ff94ac46223bbf5ff537ca65743299fdf36803,7dffc18f7655fcf191fa424b5c720eac888c233e6e639819406f460d4fdf62e3,3369a1508281082433c78fe0083966801b3d7085c521919558dc1265ecbee42f,streaming-long-csv-v1,blocked,ZafNoo,512,336,42,0.1,11178,11002,11514,0.9690507152145643,0.9537928045080191,0.9981794538361508,78.65763418447108,91
1.0,2026-09-20T11:53:36.910358+00:00,97ff94ac46223bbf5ff537ca65743299fdf36803,7dffc18f7655fcf191fa424b5c720eac888c233e6e639819406f460d4fdf62e3,3369a1508281082433c78fe0083966801b3d7085c521919558dc1265ecbee42f,streaming-long-csv-v1,blocked,ZafNoo,512,336,42,0.2,11189,11013,11525,0.9700043346337235,0.9547464239271781,0.99913307325531,157.2386984815618,176
1.0,2026-09-20T11:53:36.910358+00:00,97ff94ac46223bbf5ff537ca65743299fdf36803,7dffc18f7655fcf191fa424b5c720eac888c233e6e639819406f460d4fdf62e3,3369a1508281082433c78fe0083966801b3d7085c521919558dc1265ecbee42f,streaming-long-csv-v1,blocked,ZafNoo,512,336,42,0.5,11190,11014,11526,0.9700910273081924,0.9548331166016472,0.9992197659297789,393.17300017352073,434
1.0,2026-09-20T11:53:36.910358+00:00,97ff94ac46223bbf5ff537ca65743299fdf36803,7dffc18f7655fcf191fa424b5c720eac888c233e6e639819406f460d4fdf62e3,3369a1508281082433c78fe0083966801b3d7085c521919558dc1265ecbee42f,streaming-long-csv-v1,blocked,ZafNoo,512,336,42,1.0,11199,11023,11535,0.9708712613784135,0.9556133506718683,1.0,785.7324664065886,848
1.0,2026-09-20T11:53:36.910358+00:00,97ff94ac46223bbf5ff537ca65743299fdf36803,7dffc18f7655fcf191fa424b5c720eac888c233e6e639819406f460d4fdf62e3,3369a1508281082433c78fe0083966801b3d7085c521919558dc1265ecbee42f,streaming-long-csv-v1,blocked,ZafNoo,512,720,42,0.0,0,0,0,0.0,0.0,0.0,0.0,0
1.0,2026-09-20T11:53:36.910358+00:00,97ff94ac46223bbf5ff537ca65743299fdf36803,7dffc18f7655fcf191fa424b5c720eac888c233e6e639819406f460d4fdf62e3,3369a1508281082433c78fe0083966801b3d7085c521919558dc1265ecbee42f,streaming-long-csv-v1,blocked,ZafNoo,512,720,42,0.005,10695,10903,11415,0.9271781534460338,0.9452102297355873,0.9895968790637191,5.504336399474376,7
1.0,2026-09-20T11:53:36.910358+00:00,97ff94ac46223bbf5ff537ca65743299fdf36803,7dffc18f7655fcf191fa424b5c720eac888c233e6e639819406f460d4fdf62e3,3369a1508281082433c78fe0083966801b3d7085c521919558dc1265ecbee42f,streaming-long-csv-v1,blocked,ZafNoo,512,720,42,0.01,10733,10941,11453,0.9304724750758561,0.9485045513654097,0.9928912006935414,11.079717104688728,14
1.0,2026-09-20T11:53:36.910358+00:00,97ff94ac46223bbf5ff537ca65743299fdf36803,7dffc18f7655fcf191fa424b5c720eac888c233e6e639819406f460d4fdf62e3,3369a1508281082433c78fe0083966801b3d7085c521919558dc1265ecbee42f,streaming-long-csv-v1,blocked,ZafNoo,512,720,42,0.02,10791,10999,11511,0.9355006501950586,0.9535327264846121,0.9979193758127438,22.04778038398054,28
1.0,2026-09-20T11:53:36.910358+00:00,97ff94ac46223bbf5ff537ca65743299fdf36803,7dffc18f7655fcf191fa424b5c720eac888c233e6e639819406f460d4fdf62e3,3369a1508281082433c78fe0083966801b3d7085c521919558dc1265ecbee42f,streaming-long-csv-v1,blocked,ZafNoo,512,720,42,0.05,10791,10999,11511,0.9355006501950586,0.9535327264846121,0.9979193758127438,55.11945095995135,66
1.0,2026-09-20T11:53:36.910358+00:00,97ff94ac46223bbf5ff537ca65743299fdf36803,7dffc18f7655fcf191fa424b5c720eac888c233e6e639819406f460d4fdf62e3,3369a1508281082433c78fe0083966801b3d7085c521919558dc1265ecbee42f,streaming-long-csv-v1,blocked,ZafNoo,512,720,42,0.1,10792,11000,11512,0.9355873428695275,0.9536194191590811,0.9980060684872128,110.22932592077832,129
1.0,2026-09-20T11:53:36.910358+00:00,97ff94ac46223bbf5ff537ca65743299fdf36803,7dffc18f7655fcf191fa424b5c720eac888c233e6e639819406f460d4fdf62e3,3369a1508281082433c78fe0083966801b3d7085c521919558dc1265ecbee42f,streaming-long-csv-v1,blocked,ZafNoo,512,720,42,0.2,10807,11015,11527,0.9368877329865626,0.9549198092761162,0.9993064586042479,220.171770625488,253
1.0,2026-09-20T11:53:36.910358+00:00,97ff94ac46223bbf5ff537ca65743299fdf36803,7dffc18f7655fcf191fa424b5c720eac888c233e6e639819406f460d4fdf62e3,3369a1508281082433c78fe0083966801b3d7085c521919558dc1265ecbee42f,streaming-long-csv-v1,blocked,ZafNoo,512,720,42,0.5,10808,11016,11528,0.9369744256610316,0.9550065019505852,0.999393151278717,550.5954198473282,628
1.0,2026-09-20T11:53:36.910358+00:00,97ff94ac46223bbf5ff537ca65743299fdf36803,7dffc18f7655fcf191fa424b5c720eac888c233e6e639819406f460d4fdf62e3,3369a1508281082433c78fe0083966801b3d7085c521919558dc1265ecbee42f,streaming-long-csv-v1,blocked,ZafNoo,512,720,42,1.0,10815,11023,11535,0.9375812743823146,0.9556133506718683,1.0,1100.5225834416992,1232
1.0,2026-09-20T11:53:36.910358+00:00,97ff94ac46223bbf5ff537ca65743299fdf36803,b09c1dfa7279eff3aa53c883f0be71ebf2ef58d2980863ec01c38316a4beb15d,3369a1508281082433c78fe0083966801b3d7085c521919558dc1265ecbee42f,streaming-long-csv-v1,blocked,CzeLan,256,96,42,0.0,0,0,0,0.0,0.0,0.0,0.0,0
1.0,2026-09-20T11:53:36.910358+00:00,97ff94ac46223bbf5ff537ca65743299fdf36803,b09c1dfa7279eff3aa53c883f0be71ebf2ef58d2980863ec01c38316a4beb15d,3369a1508281082433c78fe0083966801b3d7085c521919558dc1265ecbee42f,streaming-long-csv-v1,blocked,CzeLan,256,96,42,0.005,11471,5473,11788,0.959113712374582,0.45760869565217394,0.98561872909699,1.7319307770614183,3
1.0,2026-09-20T11:53:36.910358+00:00,97ff94ac46223bbf5ff537ca65743299fdf36803,b09c1dfa7279eff3aa53c883f0be71ebf2ef58d2980863ec01c38316a4beb15d,3369a1508281082433c78fe0083966801b3d7085c521919558dc1265ecbee42f,streaming-long-csv-v1,blocked,CzeLan,256,96,42,0.01,11728,9209,11824,0.9806020066889632,0.7699832775919733,0.988628762541806,3.4533152909336944,6
1.0,2026-09-20T11:53:36.910358+00:00,97ff94ac46223bbf5ff537ca65743299fdf36803,b09c1dfa7279eff3aa53c883f0be71ebf2ef58d2980863ec01c38316a4beb15d,3369a1508281082433c78fe0083966801b3d7085c521919558dc1265ecbee42f,streaming-long-csv-v1,blocked,CzeLan,256,96,42,0.02,11770,11023,11866,0.9841137123745819,0.9216555183946489,0.9921404682274247,6.882184392381594,10
1.0,2026-09-20T11:53:36.910358+00:00,97ff94ac46223bbf5ff537ca65743299fdf36803,b09c1dfa7279eff3aa53c883f0be71ebf2ef58d2980863ec01c38316a4beb15d,3369a1508281082433c78fe0083966801b3d7085c521919558dc1265ecbee42f,streaming-long-csv-v1,blocked,CzeLan,256,96,42,0.05,11781,11619,11877,0.9850334448160535,0.9714882943143812,0.9930602006688963,17.189525974572703,22
1.0,2026-09-20T11:53:36.910358+00:00,97ff94ac46223bbf5ff537ca65743299fdf36803,b09c1dfa7279eff3aa53c883f0be71ebf2ef58d2980863ec01c38316a4beb15d,3369a1508281082433c78fe0083966801b3d7085c521919558dc1265ecbee42f,streaming-long-csv-v1,blocked,CzeLan,256,96,42,0.1,11830,11670,11926,0.9891304347826086,0.975752508361204,0.9971571906354515,34.23779976521885,41
1.0,2026-09-20T11:53:36.910358+00:00,97ff94ac46223bbf5ff537ca65743299fdf36803,b09c1dfa7279eff3aa53c883f0be71ebf2ef58d2980863ec01c38316a4beb15d,3369a1508281082433c78fe0083966801b3d7085c521919558dc1265ecbee42f,streaming-long-csv-v1,blocked,CzeLan,256,96,42,0.2,11856,11696,11952,0.991304347826087,0.9779264214046822,0.9993311036789297,68.35609103078983,79
1.0,2026-09-20T11:53:36.910358+00:00,97ff94ac46223bbf5ff537ca65743299fdf36803,b09c1dfa7279eff3aa53c883f0be71ebf2ef58d2980863ec01c38316a4beb15d,3369a1508281082433c78fe0083966801b3d7085c521919558dc1265ecbee42f,streaming-long-csv-v1,blocked,CzeLan,256,96,42,0.5,11858,11698,11954,0.9914715719063545,0.9780936454849498,0.9994983277591973,170.90580558808767,189
1.0,2026-09-20T11:53:36.910358+00:00,97ff94ac46223bbf5ff537ca65743299fdf36803,b09c1dfa7279eff3aa53c883f0be71ebf2ef58d2980863ec01c38316a4beb15d,3369a1508281082433c78fe0083966801b3d7085c521919558dc1265ecbee42f,streaming-long-csv-v1,blocked,CzeLan,256,96,42,1.0,11864,11704,11960,0.9919732441471572,0.9785953177257525,1.0,341.6695652173913,352
1.0,2026-09-20T11:53:36.910358+00:00,97ff94ac46223bbf5ff537ca65743299fdf36803,b09c1dfa7279eff3aa53c883f0be71ebf2ef58d2980863ec01c38316a4beb15d,3369a1508281082433c78fe0083966801b3d7085c521919558dc1265ecbee42f,streaming-long-csv-v1,blocked,CzeLan,256,192,42,0.0,0,0,0,0.0,0.0,0.0,0.0,0
1.0,2026-09-20T11:53:36.910358+00:00,97ff94ac46223bbf5ff537ca65743299fdf36803,b09c1dfa7279eff3aa53c883f0be71ebf2ef58d2980863ec01c38316a4beb15d,3369a1508281082433c78fe0083966801b3d7085c521919558dc1265ecbee42f,streaming-long-csv-v1,blocked,CzeLan,256,192,42,0.005,11407,10054,11789,0.95376254180602,0.8406354515050167,0.9857023411371237,2.166087030282467,4
1.0,2026-09-20T11:53:36.910358+00:00,97ff94ac46223bbf5ff537ca65743299fdf36803,b09c1dfa7279eff3aa53c883f0be71ebf2ef58d2980863ec01c38316a4beb15d,3369a1508281082433c78fe0083966801b3d7085c521919558dc1265ecbee42f,streaming-long-csv-v1,blocked,CzeLan,256,192,42,0.01,11633,11540,11825,0.9726588628762541,0.9648829431438127,0.9887123745819398,4.356871035940803,6
1.0,2026-09-20T11:53:36.910358+00:00,97ff94ac46223bbf5ff537ca65743299fdf36803,b09c1dfa7279eff3aa53c883f0be71ebf2ef58d2980863ec01c38316a4beb15d,3369a1508281082433c78fe0083966801b3d7085c521919558dc1265ecbee42f,streaming-long-csv-v1,blocked,CzeLan,256,192,42,0.02,11657,11593,11849,0.9746655518394649,0.969314381270903,0.9907190635451505,8.696092497257153,12
1.0,2026-09-20T11:53:36.910358+00:00,97ff94ac46223bbf5ff537ca65743299fdf36803,b09c1dfa7279eff3aa53c883f0be71ebf2ef58d2980863ec01c38316a4beb15d,3369a1508281082433c78fe0083966801b3d7085c521919558dc1265ecbee42f,streaming-long-csv-v1,blocked,CzeLan,256,192,42,0.05,11703,11639,11895,0.9785117056856187,0.9731605351170568,0.9945652173913043,21.656158049600673,28
1.0,2026-09-20T11:53:36.910358+00:00,97ff94ac46223bbf5ff537ca65743299fdf36803,b09c1dfa7279eff3aa53c883f0be71ebf2ef58d2980863ec01c38316a4beb15d,3369a1508281082433c78fe0083966801b3d7085c521919558dc1265ecbee42f,streaming-long-csv-v1,blocked,CzeLan,256,192,42,0.1,11739,11675,11931,0.9815217391304348,0.9761705685618729,0.9975752508361204,43.21917693403738,52
1.0,2026-09-20T11:53:36.910358+00:00,97ff94ac46223bbf5ff537ca65743299fdf36803,b09c1dfa7279eff3aa53c883f0be71ebf2ef58d2980863ec01c38316a4beb15d,3369a1508281082433c78fe0083966801b3d7085c521919558dc1265ecbee42f,streaming-long-csv-v1,blocked,CzeLan,256,192,42,0.2,11758,11694,11950,0.9831103678929766,0.9777591973244147,0.9991638795986622,86.30092050209205,99
1.0,2026-09-20T11:53:36.910358+00:00,97ff94ac46223bbf5ff537ca65743299fdf36803,b09c1dfa7279eff3aa53c883f0be71ebf2ef58d2980863ec01c38316a4beb15d,3369a1508281082433c78fe0083966801b3d7085c521919558dc1265ecbee42f,streaming-long-csv-v1,blocked,CzeLan,256,192,42,0.5,11760,11696,11952,0.9832775919732442,0.9779264214046822,0.9993311036789297,215.75368139223562,236
1.0,2026-09-20T11:53:36.910358+00:00,97ff94ac46223bbf5ff537ca65743299fdf36803,b09c1dfa7279eff3aa53c883f0be71ebf2ef58d2980863ec01c38316a4beb15d,3369a1508281082433c78fe0083966801b3d7085c521919558dc1265ecbee42f,streaming-long-csv-v1,blocked,CzeLan,256,192,42,1.0,11768,11704,11960,0.9839464882943144,0.9785953177257525,1.0,431.2561872909699,448
1.0,2026-09-20T11:53:36.910358+00:00,97ff94ac46223bbf5ff537ca65743299fdf36803,b09c1dfa7279eff3aa53c883f0be71ebf2ef58d2980863ec01c38316a4beb15d,3369a1508281082433c78fe0083966801b3d7085c521919558dc1265ecbee42f,streaming-long-csv-v1,blocked,CzeLan,256,336,42,0.0,0,0,0,0.0,0.0,0.0,0.0,0
1.0,2026-09-20T11:53:36.910358+00:00,97ff94ac46223bbf5ff537ca65743299fdf36803,b09c1dfa7279eff3aa53c883f0be71ebf2ef58d2980863ec01c38316a4beb15d,3369a1508281082433c78fe0083966801b3d7085c521919558dc1265ecbee42f,streaming-long-csv-v1,blocked,CzeLan,256,336,42,0.005,11281,11574,11830,0.9432274247491639,0.9677257525083612,0.9891304347826086,2.8023668639053256,4
1.0,2026-09-20T11:53:36.910358+00:00,97ff94ac46223bbf5ff537ca65743299fdf36803,b09c1dfa7279eff3aa53c883f0be71ebf2ef58d2980863ec01c38316a4beb15d,3369a1508281082433c78fe0083966801b3d7085c521919558dc1265ecbee42f,streaming-long-csv-v1,blocked,CzeLan,256,336,42,0.01,11494,11574,11830,0.9610367892976589,0.9677257525083612,0.9891304347826086,5.654775993237532,8
1.0,2026-09-20T11:53:36.910358+00:00,97ff94ac46223bbf5ff537ca65743299fdf36803,b09c1dfa7279eff3aa53c883f0be71ebf2ef58d2980863ec01c38316a4beb15d,3369a1508281082433c78fe0083966801b3d7085c521919558dc1265ecbee42f,streaming-long-csv-v1,blocked,CzeLan,256,336,42,0.02,11523,11603,11859,0.9634615384615385,0.9701505016722408,0.9915551839464883,11.3318154987773,16
1.0,2026-09-20T11:53:36.910358+00:00,97ff94ac46223bbf5ff537ca65743299fdf36803,b09c1dfa7279eff3aa53c883f0be71ebf2ef58d2980863ec01c38316a4beb15d,3369a1508281082433c78fe0083966801b3d7085c521919558dc1265ecbee42f,streaming-long-csv-v1,blocked,CzeLan,256,336,42,0.05,11593,11673,11929,0.969314381270903,0.9760033444816053,0.9974080267558528,28.188113001928073,36
1.0,2026-09-20T11:53:36.910358+00:00,97ff94ac46223bbf5ff537ca65743299fdf36803,b09c1dfa7279eff3aa53c883f0be71ebf2ef58d2980863ec01c38316a4beb15d,3369a1508281082433c78fe0083966801b3d7085c521919558dc1265ecbee42f,streaming-long-csv-v1,blocked,CzeLan,256,336,42,0.1,11593,11673,11929,0.969314381270903,0.9760033444816053,0.9974080267558528,56.37622600385615,67
1.0,2026-09-20T11:53:36.910358+00:00,97ff94ac46223bbf5ff537ca65743299fdf36803,b09c1dfa7279eff3aa53c883f0be71ebf2ef58d2980863ec01c38316a4beb15d,3369a1508281082433c78fe0083966801b3d7085c521919558dc1265ecbee42f,streaming-long-csv-v1,blocked,CzeLan,256,336,42,0.2,11606,11686,11942,0.9704013377926421,0.9770903010033445,0.998494983277592,112.6792832021437,127
1.0,2026-09-20T11:53:36.910358+00:00,97ff94ac46223bbf5ff537ca65743299fdf36803,b09c1dfa7279eff3aa53c883f0be71ebf2ef58d2980863ec01c38316a4beb15d,3369a1508281082433c78fe0083966801b3d7085c521919558dc1265ecbee42f,streaming-long-csv-v1,blocked,CzeLan,256,336,42,0.5,11619,11699,11955,0.9714882943143812,0.9781772575250837,0.9995819397993311,281.46616478460896,308
1.0,2026-09-20T11:53:36.910358+00:00,97ff94ac46223bbf5ff537ca65743299fdf36803,b09c1dfa7279eff3aa53c883f0be71ebf2ef58d2980863ec01c38316a4beb15d,3369a1508281082433c78fe0083966801b3d7085c521919558dc1265ecbee42f,streaming-long-csv-v1,blocked,CzeLan,256,336,42,1.0,11624,11704,11960,0.9719063545150501,0.9785953177257525,1.0,562.7464882943144,592
1.0,2026-09-20T11:53:36.910358+00:00,97ff94ac46223bbf5ff537ca65743299fdf36803,b09c1dfa7279eff3aa53c883f0be71ebf2ef58d2980863ec01c38316a4beb15d,3369a1508281082433c78fe0083966801b3d7085c521919558dc1265ecbee42f,streaming-long-csv-v1,blocked,CzeLan,256,720,42,0.0,0,0,0,0.0,0.0,0.0,0.0,0
1.0,2026-09-20T11:53:36.910358+00:00,97ff94ac46223bbf5ff537ca65743299fdf36803,b09c1dfa7279eff3aa53c883f0be71ebf2ef58d2980863ec01c38316a4beb15d,3369a1508281082433c78fe0083966801b3d7085c521919558dc1265ecbee42f,streaming-long-csv-v1,blocked,CzeLan,256,720,42,0.005,10966,11577,11833,0.9168896321070235,0.9679765886287626,0.98938127090301,4.45398461928505,6
1.0,2026-09-20T11:53:36.910358+00:00,97ff94ac46223bbf5ff537ca65743299fdf36803,b09c1dfa7279eff3aa53c883f0be71ebf2ef58d2980863ec01c38316a4beb15d,3369a1508281082433c78fe0083966801b3d7085c521919558dc1265ecbee42f,streaming-long-csv-v1,blocked,CzeLan,256,720,42,0.01,11113,11577,11833,0.929180602006689,0.9679765886287626,0.98938127090301,8.990450435223527,12
1.0,2026-09-20T11:53:36.910358+00:00,97ff94ac46223bbf5ff537ca65743299fdf36803,b09c1dfa7279eff3aa53c883f0be71ebf2ef58d2980863ec01c38316a4beb15d,3369a1508281082433c78fe0083966801b3d7085c521919558dc1265ecbee42f,streaming-long-csv-v1,blocked,CzeLan,256,720,42,0.02,11218,11682,11938,0.9379598662207358,0.9767558528428094,0.9981605351170568,17.90450661752387,22
1.0,2026-09-20T11:53:36.910358+00:00,97ff94ac46223bbf5ff537ca65743299fdf36803,b09c1dfa7279eff3aa53c883f0be71ebf2ef58d2980863ec01c38316a4beb15d,3369a1508281082433c78fe0083966801b3d7085c521919558dc1265ecbee42f,streaming-long-csv-v1,blocked,CzeLan,256,720,42,0.05,11227,11691,11947,0.9387123745819398,0.9775083612040134,0.9989130434782608,44.850087888172766,53
1.0,2026-09-20T11:53:36.910358+00:00,97ff94ac46223bbf5ff537ca65743299fdf36803,b09c1dfa7279eff3aa53c883f0be71ebf2ef58d2980863ec01c38316a4beb15d,3369a1508281082433c78fe0083966801b3d7085c521919558dc1265ecbee42f,streaming-long-csv-v1,blocked,CzeLan,256,720,42,0.1,11227,11691,11947,0.9387123745819398,0.9775083612040134,0.9989130434782608,89.70017577634553,104
1.0,2026-09-20T11:53:36.910358+00:00,97ff94ac46223bbf5ff537ca65743299fdf36803,b09c1dfa7279eff3aa53c883f0be71ebf2ef58d2980863ec01c38316a4beb15d,3369a1508281082433c78fe0083966801b3d7085c521919558dc1265ecbee42f,streaming-long-csv-v1,blocked,CzeLan,256,720,42,0.2,11233,11697,11953,0.9392140468227425,0.9780100334448161,0.9994147157190636,179.39195181126078,202
1.0,2026-09-20T11:53:36.910358+00:00,97ff94ac46223bbf5ff537ca65743299fdf36803,b09c1dfa7279eff3aa53c883f0be71ebf2ef58d2980863ec01c38316a4beb15d,3369a1508281082433c78fe0083966801b3d7085c521919558dc1265ecbee42f,streaming-long-csv-v1,blocked,CzeLan,256,720,42,0.5,11235,11699,11955,0.93938127090301,0.9781772575250837,0.9995819397993311,448.36403178586363,499
1.0,2026-09-20T11:53:36.910358+00:00,97ff94ac46223bbf5ff537ca65743299fdf36803,b09c1dfa7279eff3aa53c883f0be71ebf2ef58d2980863ec01c38316a4beb15d,3369a1508281082433c78fe0083966801b3d7085c521919558dc1265ecbee42f,streaming-long-csv-v1,blocked,CzeLan,256,720,42,1.0,11240,11704,11960,0.939799331103679,0.9785953177257525,1.0,896.4347826086956,976
1.0,2026-09-20T11:53:36.910358+00:00,97ff94ac46223bbf5ff537ca65743299fdf36803,b09c1dfa7279eff3aa53c883f0be71ebf2ef58d2980863ec01c38316a4beb15d,3369a1508281082433c78fe0083966801b3d7085c521919558dc1265ecbee42f,streaming-long-csv-v1,blocked,CzeLan,512,96,42,0.0,0,0,0,0.0,0.0,0.0,0.0,0
1.0,2026-09-20T11:53:36.910358+00:00,97ff94ac46223bbf5ff537ca65743299fdf36803,b09c1dfa7279eff3aa53c883f0be71ebf2ef58d2980863ec01c38316a4beb15d,3369a1508281082433c78fe0083966801b3d7085c521919558dc1265ecbee42f,streaming-long-csv-v1,blocked,CzeLan,512,96,42,0.005,11734,5376,11830,0.9811036789297659,0.44949832775919735,0.9891304347826086,2.8781065088757396,5
1.0,2026-09-20T11:53:36.910358+00:00,97ff94ac46223bbf5ff537ca65743299fdf36803,b09c1dfa7279eff3aa53c883f0be71ebf2ef58d2980863ec01c38316a4beb15d,3369a1508281082433c78fe0083966801b3d7085c521919558dc1265ecbee42f,streaming-long-csv-v1,blocked,CzeLan,512,96,42,0.01,11734,9096,11830,0.9811036789297659,0.7605351170568562,0.9891304347826086,5.807607776838546,8
1.0,2026-09-20T11:53:36.910358+00:00,97ff94ac46223bbf5ff537ca65743299fdf36803,b09c1dfa7279eff3aa53c883f0be71ebf2ef58d2980863ec01c38316a4beb15d,3369a1508281082433c78fe0083966801b3d7085c521919558dc1265ecbee42f,streaming-long-csv-v1,blocked,CzeLan,512,96,42,0.02,11763,10888,11859,0.9835284280936455,0.9103678929765886,0.9915551839464883,11.638080782528037,15
1.0,2026-09-20T11:53:36.910358+00:00,97ff94ac46223bbf5ff537ca65743299fdf36803,b09c1dfa7279eff3aa53c883f0be71ebf2ef58d2980863ec01c38316a4beb15d,3369a1508281082433c78fe0083966801b3d7085c521919558dc1265ecbee42f,streaming-long-csv-v1,blocked,CzeLan,512,96,42,0.05,11833,11405,11929,0.98938127090301,0.9535953177257525,0.9974080267558528,28.89898566518568,35
1.0,2026-09-20T11:53:36.910358+00:00,97ff94ac46223bbf5ff537ca65743299fdf36803,b09c1dfa7279eff3aa53c883f0be71ebf2ef58d2980863ec01c38316a4beb15d,3369a1508281082433c78fe0083966801b3d7085c521919558dc1265ecbee42f,streaming-long-csv-v1,blocked,CzeLan,512,96,42,0.1,11833,11417,11929,0.98938127090301,0.9545986622073579,0.9974080267558528,57.84893955905776,69
1.0,2026-09-20T11:53:36.910358+00:00,97ff94ac46223bbf5ff537ca65743299fdf36803,b09c1dfa7279eff3aa53c883f0be71ebf2ef58d2980863ec01c38316a4beb15d,3369a1508281082433c78fe0083966801b3d7085c521919558dc1265ecbee42f,streaming-long-csv-v1,blocked,CzeLan,512,96,42,0.2,11846,11430,11942,0.9904682274247492,0.955685618729097,0.998494983277592,115.57193099983252,130
1.0,2026-09-20T11:53:36.910358+00:00,97ff94ac46223bbf5ff537ca65743299fdf36803,b09c1dfa7279eff3aa53c883f0be71ebf2ef58d2980863ec01c38316a4beb15d,3369a1508281082433c78fe0083966801b3d7085c521919558dc1265ecbee42f,streaming-long-csv-v1,blocked,CzeLan,512,96,42,0.5,11859,11443,11955,0.9915551839464883,0.9567725752508361,0.9995819397993311,288.6664993726474,316
1.0,2026-09-20T11:53:36.910358+00:00,97ff94ac46223bbf5ff537ca65743299fdf36803,b09c1dfa7279eff3aa53c883f0be71ebf2ef58d2980863ec01c38316a4beb15d,3369a1508281082433c78fe0083966801b3d7085c521919558dc1265ecbee42f,streaming-long-csv-v1,blocked,CzeLan,512,96,42,1.0,11864,11448,11960,0.9919732441471572,0.9571906354515051,1.0,577.142474916388,608
1.0,2026-09-20T11:53:36.910358+00:00,97ff94ac46223bbf5ff537ca65743299fdf36803,b09c1dfa7279eff3aa53c883f0be71ebf2ef58d2980863ec01c38316a4beb15d,3369a1508281082433c78fe0083966801b3d7085c521919558dc1265ecbee42f,streaming-long-csv-v1,blocked,CzeLan,512,192,42,0.0,0,0,0,0.0,0.0,0.0,0.0,0
1.0,2026-09-20T11:53:36.910358+00:00,97ff94ac46223bbf5ff537ca65743299fdf36803,b09c1dfa7279eff3aa53c883f0be71ebf2ef58d2980863ec01c38316a4beb15d,3369a1508281082433c78fe0083966801b3d7085c521919558dc1265ecbee42f,streaming-long-csv-v1,blocked,CzeLan,512,192,42,0.005,11614,9948,11806,0.9710702341137124,0.8317725752508361,0.987123745819398,3.339318990343893,5
1.0,2026-09-20T11:53:36.910358+00:00,97ff94ac46223bbf5ff537ca65743299fdf36803,b09c1dfa7279eff3aa53c883f0be71ebf2ef58d2980863ec01c38316a4beb15d,3369a1508281082433c78fe0083966801b3d7085c521919558dc1265ecbee42f,streaming-long-csv-v1,blocked,CzeLan,512,192,42,0.01,11614,11290,11806,0.9710702341137124,0.9439799331103679,0.987123745819398,6.678637980687786,9
1.0,2026-09-20T11:53:36.910358+00:00,97ff94ac46223bbf5ff537ca65743299fdf36803,b09c1dfa7279eff3aa53c883f0be71ebf2ef58d2980863ec01c38316a4beb15d,3369a1508281082433c78fe0083966801b3d7085c521919558dc1265ecbee42f,streaming-long-csv-v1,blocked,CzeLan,512,192,42,0.02,11677,11357,11869,0.9763377926421405,0.9495819397993311,0.9923913043478261,13.345690454124188,17
1.0,2026-09-20T11:53:36.910358+00:00,97ff94ac46223bbf5ff537ca65743299fdf36803,b09c1dfa7279eff3aa53c883f0be71ebf2ef58d2980863ec01c38316a4beb15d,3369a1508281082433c78fe0083966801b3d7085c521919558dc1265ecbee42f,streaming-long-csv-v1,blocked,CzeLan,512,192,42,0.05,11744,11424,11936,0.9819397993311036,0.9551839464882943,0.9979933110367893,33.14745308310992,39
1.0,2026-09-20T11:53:36.910358+00:00,97ff94ac46223bbf5ff537ca65743299fdf36803,b09c1dfa7279eff3aa53c883f0be71ebf2ef58d2980863ec01c38316a4beb15d,3369a1508281082433c78fe0083966801b3d7085c521919558dc1265ecbee42f,streaming-long-csv-v1,blocked,CzeLan,512,192,42,0.1,11744,11424,11936,0.9819397993311036,0.9551839464882943,0.9979933110367893,66.3538873994638,77
1.0,2026-09-20T11:53:36.910358+00:00,97ff94ac46223bbf5ff537ca65743299fdf36803,b09c1dfa7279eff3aa53c883f0be71ebf2ef58d2980863ec01c38316a4beb15d,3369a1508281082433c78fe0083966801b3d7085c521919558dc1265ecbee42f,streaming-long-csv-v1,blocked,CzeLan,512,192,42,0.2,11750,11430,11942,0.9824414715719063,0.955685618729097,0.998494983277592,132.7000502428404,149
1.0,2026-09-20T11:53:36.910358+00:00,97ff94ac46223bbf5ff537ca65743299fdf36803,b09c1dfa7279eff3aa53c883f0be71ebf2ef58d2980863ec01c38316a4beb15d,3369a1508281082433c78fe0083966801b3d7085c521919558dc1265ecbee42f,streaming-long-csv-v1,blocked,CzeLan,512,192,42,0.5,11763,11443,11955,0.9835284280936455,0.9567725752508361,0.9995819397993311,331.41882057716435,365
1.0,2026-09-20T11:53:36.910358+00:00,97ff94ac46223bbf5ff537ca65743299fdf36803,b09c1dfa7279eff3aa53c883f0be71ebf2ef58d2980863ec01c38316a4beb15d,3369a1508281082433c78fe0083966801b3d7085c521919558dc1265ecbee42f,streaming-long-csv-v1,blocked,CzeLan,512,192,42,1.0,11768,11448,11960,0.9839464882943144,0.9571906354515051,1.0,662.619397993311,704
1.0,2026-09-20T11:53:36.910358+00:00,97ff94ac46223bbf5ff537ca65743299fdf36803,b09c1dfa7279eff3aa53c883f0be71ebf2ef58d2980863ec01c38316a4beb15d,3369a1508281082433c78fe0083966801b3d7085c521919558dc1265ecbee42f,streaming-long-csv-v1,blocked,CzeLan,512,336,42,0.0,0,0,0,0.0,0.0,0.0,0.0,0
1.0,2026-09-20T11:53:36.910358+00:00,97ff94ac46223bbf5ff537ca65743299fdf36803,b09c1dfa7279eff3aa53c883f0be71ebf2ef58d2980863ec01c38316a4beb15d,3369a1508281082433c78fe0083966801b3d7085c521919558dc1265ecbee42f,streaming-long-csv-v1,blocked,CzeLan,512,336,42,0.005,11392,11216,11728,0.9525083612040134,0.9377926421404682,0.9806020066889632,3.9768076398362893,6
1.0,2026-09-20T11:53:36.910358+00:00,97ff94ac46223bbf5ff537ca65743299fdf36803,b09c1dfa7279eff3aa53c883f0be71ebf2ef58d2980863ec01c38316a4beb15d,3369a1508281082433c78fe0083966801b3d7085c521919558dc1265ecbee42f,streaming-long-csv-v1,blocked,CzeLan,512,336,42,0.01,11563,11387,11899,0.9668060200668896,0.9520903010033445,0.9948996655518395,7.910580721068998,10
1.0,2026-09-20T11:53:36.910358+00:00,97ff94ac46223bbf5ff537ca65743299fdf36803,b09c1dfa7279eff3aa53c883f0be71ebf2ef58d2980863ec01c38316a4beb15d,3369a1508281082433c78fe0083966801b3d7085c521919558dc1265ecbee42f,streaming-long-csv-v1,blocked,CzeLan,512,336,42,0.02,11602,11426,11938,0.9700668896321071,0.9553511705685619,0.9981605351170568,15.76947562405763,20
1.0,2026-09-20T11:53:36.910358+00:00,97ff94ac46223bbf5ff537ca65743299fdf36803,b09c1dfa7279eff3aa53c883f0be71ebf2ef58d2980863ec01c38316a4beb15d,3369a1508281082433c78fe0083966801b3d7085c521919558dc1265ecbee42f,streaming-long-csv-v1,blocked,CzeLan,512,336,42,0.05,11611,11435,11947,0.9708193979933111,0.9561036789297659,0.9989130434782608,39.393990123043444,47
1.0,2026-09-20T11:53:36.910358+00:00,97ff94ac46223bbf5ff537ca65743299fdf36803,b09c1dfa7279eff3aa53c883f0be71ebf2ef58d2980863ec01c38316a4beb15d,3369a1508281082433c78fe0083966801b3d7085c521919558dc1265ecbee42f,streaming-long-csv-v1,blocked,CzeLan,512,336,42,0.1,11611,11435,11947,0.9708193979933111,0.9561036789297659,0.9989130434782608,78.85896040847075,91
1.0,2026-09-20T11:53:36.910358+00:00,97ff94ac46223bbf5ff537ca65743299fdf36803,b09c1dfa7279eff3aa53c883f0be71ebf2ef58d2980863ec01c38316a4beb15d,3369a1508281082433c78fe0083966801b3d7085c521919558dc1265ecbee42f,streaming-long-csv-v1,blocked,CzeLan,512,336,42,0.2,11617,11441,11953,0.9713210702341137,0.9566053511705686,0.9994147157190636,157.63875177779636,178
1.0,2026-09-20T11:53:36.910358+00:00,97ff94ac46223bbf5ff537ca65743299fdf36803,b09c1dfa7279eff3aa53c883f0be71ebf2ef58d2980863ec01c38316a4beb15d,3369a1508281082433c78fe0083966801b3d7085c521919558dc1265ecbee42f,streaming-long-csv-v1,blocked,CzeLan,512,336,42,0.5,11619,11443,11955,0.9714882943143812,0.9567725752508361,0.9995819397993311,394.1018820577164,435
1.0,2026-09-20T11:53:36.910358+00:00,97ff94ac46223bbf5ff537ca65743299fdf36803,b09c1dfa7279eff3aa53c883f0be71ebf2ef58d2980863ec01c38316a4beb15d,3369a1508281082433c78fe0083966801b3d7085c521919558dc1265ecbee42f,streaming-long-csv-v1,blocked,CzeLan,512,336,42,1.0,11624,11448,11960,0.9719063545150501,0.9571906354515051,1.0,787.9451505016723,848
1.0,2026-09-20T11:53:36.910358+00:00,97ff94ac46223bbf5ff537ca65743299fdf36803,b09c1dfa7279eff3aa53c883f0be71ebf2ef58d2980863ec01c38316a4beb15d,3369a1508281082433c78fe0083966801b3d7085c521919558dc1265ecbee42f,streaming-long-csv-v1,blocked,CzeLan,512,720,42,0.0,0,0,0,0.0,0.0,0.0,0.0,0
1.0,2026-09-20T11:53:36.910358+00:00,97ff94ac46223bbf5ff537ca65743299fdf36803,b09c1dfa7279eff3aa53c883f0be71ebf2ef58d2980863ec01c38316a4beb15d,3369a1508281082433c78fe0083966801b3d7085c521919558dc1265ecbee42f,streaming-long-csv-v1,blocked,CzeLan,512,720,42,0.005,11070,11278,11790,0.9255852842809364,0.9429765886287625,0.9857859531772575,5.5382527565733675,8
1.0,2026-09-20T11:53:36.910358+00:00,97ff94ac46223bbf5ff537ca65743299fdf36803,b09c1dfa7279eff3aa53c883f0be71ebf2ef58d2980863ec01c38316a4beb15d,3369a1508281082433c78fe0083966801b3d7085c521919558dc1265ecbee42f,streaming-long-csv-v1,blocked,CzeLan,512,720,42,0.01,11114,11322,11834,0.9292642140468227,0.9466555183946488,0.9894648829431438,11.139428764576644,14
1.0,2026-09-20T11:53:36.910358+00:00,97ff94ac46223bbf5ff537ca65743299fdf36803,b09c1dfa7279eff3aa53c883f0be71ebf2ef58d2980863ec01c38316a4beb15d,3369a1508281082433c78fe0083966801b3d7085c521919558dc1265ecbee42f,streaming-long-csv-v1,blocked,CzeLan,512,720,42,0.02,11143,11351,11863,0.9316889632107024,0.9490802675585285,0.9918896321070234,22.224395178285427,28
1.0,2026-09-20T11:53:36.910358+00:00,97ff94ac46223bbf5ff537ca65743299fdf36803,b09c1dfa7279eff3aa53c883f0be71ebf2ef58d2980863ec01c38316a4beb15d,3369a1508281082433c78fe0083966801b3d7085c521919558dc1265ecbee42f,streaming-long-csv-v1,blocked,CzeLan,512,720,42,0.05,11191,11399,11911,0.9357023411371237,0.9530936454849498,0.9959030100334448,55.44051716900344,66
1.0,2026-09-20T11:53:36.910358+00:00,97ff94ac46223bbf5ff537ca65743299fdf36803,b09c1dfa7279eff3aa53c883f0be71ebf2ef58d2980863ec01c38316a4beb15d,3369a1508281082433c78fe0083966801b3d7085c521919558dc1265ecbee42f,streaming-long-csv-v1,blocked,CzeLan,512,720,42,0.1,11213,11421,11933,0.9375418060200669,0.954933110367893,0.997742474916388,110.67661107852174,130
1.0,2026-09-20T11:53:36.910358+00:00,97ff94ac46223bbf5ff537ca65743299fdf36803,b09c1dfa7279eff3aa53c883f0be71ebf2ef58d2980863ec01c38316a4beb15d,3369a1508281082433c78fe0083966801b3d7085c521919558dc1265ecbee42f,streaming-long-csv-v1,blocked,CzeLan,512,720,42,0.2,11230,11438,11950,0.9389632107023411,0.9563545150501672,0.9991638795986622,221.14142259414226,255
1.0,2026-09-20T11:53:36.910358+00:00,97ff94ac46223bbf5ff537ca65743299fdf36803,b09c1dfa7279eff3aa53c883f0be71ebf2ef58d2980863ec01c38316a4beb15d,3369a1508281082433c78fe0083966801b3d7085c521919558dc1265ecbee42f,streaming-long-csv-v1,blocked,CzeLan,512,720,42,0.5,11231,11439,11951,0.9390468227424749,0.956438127090301,0.999247491638796,552.9619278721445,627
1.0,2026-09-20T11:53:36.910358+00:00,97ff94ac46223bbf5ff537ca65743299fdf36803,b09c1dfa7279eff3aa53c883f0be71ebf2ef58d2980863ec01c38316a4beb15d,3369a1508281082433c78fe0083966801b3d7085c521919558dc1265ecbee42f,streaming-long-csv-v1,blocked,CzeLan,512,720,42,1.0,11240,11448,11960,0.939799331103679,0.9571906354515051,1.0,1105.1946488294313,1232
