schema_version,generated_at,code_commit_sha,dataset_file_sha256,config_hash,validator_version,status,dataset,context_length,horizon,sampling_seed,requested_rate,selected_train_windows,effective_rate,total_train_windows,nestedness_valid,warnings
1.0,2026-09-20T11:53:36.910358+00:00,1f59f317f6bf1128dd89b7e15750d6c629bb719c,876035eacc24fdea96a472e83e80c8d1f19356e86f4b759c79ad66a29264f2d0,3369a1508281082433c78fe0083966801b3d7085c521919558dc1265ecbee42f,streaming-long-csv-v1,blocked,ETTh1,256,96,42,0.0,0,0.0,10101,True,
1.0,2026-09-20T11:53:36.910358+00:00,1f59f317f6bf1128dd89b7e15750d6c629bb719c,876035eacc24fdea96a472e83e80c8d1f19356e86f4b759c79ad66a29264f2d0,3369a1508281082433c78fe0083966801b3d7085c521919558dc1265ecbee42f,streaming-long-csv-v1,blocked,ETTh1,256,96,42,0.005,50,0.00495000495000495,10101,True,raw_coverage_much_larger_than_window_rate
1.0,2026-09-20T11:53:36.910358+00:00,1f59f317f6bf1128dd89b7e15750d6c629bb719c,876035eacc24fdea96a472e83e80c8d1f19356e86f4b759c79ad66a29264f2d0,3369a1508281082433c78fe0083966801b3d7085c521919558dc1265ecbee42f,streaming-long-csv-v1,blocked,ETTh1,256,96,42,0.01,101,0.00999900999901,10101,True,raw_coverage_much_larger_than_window_rate
1.0,2026-09-20T11:53:36.910358+00:00,1f59f317f6bf1128dd89b7e15750d6c629bb719c,876035eacc24fdea96a472e83e80c8d1f19356e86f4b759c79ad66a29264f2d0,3369a1508281082433c78fe0083966801b3d7085c521919558dc1265ecbee42f,streaming-long-csv-v1,blocked,ETTh1,256,96,42,0.02,202,0.01999801999802,10101,True,raw_coverage_much_larger_than_window_rate
1.0,2026-09-20T11:53:36.910358+00:00,1f59f317f6bf1128dd89b7e15750d6c629bb719c,876035eacc24fdea96a472e83e80c8d1f19356e86f4b759c79ad66a29264f2d0,3369a1508281082433c78fe0083966801b3d7085c521919558dc1265ecbee42f,streaming-long-csv-v1,blocked,ETTh1,256,96,42,0.05,505,0.049995049995049994,10101,True,raw_coverage_much_larger_than_window_rate;high_window_overlap
1.0,2026-09-20T11:53:36.910358+00:00,1f59f317f6bf1128dd89b7e15750d6c629bb719c,876035eacc24fdea96a472e83e80c8d1f19356e86f4b759c79ad66a29264f2d0,3369a1508281082433c78fe0083966801b3d7085c521919558dc1265ecbee42f,streaming-long-csv-v1,blocked,ETTh1,256,96,42,0.1,1010,0.09999009999009999,10101,True,raw_coverage_much_larger_than_window_rate;high_window_overlap
1.0,2026-09-20T11:53:36.910358+00:00,1f59f317f6bf1128dd89b7e15750d6c629bb719c,876035eacc24fdea96a472e83e80c8d1f19356e86f4b759c79ad66a29264f2d0,3369a1508281082433c78fe0083966801b3d7085c521919558dc1265ecbee42f,streaming-long-csv-v1,blocked,ETTh1,256,96,42,0.2,2020,0.19998019998019997,10101,True,high_window_overlap
1.0,2026-09-20T11:53:36.910358+00:00,1f59f317f6bf1128dd89b7e15750d6c629bb719c,876035eacc24fdea96a472e83e80c8d1f19356e86f4b759c79ad66a29264f2d0,3369a1508281082433c78fe0083966801b3d7085c521919558dc1265ecbee42f,streaming-long-csv-v1,blocked,ETTh1,256,96,42,0.5,5050,0.49995049995049995,10101,True,high_window_overlap
1.0,2026-09-20T11:53:36.910358+00:00,1f59f317f6bf1128dd89b7e15750d6c629bb719c,876035eacc24fdea96a472e83e80c8d1f19356e86f4b759c79ad66a29264f2d0,3369a1508281082433c78fe0083966801b3d7085c521919558dc1265ecbee42f,streaming-long-csv-v1,blocked,ETTh1,256,96,42,1.0,10101,1.0,10101,True,high_window_overlap
1.0,2026-09-20T11:53:36.910358+00:00,1f59f317f6bf1128dd89b7e15750d6c629bb719c,876035eacc24fdea96a472e83e80c8d1f19356e86f4b759c79ad66a29264f2d0,3369a1508281082433c78fe0083966801b3d7085c521919558dc1265ecbee42f,streaming-long-csv-v1,blocked,ETTh1,256,192,42,0.0,0,0.0,10005,True,
1.0,2026-09-20T11:53:36.910358+00:00,1f59f317f6bf1128dd89b7e15750d6c629bb719c,876035eacc24fdea96a472e83e80c8d1f19356e86f4b759c79ad66a29264f2d0,3369a1508281082433c78fe0083966801b3d7085c521919558dc1265ecbee42f,streaming-long-csv-v1,blocked,ETTh1,256,192,42,0.005,50,0.004997501249375313,10005,True,raw_coverage_much_larger_than_window_rate
1.0,2026-09-20T11:53:36.910358+00:00,1f59f317f6bf1128dd89b7e15750d6c629bb719c,876035eacc24fdea96a472e83e80c8d1f19356e86f4b759c79ad66a29264f2d0,3369a1508281082433c78fe0083966801b3d7085c521919558dc1265ecbee42f,streaming-long-csv-v1,blocked,ETTh1,256,192,42,0.01,100,0.009995002498750625,10005,True,raw_coverage_much_larger_than_window_rate
1.0,2026-09-20T11:53:36.910358+00:00,1f59f317f6bf1128dd89b7e15750d6c629bb719c,876035eacc24fdea96a472e83e80c8d1f19356e86f4b759c79ad66a29264f2d0,3369a1508281082433c78fe0083966801b3d7085c521919558dc1265ecbee42f,streaming-long-csv-v1,blocked,ETTh1,256,192,42,0.02,200,0.01999000499750125,10005,True,raw_coverage_much_larger_than_window_rate
1.0,2026-09-20T11:53:36.910358+00:00,1f59f317f6bf1128dd89b7e15750d6c629bb719c,876035eacc24fdea96a472e83e80c8d1f19356e86f4b759c79ad66a29264f2d0,3369a1508281082433c78fe0083966801b3d7085c521919558dc1265ecbee42f,streaming-long-csv-v1,blocked,ETTh1,256,192,42,0.05,500,0.04997501249375312,10005,True,raw_coverage_much_larger_than_window_rate;high_window_overlap
1.0,2026-09-20T11:53:36.910358+00:00,1f59f317f6bf1128dd89b7e15750d6c629bb719c,876035eacc24fdea96a472e83e80c8d1f19356e86f4b759c79ad66a29264f2d0,3369a1508281082433c78fe0083966801b3d7085c521919558dc1265ecbee42f,streaming-long-csv-v1,blocked,ETTh1,256,192,42,0.1,1000,0.09995002498750624,10005,True,raw_coverage_much_larger_than_window_rate;high_window_overlap
1.0,2026-09-20T11:53:36.910358+00:00,1f59f317f6bf1128dd89b7e15750d6c629bb719c,876035eacc24fdea96a472e83e80c8d1f19356e86f4b759c79ad66a29264f2d0,3369a1508281082433c78fe0083966801b3d7085c521919558dc1265ecbee42f,streaming-long-csv-v1,blocked,ETTh1,256,192,42,0.2,2001,0.2,10005,True,high_window_overlap
1.0,2026-09-20T11:53:36.910358+00:00,1f59f317f6bf1128dd89b7e15750d6c629bb719c,876035eacc24fdea96a472e83e80c8d1f19356e86f4b759c79ad66a29264f2d0,3369a1508281082433c78fe0083966801b3d7085c521919558dc1265ecbee42f,streaming-long-csv-v1,blocked,ETTh1,256,192,42,0.5,5002,0.49995002498750624,10005,True,high_window_overlap
1.0,2026-09-20T11:53:36.910358+00:00,1f59f317f6bf1128dd89b7e15750d6c629bb719c,876035eacc24fdea96a472e83e80c8d1f19356e86f4b759c79ad66a29264f2d0,3369a1508281082433c78fe0083966801b3d7085c521919558dc1265ecbee42f,streaming-long-csv-v1,blocked,ETTh1,256,192,42,1.0,10005,1.0,10005,True,high_window_overlap
1.0,2026-09-20T11:53:36.910358+00:00,1f59f317f6bf1128dd89b7e15750d6c629bb719c,876035eacc24fdea96a472e83e80c8d1f19356e86f4b759c79ad66a29264f2d0,3369a1508281082433c78fe0083966801b3d7085c521919558dc1265ecbee42f,streaming-long-csv-v1,blocked,ETTh1,256,336,42,0.0,0,0.0,9861,True,
1.0,2026-09-20T11:53:36.910358+00:00,1f59f317f6bf1128dd89b7e15750d6c629bb719c,876035eacc24fdea96a472e83e80c8d1f19356e86f4b759c79ad66a29264f2d0,3369a1508281082433c78fe0083966801b3d7085c521919558dc1265ecbee42f,streaming-long-csv-v1,blocked,ETTh1,256,336,42,0.005,49,0.004969070074029003,9861,True,raw_coverage_much_larger_than_window_rate
1.0,2026-09-20T11:53:36.910358+00:00,1f59f317f6bf1128dd89b7e15750d6c629bb719c,876035eacc24fdea96a472e83e80c8d1f19356e86f4b759c79ad66a29264f2d0,3369a1508281082433c78fe0083966801b3d7085c521919558dc1265ecbee42f,streaming-long-csv-v1,blocked,ETTh1,256,336,42,0.01,98,0.009938140148058007,9861,True,raw_coverage_much_larger_than_window_rate
1.0,2026-09-20T11:53:36.910358+00:00,1f59f317f6bf1128dd89b7e15750d6c629bb719c,876035eacc24fdea96a472e83e80c8d1f19356e86f4b759c79ad66a29264f2d0,3369a1508281082433c78fe0083966801b3d7085c521919558dc1265ecbee42f,streaming-long-csv-v1,blocked,ETTh1,256,336,42,0.02,197,0.019977689889463544,9861,True,raw_coverage_much_larger_than_window_rate;high_window_overlap
1.0,2026-09-20T11:53:36.910358+00:00,1f59f317f6bf1128dd89b7e15750d6c629bb719c,876035eacc24fdea96a472e83e80c8d1f19356e86f4b759c79ad66a29264f2d0,3369a1508281082433c78fe0083966801b3d7085c521919558dc1265ecbee42f,streaming-long-csv-v1,blocked,ETTh1,256,336,42,0.05,493,0.049994929520332625,9861,True,raw_coverage_much_larger_than_window_rate;high_window_overlap
1.0,2026-09-20T11:53:36.910358+00:00,1f59f317f6bf1128dd89b7e15750d6c629bb719c,876035eacc24fdea96a472e83e80c8d1f19356e86f4b759c79ad66a29264f2d0,3369a1508281082433c78fe0083966801b3d7085c521919558dc1265ecbee42f,streaming-long-csv-v1,blocked,ETTh1,256,336,42,0.1,986,0.09998985904066525,9861,True,raw_coverage_much_larger_than_window_rate;high_window_overlap
1.0,2026-09-20T11:53:36.910358+00:00,1f59f317f6bf1128dd89b7e15750d6c629bb719c,876035eacc24fdea96a472e83e80c8d1f19356e86f4b759c79ad66a29264f2d0,3369a1508281082433c78fe0083966801b3d7085c521919558dc1265ecbee42f,streaming-long-csv-v1,blocked,ETTh1,256,336,42,0.2,1972,0.1999797180813305,9861,True,high_window_overlap
1.0,2026-09-20T11:53:36.910358+00:00,1f59f317f6bf1128dd89b7e15750d6c629bb719c,876035eacc24fdea96a472e83e80c8d1f19356e86f4b759c79ad66a29264f2d0,3369a1508281082433c78fe0083966801b3d7085c521919558dc1265ecbee42f,streaming-long-csv-v1,blocked,ETTh1,256,336,42,0.5,4930,0.49994929520332626,9861,True,high_window_overlap
1.0,2026-09-20T11:53:36.910358+00:00,1f59f317f6bf1128dd89b7e15750d6c629bb719c,876035eacc24fdea96a472e83e80c8d1f19356e86f4b759c79ad66a29264f2d0,3369a1508281082433c78fe0083966801b3d7085c521919558dc1265ecbee42f,streaming-long-csv-v1,blocked,ETTh1,256,336,42,1.0,9861,1.0,9861,True,high_window_overlap
1.0,2026-09-20T11:53:36.910358+00:00,1f59f317f6bf1128dd89b7e15750d6c629bb719c,876035eacc24fdea96a472e83e80c8d1f19356e86f4b759c79ad66a29264f2d0,3369a1508281082433c78fe0083966801b3d7085c521919558dc1265ecbee42f,streaming-long-csv-v1,blocked,ETTh1,256,720,42,0.0,0,0.0,9477,True,
1.0,2026-09-20T11:53:36.910358+00:00,1f59f317f6bf1128dd89b7e15750d6c629bb719c,876035eacc24fdea96a472e83e80c8d1f19356e86f4b759c79ad66a29264f2d0,3369a1508281082433c78fe0083966801b3d7085c521919558dc1265ecbee42f,streaming-long-csv-v1,blocked,ETTh1,256,720,42,0.005,47,0.0049593753297457,9477,True,raw_coverage_much_larger_than_window_rate
1.0,2026-09-20T11:53:36.910358+00:00,1f59f317f6bf1128dd89b7e15750d6c629bb719c,876035eacc24fdea96a472e83e80c8d1f19356e86f4b759c79ad66a29264f2d0,3369a1508281082433c78fe0083966801b3d7085c521919558dc1265ecbee42f,streaming-long-csv-v1,blocked,ETTh1,256,720,42,0.01,94,0.0099187506594914,9477,True,raw_coverage_much_larger_than_window_rate
1.0,2026-09-20T11:53:36.910358+00:00,1f59f317f6bf1128dd89b7e15750d6c629bb719c,876035eacc24fdea96a472e83e80c8d1f19356e86f4b759c79ad66a29264f2d0,3369a1508281082433c78fe0083966801b3d7085c521919558dc1265ecbee42f,streaming-long-csv-v1,blocked,ETTh1,256,720,42,0.02,189,0.019943019943019943,9477,True,raw_coverage_much_larger_than_window_rate;high_window_overlap
1.0,2026-09-20T11:53:36.910358+00:00,1f59f317f6bf1128dd89b7e15750d6c629bb719c,876035eacc24fdea96a472e83e80c8d1f19356e86f4b759c79ad66a29264f2d0,3369a1508281082433c78fe0083966801b3d7085c521919558dc1265ecbee42f,streaming-long-csv-v1,blocked,ETTh1,256,720,42,0.05,473,0.04991030916956843,9477,True,raw_coverage_much_larger_than_window_rate;high_window_overlap
1.0,2026-09-20T11:53:36.910358+00:00,1f59f317f6bf1128dd89b7e15750d6c629bb719c,876035eacc24fdea96a472e83e80c8d1f19356e86f4b759c79ad66a29264f2d0,3369a1508281082433c78fe0083966801b3d7085c521919558dc1265ecbee42f,streaming-long-csv-v1,blocked,ETTh1,256,720,42,0.1,947,0.099926136963174,9477,True,raw_coverage_much_larger_than_window_rate;high_window_overlap
1.0,2026-09-20T11:53:36.910358+00:00,1f59f317f6bf1128dd89b7e15750d6c629bb719c,876035eacc24fdea96a472e83e80c8d1f19356e86f4b759c79ad66a29264f2d0,3369a1508281082433c78fe0083966801b3d7085c521919558dc1265ecbee42f,streaming-long-csv-v1,blocked,ETTh1,256,720,42,0.2,1895,0.19995779255038515,9477,True,high_window_overlap
1.0,2026-09-20T11:53:36.910358+00:00,1f59f317f6bf1128dd89b7e15750d6c629bb719c,876035eacc24fdea96a472e83e80c8d1f19356e86f4b759c79ad66a29264f2d0,3369a1508281082433c78fe0083966801b3d7085c521919558dc1265ecbee42f,streaming-long-csv-v1,blocked,ETTh1,256,720,42,0.5,4738,0.4999472406879814,9477,True,high_window_overlap
1.0,2026-09-20T11:53:36.910358+00:00,1f59f317f6bf1128dd89b7e15750d6c629bb719c,876035eacc24fdea96a472e83e80c8d1f19356e86f4b759c79ad66a29264f2d0,3369a1508281082433c78fe0083966801b3d7085c521919558dc1265ecbee42f,streaming-long-csv-v1,blocked,ETTh1,256,720,42,1.0,9477,1.0,9477,True,high_window_overlap
1.0,2026-09-20T11:53:36.910358+00:00,1f59f317f6bf1128dd89b7e15750d6c629bb719c,876035eacc24fdea96a472e83e80c8d1f19356e86f4b759c79ad66a29264f2d0,3369a1508281082433c78fe0083966801b3d7085c521919558dc1265ecbee42f,streaming-long-csv-v1,blocked,ETTh1,512,96,42,0.0,0,0.0,9845,True,
1.0,2026-09-20T11:53:36.910358+00:00,1f59f317f6bf1128dd89b7e15750d6c629bb719c,876035eacc24fdea96a472e83e80c8d1f19356e86f4b759c79ad66a29264f2d0,3369a1508281082433c78fe0083966801b3d7085c521919558dc1265ecbee42f,streaming-long-csv-v1,blocked,ETTh1,512,96,42,0.005,49,0.004977145759268664,9845,True,raw_coverage_much_larger_than_window_rate
1.0,2026-09-20T11:53:36.910358+00:00,1f59f317f6bf1128dd89b7e15750d6c629bb719c,876035eacc24fdea96a472e83e80c8d1f19356e86f4b759c79ad66a29264f2d0,3369a1508281082433c78fe0083966801b3d7085c521919558dc1265ecbee42f,streaming-long-csv-v1,blocked,ETTh1,512,96,42,0.01,98,0.009954291518537328,9845,True,raw_coverage_much_larger_than_window_rate
1.0,2026-09-20T11:53:36.910358+00:00,1f59f317f6bf1128dd89b7e15750d6c629bb719c,876035eacc24fdea96a472e83e80c8d1f19356e86f4b759c79ad66a29264f2d0,3369a1508281082433c78fe0083966801b3d7085c521919558dc1265ecbee42f,streaming-long-csv-v1,blocked,ETTh1,512,96,42,0.02,196,0.019908583037074656,9845,True,raw_coverage_much_larger_than_window_rate;high_window_overlap
1.0,2026-09-20T11:53:36.910358+00:00,1f59f317f6bf1128dd89b7e15750d6c629bb719c,876035eacc24fdea96a472e83e80c8d1f19356e86f4b759c79ad66a29264f2d0,3369a1508281082433c78fe0083966801b3d7085c521919558dc1265ecbee42f,streaming-long-csv-v1,blocked,ETTh1,512,96,42,0.05,492,0.0499746063991874,9845,True,raw_coverage_much_larger_than_window_rate;high_window_overlap
1.0,2026-09-20T11:53:36.910358+00:00,1f59f317f6bf1128dd89b7e15750d6c629bb719c,876035eacc24fdea96a472e83e80c8d1f19356e86f4b759c79ad66a29264f2d0,3369a1508281082433c78fe0083966801b3d7085c521919558dc1265ecbee42f,streaming-long-csv-v1,blocked,ETTh1,512,96,42,0.1,984,0.0999492127983748,9845,True,raw_coverage_much_larger_than_window_rate;high_window_overlap
1.0,2026-09-20T11:53:36.910358+00:00,1f59f317f6bf1128dd89b7e15750d6c629bb719c,876035eacc24fdea96a472e83e80c8d1f19356e86f4b759c79ad66a29264f2d0,3369a1508281082433c78fe0083966801b3d7085c521919558dc1265ecbee42f,streaming-long-csv-v1,blocked,ETTh1,512,96,42,0.2,1969,0.2,9845,True,high_window_overlap
1.0,2026-09-20T11:53:36.910358+00:00,1f59f317f6bf1128dd89b7e15750d6c629bb719c,876035eacc24fdea96a472e83e80c8d1f19356e86f4b759c79ad66a29264f2d0,3369a1508281082433c78fe0083966801b3d7085c521919558dc1265ecbee42f,streaming-long-csv-v1,blocked,ETTh1,512,96,42,0.5,4922,0.4999492127983748,9845,True,high_window_overlap
1.0,2026-09-20T11:53:36.910358+00:00,1f59f317f6bf1128dd89b7e15750d6c629bb719c,876035eacc24fdea96a472e83e80c8d1f19356e86f4b759c79ad66a29264f2d0,3369a1508281082433c78fe0083966801b3d7085c521919558dc1265ecbee42f,streaming-long-csv-v1,blocked,ETTh1,512,96,42,1.0,9845,1.0,9845,True,high_window_overlap
1.0,2026-09-20T11:53:36.910358+00:00,1f59f317f6bf1128dd89b7e15750d6c629bb719c,876035eacc24fdea96a472e83e80c8d1f19356e86f4b759c79ad66a29264f2d0,3369a1508281082433c78fe0083966801b3d7085c521919558dc1265ecbee42f,streaming-long-csv-v1,blocked,ETTh1,512,192,42,0.0,0,0.0,9749,True,
1.0,2026-09-20T11:53:36.910358+00:00,1f59f317f6bf1128dd89b7e15750d6c629bb719c,876035eacc24fdea96a472e83e80c8d1f19356e86f4b759c79ad66a29264f2d0,3369a1508281082433c78fe0083966801b3d7085c521919558dc1265ecbee42f,streaming-long-csv-v1,blocked,ETTh1,512,192,42,0.005,48,0.004923581905836496,9749,True,raw_coverage_much_larger_than_window_rate
1.0,2026-09-20T11:53:36.910358+00:00,1f59f317f6bf1128dd89b7e15750d6c629bb719c,876035eacc24fdea96a472e83e80c8d1f19356e86f4b759c79ad66a29264f2d0,3369a1508281082433c78fe0083966801b3d7085c521919558dc1265ecbee42f,streaming-long-csv-v1,blocked,ETTh1,512,192,42,0.01,97,0.009949738434711253,9749,True,raw_coverage_much_larger_than_window_rate
1.0,2026-09-20T11:53:36.910358+00:00,1f59f317f6bf1128dd89b7e15750d6c629bb719c,876035eacc24fdea96a472e83e80c8d1f19356e86f4b759c79ad66a29264f2d0,3369a1508281082433c78fe0083966801b3d7085c521919558dc1265ecbee42f,streaming-long-csv-v1,blocked,ETTh1,512,192,42,0.02,194,0.019899476869422505,9749,True,raw_coverage_much_larger_than_window_rate;high_window_overlap
1.0,2026-09-20T11:53:36.910358+00:00,1f59f317f6bf1128dd89b7e15750d6c629bb719c,876035eacc24fdea96a472e83e80c8d1f19356e86f4b759c79ad66a29264f2d0,3369a1508281082433c78fe0083966801b3d7085c521919558dc1265ecbee42f,streaming-long-csv-v1,blocked,ETTh1,512,192,42,0.05,487,0.049953841419632786,9749,True,raw_coverage_much_larger_than_window_rate;high_window_overlap
1.0,2026-09-20T11:53:36.910358+00:00,1f59f317f6bf1128dd89b7e15750d6c629bb719c,876035eacc24fdea96a472e83e80c8d1f19356e86f4b759c79ad66a29264f2d0,3369a1508281082433c78fe0083966801b3d7085c521919558dc1265ecbee42f,streaming-long-csv-v1,blocked,ETTh1,512,192,42,0.1,974,0.09990768283926557,9749,True,raw_coverage_much_larger_than_window_rate;high_window_overlap
1.0,2026-09-20T11:53:36.910358+00:00,1f59f317f6bf1128dd89b7e15750d6c629bb719c,876035eacc24fdea96a472e83e80c8d1f19356e86f4b759c79ad66a29264f2d0,3369a1508281082433c78fe0083966801b3d7085c521919558dc1265ecbee42f,streaming-long-csv-v1,blocked,ETTh1,512,192,42,0.2,1949,0.1999179403015694,9749,True,high_window_overlap
1.0,2026-09-20T11:53:36.910358+00:00,1f59f317f6bf1128dd89b7e15750d6c629bb719c,876035eacc24fdea96a472e83e80c8d1f19356e86f4b759c79ad66a29264f2d0,3369a1508281082433c78fe0083966801b3d7085c521919558dc1265ecbee42f,streaming-long-csv-v1,blocked,ETTh1,512,192,42,0.5,4874,0.49994871268848085,9749,True,high_window_overlap
1.0,2026-09-20T11:53:36.910358+00:00,1f59f317f6bf1128dd89b7e15750d6c629bb719c,876035eacc24fdea96a472e83e80c8d1f19356e86f4b759c79ad66a29264f2d0,3369a1508281082433c78fe0083966801b3d7085c521919558dc1265ecbee42f,streaming-long-csv-v1,blocked,ETTh1,512,192,42,1.0,9749,1.0,9749,True,high_window_overlap
1.0,2026-09-20T11:53:36.910358+00:00,1f59f317f6bf1128dd89b7e15750d6c629bb719c,876035eacc24fdea96a472e83e80c8d1f19356e86f4b759c79ad66a29264f2d0,3369a1508281082433c78fe0083966801b3d7085c521919558dc1265ecbee42f,streaming-long-csv-v1,blocked,ETTh1,512,336,42,0.0,0,0.0,9605,True,
1.0,2026-09-20T11:53:36.910358+00:00,1f59f317f6bf1128dd89b7e15750d6c629bb719c,876035eacc24fdea96a472e83e80c8d1f19356e86f4b759c79ad66a29264f2d0,3369a1508281082433c78fe0083966801b3d7085c521919558dc1265ecbee42f,streaming-long-csv-v1,blocked,ETTh1,512,336,42,0.005,48,0.004997397188964081,9605,True,raw_coverage_much_larger_than_window_rate
1.0,2026-09-20T11:53:36.910358+00:00,1f59f317f6bf1128dd89b7e15750d6c629bb719c,876035eacc24fdea96a472e83e80c8d1f19356e86f4b759c79ad66a29264f2d0,3369a1508281082433c78fe0083966801b3d7085c521919558dc1265ecbee42f,streaming-long-csv-v1,blocked,ETTh1,512,336,42,0.01,96,0.009994794377928162,9605,True,raw_coverage_much_larger_than_window_rate
1.0,2026-09-20T11:53:36.910358+00:00,1f59f317f6bf1128dd89b7e15750d6c629bb719c,876035eacc24fdea96a472e83e80c8d1f19356e86f4b759c79ad66a29264f2d0,3369a1508281082433c78fe0083966801b3d7085c521919558dc1265ecbee42f,streaming-long-csv-v1,blocked,ETTh1,512,336,42,0.02,192,0.019989588755856325,9605,True,raw_coverage_much_larger_than_window_rate;high_window_overlap
1.0,2026-09-20T11:53:36.910358+00:00,1f59f317f6bf1128dd89b7e15750d6c629bb719c,876035eacc24fdea96a472e83e80c8d1f19356e86f4b759c79ad66a29264f2d0,3369a1508281082433c78fe0083966801b3d7085c521919558dc1265ecbee42f,streaming-long-csv-v1,blocked,ETTh1,512,336,42,0.05,480,0.04997397188964081,9605,True,raw_coverage_much_larger_than_window_rate;high_window_overlap
1.0,2026-09-20T11:53:36.910358+00:00,1f59f317f6bf1128dd89b7e15750d6c629bb719c,876035eacc24fdea96a472e83e80c8d1f19356e86f4b759c79ad66a29264f2d0,3369a1508281082433c78fe0083966801b3d7085c521919558dc1265ecbee42f,streaming-long-csv-v1,blocked,ETTh1,512,336,42,0.1,960,0.09994794377928162,9605,True,raw_coverage_much_larger_than_window_rate;high_window_overlap
1.0,2026-09-20T11:53:36.910358+00:00,1f59f317f6bf1128dd89b7e15750d6c629bb719c,876035eacc24fdea96a472e83e80c8d1f19356e86f4b759c79ad66a29264f2d0,3369a1508281082433c78fe0083966801b3d7085c521919558dc1265ecbee42f,streaming-long-csv-v1,blocked,ETTh1,512,336,42,0.2,1921,0.2,9605,True,high_window_overlap
1.0,2026-09-20T11:53:36.910358+00:00,1f59f317f6bf1128dd89b7e15750d6c629bb719c,876035eacc24fdea96a472e83e80c8d1f19356e86f4b759c79ad66a29264f2d0,3369a1508281082433c78fe0083966801b3d7085c521919558dc1265ecbee42f,streaming-long-csv-v1,blocked,ETTh1,512,336,42,0.5,4802,0.49994794377928164,9605,True,high_window_overlap
1.0,2026-09-20T11:53:36.910358+00:00,1f59f317f6bf1128dd89b7e15750d6c629bb719c,876035eacc24fdea96a472e83e80c8d1f19356e86f4b759c79ad66a29264f2d0,3369a1508281082433c78fe0083966801b3d7085c521919558dc1265ecbee42f,streaming-long-csv-v1,blocked,ETTh1,512,336,42,1.0,9605,1.0,9605,True,high_window_overlap
1.0,2026-09-20T11:53:36.910358+00:00,1f59f317f6bf1128dd89b7e15750d6c629bb719c,876035eacc24fdea96a472e83e80c8d1f19356e86f4b759c79ad66a29264f2d0,3369a1508281082433c78fe0083966801b3d7085c521919558dc1265ecbee42f,streaming-long-csv-v1,blocked,ETTh1,512,720,42,0.0,0,0.0,9221,True,
1.0,2026-09-20T11:53:36.910358+00:00,1f59f317f6bf1128dd89b7e15750d6c629bb719c,876035eacc24fdea96a472e83e80c8d1f19356e86f4b759c79ad66a29264f2d0,3369a1508281082433c78fe0083966801b3d7085c521919558dc1265ecbee42f,streaming-long-csv-v1,blocked,ETTh1,512,720,42,0.005,46,0.004988612948704045,9221,True,raw_coverage_much_larger_than_window_rate
1.0,2026-09-20T11:53:36.910358+00:00,1f59f317f6bf1128dd89b7e15750d6c629bb719c,876035eacc24fdea96a472e83e80c8d1f19356e86f4b759c79ad66a29264f2d0,3369a1508281082433c78fe0083966801b3d7085c521919558dc1265ecbee42f,streaming-long-csv-v1,blocked,ETTh1,512,720,42,0.01,92,0.00997722589740809,9221,True,raw_coverage_much_larger_than_window_rate;high_window_overlap
1.0,2026-09-20T11:53:36.910358+00:00,1f59f317f6bf1128dd89b7e15750d6c629bb719c,876035eacc24fdea96a472e83e80c8d1f19356e86f4b759c79ad66a29264f2d0,3369a1508281082433c78fe0083966801b3d7085c521919558dc1265ecbee42f,streaming-long-csv-v1,blocked,ETTh1,512,720,42,0.02,184,0.01995445179481618,9221,True,raw_coverage_much_larger_than_window_rate;high_window_overlap
1.0,2026-09-20T11:53:36.910358+00:00,1f59f317f6bf1128dd89b7e15750d6c629bb719c,876035eacc24fdea96a472e83e80c8d1f19356e86f4b759c79ad66a29264f2d0,3369a1508281082433c78fe0083966801b3d7085c521919558dc1265ecbee42f,streaming-long-csv-v1,blocked,ETTh1,512,720,42,0.05,461,0.049994577594620976,9221,True,raw_coverage_much_larger_than_window_rate;high_window_overlap
1.0,2026-09-20T11:53:36.910358+00:00,1f59f317f6bf1128dd89b7e15750d6c629bb719c,876035eacc24fdea96a472e83e80c8d1f19356e86f4b759c79ad66a29264f2d0,3369a1508281082433c78fe0083966801b3d7085c521919558dc1265ecbee42f,streaming-long-csv-v1,blocked,ETTh1,512,720,42,0.1,922,0.09998915518924195,9221,True,raw_coverage_much_larger_than_window_rate;high_window_overlap
1.0,2026-09-20T11:53:36.910358+00:00,1f59f317f6bf1128dd89b7e15750d6c629bb719c,876035eacc24fdea96a472e83e80c8d1f19356e86f4b759c79ad66a29264f2d0,3369a1508281082433c78fe0083966801b3d7085c521919558dc1265ecbee42f,streaming-long-csv-v1,blocked,ETTh1,512,720,42,0.2,1844,0.1999783103784839,9221,True,high_window_overlap
1.0,2026-09-20T11:53:36.910358+00:00,1f59f317f6bf1128dd89b7e15750d6c629bb719c,876035eacc24fdea96a472e83e80c8d1f19356e86f4b759c79ad66a29264f2d0,3369a1508281082433c78fe0083966801b3d7085c521919558dc1265ecbee42f,streaming-long-csv-v1,blocked,ETTh1,512,720,42,0.5,4610,0.49994577594620976,9221,True,high_window_overlap
1.0,2026-09-20T11:53:36.910358+00:00,1f59f317f6bf1128dd89b7e15750d6c629bb719c,876035eacc24fdea96a472e83e80c8d1f19356e86f4b759c79ad66a29264f2d0,3369a1508281082433c78fe0083966801b3d7085c521919558dc1265ecbee42f,streaming-long-csv-v1,blocked,ETTh1,512,720,42,1.0,9221,1.0,9221,True,high_window_overlap
1.0,2026-09-20T11:53:36.910358+00:00,1f59f317f6bf1128dd89b7e15750d6c629bb719c,0a4e9e8cde4cfaa4031ac83f9587e0198429f5181a630b3cf3f092a3b7458ed4,3369a1508281082433c78fe0083966801b3d7085c521919558dc1265ecbee42f,streaming-long-csv-v1,blocked,ETTh2,256,96,42,0.0,0,0.0,10101,True,
1.0,2026-09-20T11:53:36.910358+00:00,1f59f317f6bf1128dd89b7e15750d6c629bb719c,0a4e9e8cde4cfaa4031ac83f9587e0198429f5181a630b3cf3f092a3b7458ed4,3369a1508281082433c78fe0083966801b3d7085c521919558dc1265ecbee42f,streaming-long-csv-v1,blocked,ETTh2,256,96,42,0.005,50,0.00495000495000495,10101,True,raw_coverage_much_larger_than_window_rate
1.0,2026-09-20T11:53:36.910358+00:00,1f59f317f6bf1128dd89b7e15750d6c629bb719c,0a4e9e8cde4cfaa4031ac83f9587e0198429f5181a630b3cf3f092a3b7458ed4,3369a1508281082433c78fe0083966801b3d7085c521919558dc1265ecbee42f,streaming-long-csv-v1,blocked,ETTh2,256,96,42,0.01,101,0.00999900999901,10101,True,raw_coverage_much_larger_than_window_rate
1.0,2026-09-20T11:53:36.910358+00:00,1f59f317f6bf1128dd89b7e15750d6c629bb719c,0a4e9e8cde4cfaa4031ac83f9587e0198429f5181a630b3cf3f092a3b7458ed4,3369a1508281082433c78fe0083966801b3d7085c521919558dc1265ecbee42f,streaming-long-csv-v1,blocked,ETTh2,256,96,42,0.02,202,0.01999801999802,10101,True,raw_coverage_much_larger_than_window_rate
1.0,2026-09-20T11:53:36.910358+00:00,1f59f317f6bf1128dd89b7e15750d6c629bb719c,0a4e9e8cde4cfaa4031ac83f9587e0198429f5181a630b3cf3f092a3b7458ed4,3369a1508281082433c78fe0083966801b3d7085c521919558dc1265ecbee42f,streaming-long-csv-v1,blocked,ETTh2,256,96,42,0.05,505,0.049995049995049994,10101,True,raw_coverage_much_larger_than_window_rate;high_window_overlap
1.0,2026-09-20T11:53:36.910358+00:00,1f59f317f6bf1128dd89b7e15750d6c629bb719c,0a4e9e8cde4cfaa4031ac83f9587e0198429f5181a630b3cf3f092a3b7458ed4,3369a1508281082433c78fe0083966801b3d7085c521919558dc1265ecbee42f,streaming-long-csv-v1,blocked,ETTh2,256,96,42,0.1,1010,0.09999009999009999,10101,True,raw_coverage_much_larger_than_window_rate;high_window_overlap
1.0,2026-09-20T11:53:36.910358+00:00,1f59f317f6bf1128dd89b7e15750d6c629bb719c,0a4e9e8cde4cfaa4031ac83f9587e0198429f5181a630b3cf3f092a3b7458ed4,3369a1508281082433c78fe0083966801b3d7085c521919558dc1265ecbee42f,streaming-long-csv-v1,blocked,ETTh2,256,96,42,0.2,2020,0.19998019998019997,10101,True,high_window_overlap
1.0,2026-09-20T11:53:36.910358+00:00,1f59f317f6bf1128dd89b7e15750d6c629bb719c,0a4e9e8cde4cfaa4031ac83f9587e0198429f5181a630b3cf3f092a3b7458ed4,3369a1508281082433c78fe0083966801b3d7085c521919558dc1265ecbee42f,streaming-long-csv-v1,blocked,ETTh2,256,96,42,0.5,5050,0.49995049995049995,10101,True,high_window_overlap
1.0,2026-09-20T11:53:36.910358+00:00,1f59f317f6bf1128dd89b7e15750d6c629bb719c,0a4e9e8cde4cfaa4031ac83f9587e0198429f5181a630b3cf3f092a3b7458ed4,3369a1508281082433c78fe0083966801b3d7085c521919558dc1265ecbee42f,streaming-long-csv-v1,blocked,ETTh2,256,96,42,1.0,10101,1.0,10101,True,high_window_overlap
1.0,2026-09-20T11:53:36.910358+00:00,1f59f317f6bf1128dd89b7e15750d6c629bb719c,0a4e9e8cde4cfaa4031ac83f9587e0198429f5181a630b3cf3f092a3b7458ed4,3369a1508281082433c78fe0083966801b3d7085c521919558dc1265ecbee42f,streaming-long-csv-v1,blocked,ETTh2,256,192,42,0.0,0,0.0,10005,True,
1.0,2026-09-20T11:53:36.910358+00:00,1f59f317f6bf1128dd89b7e15750d6c629bb719c,0a4e9e8cde4cfaa4031ac83f9587e0198429f5181a630b3cf3f092a3b7458ed4,3369a1508281082433c78fe0083966801b3d7085c521919558dc1265ecbee42f,streaming-long-csv-v1,blocked,ETTh2,256,192,42,0.005,50,0.004997501249375313,10005,True,raw_coverage_much_larger_than_window_rate
1.0,2026-09-20T11:53:36.910358+00:00,1f59f317f6bf1128dd89b7e15750d6c629bb719c,0a4e9e8cde4cfaa4031ac83f9587e0198429f5181a630b3cf3f092a3b7458ed4,3369a1508281082433c78fe0083966801b3d7085c521919558dc1265ecbee42f,streaming-long-csv-v1,blocked,ETTh2,256,192,42,0.01,100,0.009995002498750625,10005,True,raw_coverage_much_larger_than_window_rate
1.0,2026-09-20T11:53:36.910358+00:00,1f59f317f6bf1128dd89b7e15750d6c629bb719c,0a4e9e8cde4cfaa4031ac83f9587e0198429f5181a630b3cf3f092a3b7458ed4,3369a1508281082433c78fe0083966801b3d7085c521919558dc1265ecbee42f,streaming-long-csv-v1,blocked,ETTh2,256,192,42,0.02,200,0.01999000499750125,10005,True,raw_coverage_much_larger_than_window_rate
1.0,2026-09-20T11:53:36.910358+00:00,1f59f317f6bf1128dd89b7e15750d6c629bb719c,0a4e9e8cde4cfaa4031ac83f9587e0198429f5181a630b3cf3f092a3b7458ed4,3369a1508281082433c78fe0083966801b3d7085c521919558dc1265ecbee42f,streaming-long-csv-v1,blocked,ETTh2,256,192,42,0.05,500,0.04997501249375312,10005,True,raw_coverage_much_larger_than_window_rate;high_window_overlap
1.0,2026-09-20T11:53:36.910358+00:00,1f59f317f6bf1128dd89b7e15750d6c629bb719c,0a4e9e8cde4cfaa4031ac83f9587e0198429f5181a630b3cf3f092a3b7458ed4,3369a1508281082433c78fe0083966801b3d7085c521919558dc1265ecbee42f,streaming-long-csv-v1,blocked,ETTh2,256,192,42,0.1,1000,0.09995002498750624,10005,True,raw_coverage_much_larger_than_window_rate;high_window_overlap
1.0,2026-09-20T11:53:36.910358+00:00,1f59f317f6bf1128dd89b7e15750d6c629bb719c,0a4e9e8cde4cfaa4031ac83f9587e0198429f5181a630b3cf3f092a3b7458ed4,3369a1508281082433c78fe0083966801b3d7085c521919558dc1265ecbee42f,streaming-long-csv-v1,blocked,ETTh2,256,192,42,0.2,2001,0.2,10005,True,high_window_overlap
1.0,2026-09-20T11:53:36.910358+00:00,1f59f317f6bf1128dd89b7e15750d6c629bb719c,0a4e9e8cde4cfaa4031ac83f9587e0198429f5181a630b3cf3f092a3b7458ed4,3369a1508281082433c78fe0083966801b3d7085c521919558dc1265ecbee42f,streaming-long-csv-v1,blocked,ETTh2,256,192,42,0.5,5002,0.49995002498750624,10005,True,high_window_overlap
1.0,2026-09-20T11:53:36.910358+00:00,1f59f317f6bf1128dd89b7e15750d6c629bb719c,0a4e9e8cde4cfaa4031ac83f9587e0198429f5181a630b3cf3f092a3b7458ed4,3369a1508281082433c78fe0083966801b3d7085c521919558dc1265ecbee42f,streaming-long-csv-v1,blocked,ETTh2,256,192,42,1.0,10005,1.0,10005,True,high_window_overlap
1.0,2026-09-20T11:53:36.910358+00:00,1f59f317f6bf1128dd89b7e15750d6c629bb719c,0a4e9e8cde4cfaa4031ac83f9587e0198429f5181a630b3cf3f092a3b7458ed4,3369a1508281082433c78fe0083966801b3d7085c521919558dc1265ecbee42f,streaming-long-csv-v1,blocked,ETTh2,256,336,42,0.0,0,0.0,9861,True,
1.0,2026-09-20T11:53:36.910358+00:00,1f59f317f6bf1128dd89b7e15750d6c629bb719c,0a4e9e8cde4cfaa4031ac83f9587e0198429f5181a630b3cf3f092a3b7458ed4,3369a1508281082433c78fe0083966801b3d7085c521919558dc1265ecbee42f,streaming-long-csv-v1,blocked,ETTh2,256,336,42,0.005,49,0.004969070074029003,9861,True,raw_coverage_much_larger_than_window_rate
1.0,2026-09-20T11:53:36.910358+00:00,1f59f317f6bf1128dd89b7e15750d6c629bb719c,0a4e9e8cde4cfaa4031ac83f9587e0198429f5181a630b3cf3f092a3b7458ed4,3369a1508281082433c78fe0083966801b3d7085c521919558dc1265ecbee42f,streaming-long-csv-v1,blocked,ETTh2,256,336,42,0.01,98,0.009938140148058007,9861,True,raw_coverage_much_larger_than_window_rate
1.0,2026-09-20T11:53:36.910358+00:00,1f59f317f6bf1128dd89b7e15750d6c629bb719c,0a4e9e8cde4cfaa4031ac83f9587e0198429f5181a630b3cf3f092a3b7458ed4,3369a1508281082433c78fe0083966801b3d7085c521919558dc1265ecbee42f,streaming-long-csv-v1,blocked,ETTh2,256,336,42,0.02,197,0.019977689889463544,9861,True,raw_coverage_much_larger_than_window_rate;high_window_overlap
1.0,2026-09-20T11:53:36.910358+00:00,1f59f317f6bf1128dd89b7e15750d6c629bb719c,0a4e9e8cde4cfaa4031ac83f9587e0198429f5181a630b3cf3f092a3b7458ed4,3369a1508281082433c78fe0083966801b3d7085c521919558dc1265ecbee42f,streaming-long-csv-v1,blocked,ETTh2,256,336,42,0.05,493,0.049994929520332625,9861,True,raw_coverage_much_larger_than_window_rate;high_window_overlap
1.0,2026-09-20T11:53:36.910358+00:00,1f59f317f6bf1128dd89b7e15750d6c629bb719c,0a4e9e8cde4cfaa4031ac83f9587e0198429f5181a630b3cf3f092a3b7458ed4,3369a1508281082433c78fe0083966801b3d7085c521919558dc1265ecbee42f,streaming-long-csv-v1,blocked,ETTh2,256,336,42,0.1,986,0.09998985904066525,9861,True,raw_coverage_much_larger_than_window_rate;high_window_overlap
1.0,2026-09-20T11:53:36.910358+00:00,1f59f317f6bf1128dd89b7e15750d6c629bb719c,0a4e9e8cde4cfaa4031ac83f9587e0198429f5181a630b3cf3f092a3b7458ed4,3369a1508281082433c78fe0083966801b3d7085c521919558dc1265ecbee42f,streaming-long-csv-v1,blocked,ETTh2,256,336,42,0.2,1972,0.1999797180813305,9861,True,high_window_overlap
1.0,2026-09-20T11:53:36.910358+00:00,1f59f317f6bf1128dd89b7e15750d6c629bb719c,0a4e9e8cde4cfaa4031ac83f9587e0198429f5181a630b3cf3f092a3b7458ed4,3369a1508281082433c78fe0083966801b3d7085c521919558dc1265ecbee42f,streaming-long-csv-v1,blocked,ETTh2,256,336,42,0.5,4930,0.49994929520332626,9861,True,high_window_overlap
1.0,2026-09-20T11:53:36.910358+00:00,1f59f317f6bf1128dd89b7e15750d6c629bb719c,0a4e9e8cde4cfaa4031ac83f9587e0198429f5181a630b3cf3f092a3b7458ed4,3369a1508281082433c78fe0083966801b3d7085c521919558dc1265ecbee42f,streaming-long-csv-v1,blocked,ETTh2,256,336,42,1.0,9861,1.0,9861,True,high_window_overlap
1.0,2026-09-20T11:53:36.910358+00:00,1f59f317f6bf1128dd89b7e15750d6c629bb719c,0a4e9e8cde4cfaa4031ac83f9587e0198429f5181a630b3cf3f092a3b7458ed4,3369a1508281082433c78fe0083966801b3d7085c521919558dc1265ecbee42f,streaming-long-csv-v1,blocked,ETTh2,256,720,42,0.0,0,0.0,9477,True,
1.0,2026-09-20T11:53:36.910358+00:00,1f59f317f6bf1128dd89b7e15750d6c629bb719c,0a4e9e8cde4cfaa4031ac83f9587e0198429f5181a630b3cf3f092a3b7458ed4,3369a1508281082433c78fe0083966801b3d7085c521919558dc1265ecbee42f,streaming-long-csv-v1,blocked,ETTh2,256,720,42,0.005,47,0.0049593753297457,9477,True,raw_coverage_much_larger_than_window_rate
1.0,2026-09-20T11:53:36.910358+00:00,1f59f317f6bf1128dd89b7e15750d6c629bb719c,0a4e9e8cde4cfaa4031ac83f9587e0198429f5181a630b3cf3f092a3b7458ed4,3369a1508281082433c78fe0083966801b3d7085c521919558dc1265ecbee42f,streaming-long-csv-v1,blocked,ETTh2,256,720,42,0.01,94,0.0099187506594914,9477,True,raw_coverage_much_larger_than_window_rate
1.0,2026-09-20T11:53:36.910358+00:00,1f59f317f6bf1128dd89b7e15750d6c629bb719c,0a4e9e8cde4cfaa4031ac83f9587e0198429f5181a630b3cf3f092a3b7458ed4,3369a1508281082433c78fe0083966801b3d7085c521919558dc1265ecbee42f,streaming-long-csv-v1,blocked,ETTh2,256,720,42,0.02,189,0.019943019943019943,9477,True,raw_coverage_much_larger_than_window_rate;high_window_overlap
1.0,2026-09-20T11:53:36.910358+00:00,1f59f317f6bf1128dd89b7e15750d6c629bb719c,0a4e9e8cde4cfaa4031ac83f9587e0198429f5181a630b3cf3f092a3b7458ed4,3369a1508281082433c78fe0083966801b3d7085c521919558dc1265ecbee42f,streaming-long-csv-v1,blocked,ETTh2,256,720,42,0.05,473,0.04991030916956843,9477,True,raw_coverage_much_larger_than_window_rate;high_window_overlap
1.0,2026-09-20T11:53:36.910358+00:00,1f59f317f6bf1128dd89b7e15750d6c629bb719c,0a4e9e8cde4cfaa4031ac83f9587e0198429f5181a630b3cf3f092a3b7458ed4,3369a1508281082433c78fe0083966801b3d7085c521919558dc1265ecbee42f,streaming-long-csv-v1,blocked,ETTh2,256,720,42,0.1,947,0.099926136963174,9477,True,raw_coverage_much_larger_than_window_rate;high_window_overlap
1.0,2026-09-20T11:53:36.910358+00:00,1f59f317f6bf1128dd89b7e15750d6c629bb719c,0a4e9e8cde4cfaa4031ac83f9587e0198429f5181a630b3cf3f092a3b7458ed4,3369a1508281082433c78fe0083966801b3d7085c521919558dc1265ecbee42f,streaming-long-csv-v1,blocked,ETTh2,256,720,42,0.2,1895,0.19995779255038515,9477,True,high_window_overlap
1.0,2026-09-20T11:53:36.910358+00:00,1f59f317f6bf1128dd89b7e15750d6c629bb719c,0a4e9e8cde4cfaa4031ac83f9587e0198429f5181a630b3cf3f092a3b7458ed4,3369a1508281082433c78fe0083966801b3d7085c521919558dc1265ecbee42f,streaming-long-csv-v1,blocked,ETTh2,256,720,42,0.5,4738,0.4999472406879814,9477,True,high_window_overlap
1.0,2026-09-20T11:53:36.910358+00:00,1f59f317f6bf1128dd89b7e15750d6c629bb719c,0a4e9e8cde4cfaa4031ac83f9587e0198429f5181a630b3cf3f092a3b7458ed4,3369a1508281082433c78fe0083966801b3d7085c521919558dc1265ecbee42f,streaming-long-csv-v1,blocked,ETTh2,256,720,42,1.0,9477,1.0,9477,True,high_window_overlap
1.0,2026-09-20T11:53:36.910358+00:00,1f59f317f6bf1128dd89b7e15750d6c629bb719c,0a4e9e8cde4cfaa4031ac83f9587e0198429f5181a630b3cf3f092a3b7458ed4,3369a1508281082433c78fe0083966801b3d7085c521919558dc1265ecbee42f,streaming-long-csv-v1,blocked,ETTh2,512,96,42,0.0,0,0.0,9845,True,
1.0,2026-09-20T11:53:36.910358+00:00,1f59f317f6bf1128dd89b7e15750d6c629bb719c,0a4e9e8cde4cfaa4031ac83f9587e0198429f5181a630b3cf3f092a3b7458ed4,3369a1508281082433c78fe0083966801b3d7085c521919558dc1265ecbee42f,streaming-long-csv-v1,blocked,ETTh2,512,96,42,0.005,49,0.004977145759268664,9845,True,raw_coverage_much_larger_than_window_rate
1.0,2026-09-20T11:53:36.910358+00:00,1f59f317f6bf1128dd89b7e15750d6c629bb719c,0a4e9e8cde4cfaa4031ac83f9587e0198429f5181a630b3cf3f092a3b7458ed4,3369a1508281082433c78fe0083966801b3d7085c521919558dc1265ecbee42f,streaming-long-csv-v1,blocked,ETTh2,512,96,42,0.01,98,0.009954291518537328,9845,True,raw_coverage_much_larger_than_window_rate
1.0,2026-09-20T11:53:36.910358+00:00,1f59f317f6bf1128dd89b7e15750d6c629bb719c,0a4e9e8cde4cfaa4031ac83f9587e0198429f5181a630b3cf3f092a3b7458ed4,3369a1508281082433c78fe0083966801b3d7085c521919558dc1265ecbee42f,streaming-long-csv-v1,blocked,ETTh2,512,96,42,0.02,196,0.019908583037074656,9845,True,raw_coverage_much_larger_than_window_rate;high_window_overlap
1.0,2026-09-20T11:53:36.910358+00:00,1f59f317f6bf1128dd89b7e15750d6c629bb719c,0a4e9e8cde4cfaa4031ac83f9587e0198429f5181a630b3cf3f092a3b7458ed4,3369a1508281082433c78fe0083966801b3d7085c521919558dc1265ecbee42f,streaming-long-csv-v1,blocked,ETTh2,512,96,42,0.05,492,0.0499746063991874,9845,True,raw_coverage_much_larger_than_window_rate;high_window_overlap
1.0,2026-09-20T11:53:36.910358+00:00,1f59f317f6bf1128dd89b7e15750d6c629bb719c,0a4e9e8cde4cfaa4031ac83f9587e0198429f5181a630b3cf3f092a3b7458ed4,3369a1508281082433c78fe0083966801b3d7085c521919558dc1265ecbee42f,streaming-long-csv-v1,blocked,ETTh2,512,96,42,0.1,984,0.0999492127983748,9845,True,raw_coverage_much_larger_than_window_rate;high_window_overlap
1.0,2026-09-20T11:53:36.910358+00:00,1f59f317f6bf1128dd89b7e15750d6c629bb719c,0a4e9e8cde4cfaa4031ac83f9587e0198429f5181a630b3cf3f092a3b7458ed4,3369a1508281082433c78fe0083966801b3d7085c521919558dc1265ecbee42f,streaming-long-csv-v1,blocked,ETTh2,512,96,42,0.2,1969,0.2,9845,True,high_window_overlap
1.0,2026-09-20T11:53:36.910358+00:00,1f59f317f6bf1128dd89b7e15750d6c629bb719c,0a4e9e8cde4cfaa4031ac83f9587e0198429f5181a630b3cf3f092a3b7458ed4,3369a1508281082433c78fe0083966801b3d7085c521919558dc1265ecbee42f,streaming-long-csv-v1,blocked,ETTh2,512,96,42,0.5,4922,0.4999492127983748,9845,True,high_window_overlap
1.0,2026-09-20T11:53:36.910358+00:00,1f59f317f6bf1128dd89b7e15750d6c629bb719c,0a4e9e8cde4cfaa4031ac83f9587e0198429f5181a630b3cf3f092a3b7458ed4,3369a1508281082433c78fe0083966801b3d7085c521919558dc1265ecbee42f,streaming-long-csv-v1,blocked,ETTh2,512,96,42,1.0,9845,1.0,9845,True,high_window_overlap
1.0,2026-09-20T11:53:36.910358+00:00,1f59f317f6bf1128dd89b7e15750d6c629bb719c,0a4e9e8cde4cfaa4031ac83f9587e0198429f5181a630b3cf3f092a3b7458ed4,3369a1508281082433c78fe0083966801b3d7085c521919558dc1265ecbee42f,streaming-long-csv-v1,blocked,ETTh2,512,192,42,0.0,0,0.0,9749,True,
1.0,2026-09-20T11:53:36.910358+00:00,1f59f317f6bf1128dd89b7e15750d6c629bb719c,0a4e9e8cde4cfaa4031ac83f9587e0198429f5181a630b3cf3f092a3b7458ed4,3369a1508281082433c78fe0083966801b3d7085c521919558dc1265ecbee42f,streaming-long-csv-v1,blocked,ETTh2,512,192,42,0.005,48,0.004923581905836496,9749,True,raw_coverage_much_larger_than_window_rate
1.0,2026-09-20T11:53:36.910358+00:00,1f59f317f6bf1128dd89b7e15750d6c629bb719c,0a4e9e8cde4cfaa4031ac83f9587e0198429f5181a630b3cf3f092a3b7458ed4,3369a1508281082433c78fe0083966801b3d7085c521919558dc1265ecbee42f,streaming-long-csv-v1,blocked,ETTh2,512,192,42,0.01,97,0.009949738434711253,9749,True,raw_coverage_much_larger_than_window_rate
1.0,2026-09-20T11:53:36.910358+00:00,1f59f317f6bf1128dd89b7e15750d6c629bb719c,0a4e9e8cde4cfaa4031ac83f9587e0198429f5181a630b3cf3f092a3b7458ed4,3369a1508281082433c78fe0083966801b3d7085c521919558dc1265ecbee42f,streaming-long-csv-v1,blocked,ETTh2,512,192,42,0.02,194,0.019899476869422505,9749,True,raw_coverage_much_larger_than_window_rate;high_window_overlap
1.0,2026-09-20T11:53:36.910358+00:00,1f59f317f6bf1128dd89b7e15750d6c629bb719c,0a4e9e8cde4cfaa4031ac83f9587e0198429f5181a630b3cf3f092a3b7458ed4,3369a1508281082433c78fe0083966801b3d7085c521919558dc1265ecbee42f,streaming-long-csv-v1,blocked,ETTh2,512,192,42,0.05,487,0.049953841419632786,9749,True,raw_coverage_much_larger_than_window_rate;high_window_overlap
1.0,2026-09-20T11:53:36.910358+00:00,1f59f317f6bf1128dd89b7e15750d6c629bb719c,0a4e9e8cde4cfaa4031ac83f9587e0198429f5181a630b3cf3f092a3b7458ed4,3369a1508281082433c78fe0083966801b3d7085c521919558dc1265ecbee42f,streaming-long-csv-v1,blocked,ETTh2,512,192,42,0.1,974,0.09990768283926557,9749,True,raw_coverage_much_larger_than_window_rate;high_window_overlap
1.0,2026-09-20T11:53:36.910358+00:00,1f59f317f6bf1128dd89b7e15750d6c629bb719c,0a4e9e8cde4cfaa4031ac83f9587e0198429f5181a630b3cf3f092a3b7458ed4,3369a1508281082433c78fe0083966801b3d7085c521919558dc1265ecbee42f,streaming-long-csv-v1,blocked,ETTh2,512,192,42,0.2,1949,0.1999179403015694,9749,True,high_window_overlap
1.0,2026-09-20T11:53:36.910358+00:00,1f59f317f6bf1128dd89b7e15750d6c629bb719c,0a4e9e8cde4cfaa4031ac83f9587e0198429f5181a630b3cf3f092a3b7458ed4,3369a1508281082433c78fe0083966801b3d7085c521919558dc1265ecbee42f,streaming-long-csv-v1,blocked,ETTh2,512,192,42,0.5,4874,0.49994871268848085,9749,True,high_window_overlap
1.0,2026-09-20T11:53:36.910358+00:00,1f59f317f6bf1128dd89b7e15750d6c629bb719c,0a4e9e8cde4cfaa4031ac83f9587e0198429f5181a630b3cf3f092a3b7458ed4,3369a1508281082433c78fe0083966801b3d7085c521919558dc1265ecbee42f,streaming-long-csv-v1,blocked,ETTh2,512,192,42,1.0,9749,1.0,9749,True,high_window_overlap
1.0,2026-09-20T11:53:36.910358+00:00,1f59f317f6bf1128dd89b7e15750d6c629bb719c,0a4e9e8cde4cfaa4031ac83f9587e0198429f5181a630b3cf3f092a3b7458ed4,3369a1508281082433c78fe0083966801b3d7085c521919558dc1265ecbee42f,streaming-long-csv-v1,blocked,ETTh2,512,336,42,0.0,0,0.0,9605,True,
1.0,2026-09-20T11:53:36.910358+00:00,1f59f317f6bf1128dd89b7e15750d6c629bb719c,0a4e9e8cde4cfaa4031ac83f9587e0198429f5181a630b3cf3f092a3b7458ed4,3369a1508281082433c78fe0083966801b3d7085c521919558dc1265ecbee42f,streaming-long-csv-v1,blocked,ETTh2,512,336,42,0.005,48,0.004997397188964081,9605,True,raw_coverage_much_larger_than_window_rate
1.0,2026-09-20T11:53:36.910358+00:00,1f59f317f6bf1128dd89b7e15750d6c629bb719c,0a4e9e8cde4cfaa4031ac83f9587e0198429f5181a630b3cf3f092a3b7458ed4,3369a1508281082433c78fe0083966801b3d7085c521919558dc1265ecbee42f,streaming-long-csv-v1,blocked,ETTh2,512,336,42,0.01,96,0.009994794377928162,9605,True,raw_coverage_much_larger_than_window_rate
1.0,2026-09-20T11:53:36.910358+00:00,1f59f317f6bf1128dd89b7e15750d6c629bb719c,0a4e9e8cde4cfaa4031ac83f9587e0198429f5181a630b3cf3f092a3b7458ed4,3369a1508281082433c78fe0083966801b3d7085c521919558dc1265ecbee42f,streaming-long-csv-v1,blocked,ETTh2,512,336,42,0.02,192,0.019989588755856325,9605,True,raw_coverage_much_larger_than_window_rate;high_window_overlap
1.0,2026-09-20T11:53:36.910358+00:00,1f59f317f6bf1128dd89b7e15750d6c629bb719c,0a4e9e8cde4cfaa4031ac83f9587e0198429f5181a630b3cf3f092a3b7458ed4,3369a1508281082433c78fe0083966801b3d7085c521919558dc1265ecbee42f,streaming-long-csv-v1,blocked,ETTh2,512,336,42,0.05,480,0.04997397188964081,9605,True,raw_coverage_much_larger_than_window_rate;high_window_overlap
1.0,2026-09-20T11:53:36.910358+00:00,1f59f317f6bf1128dd89b7e15750d6c629bb719c,0a4e9e8cde4cfaa4031ac83f9587e0198429f5181a630b3cf3f092a3b7458ed4,3369a1508281082433c78fe0083966801b3d7085c521919558dc1265ecbee42f,streaming-long-csv-v1,blocked,ETTh2,512,336,42,0.1,960,0.09994794377928162,9605,True,raw_coverage_much_larger_than_window_rate;high_window_overlap
1.0,2026-09-20T11:53:36.910358+00:00,1f59f317f6bf1128dd89b7e15750d6c629bb719c,0a4e9e8cde4cfaa4031ac83f9587e0198429f5181a630b3cf3f092a3b7458ed4,3369a1508281082433c78fe0083966801b3d7085c521919558dc1265ecbee42f,streaming-long-csv-v1,blocked,ETTh2,512,336,42,0.2,1921,0.2,9605,True,high_window_overlap
1.0,2026-09-20T11:53:36.910358+00:00,1f59f317f6bf1128dd89b7e15750d6c629bb719c,0a4e9e8cde4cfaa4031ac83f9587e0198429f5181a630b3cf3f092a3b7458ed4,3369a1508281082433c78fe0083966801b3d7085c521919558dc1265ecbee42f,streaming-long-csv-v1,blocked,ETTh2,512,336,42,0.5,4802,0.49994794377928164,9605,True,high_window_overlap
1.0,2026-09-20T11:53:36.910358+00:00,1f59f317f6bf1128dd89b7e15750d6c629bb719c,0a4e9e8cde4cfaa4031ac83f9587e0198429f5181a630b3cf3f092a3b7458ed4,3369a1508281082433c78fe0083966801b3d7085c521919558dc1265ecbee42f,streaming-long-csv-v1,blocked,ETTh2,512,336,42,1.0,9605,1.0,9605,True,high_window_overlap
1.0,2026-09-20T11:53:36.910358+00:00,1f59f317f6bf1128dd89b7e15750d6c629bb719c,0a4e9e8cde4cfaa4031ac83f9587e0198429f5181a630b3cf3f092a3b7458ed4,3369a1508281082433c78fe0083966801b3d7085c521919558dc1265ecbee42f,streaming-long-csv-v1,blocked,ETTh2,512,720,42,0.0,0,0.0,9221,True,
1.0,2026-09-20T11:53:36.910358+00:00,1f59f317f6bf1128dd89b7e15750d6c629bb719c,0a4e9e8cde4cfaa4031ac83f9587e0198429f5181a630b3cf3f092a3b7458ed4,3369a1508281082433c78fe0083966801b3d7085c521919558dc1265ecbee42f,streaming-long-csv-v1,blocked,ETTh2,512,720,42,0.005,46,0.004988612948704045,9221,True,raw_coverage_much_larger_than_window_rate
1.0,2026-09-20T11:53:36.910358+00:00,1f59f317f6bf1128dd89b7e15750d6c629bb719c,0a4e9e8cde4cfaa4031ac83f9587e0198429f5181a630b3cf3f092a3b7458ed4,3369a1508281082433c78fe0083966801b3d7085c521919558dc1265ecbee42f,streaming-long-csv-v1,blocked,ETTh2,512,720,42,0.01,92,0.00997722589740809,9221,True,raw_coverage_much_larger_than_window_rate;high_window_overlap
1.0,2026-09-20T11:53:36.910358+00:00,1f59f317f6bf1128dd89b7e15750d6c629bb719c,0a4e9e8cde4cfaa4031ac83f9587e0198429f5181a630b3cf3f092a3b7458ed4,3369a1508281082433c78fe0083966801b3d7085c521919558dc1265ecbee42f,streaming-long-csv-v1,blocked,ETTh2,512,720,42,0.02,184,0.01995445179481618,9221,True,raw_coverage_much_larger_than_window_rate;high_window_overlap
1.0,2026-09-20T11:53:36.910358+00:00,1f59f317f6bf1128dd89b7e15750d6c629bb719c,0a4e9e8cde4cfaa4031ac83f9587e0198429f5181a630b3cf3f092a3b7458ed4,3369a1508281082433c78fe0083966801b3d7085c521919558dc1265ecbee42f,streaming-long-csv-v1,blocked,ETTh2,512,720,42,0.05,461,0.049994577594620976,9221,True,raw_coverage_much_larger_than_window_rate;high_window_overlap
1.0,2026-09-20T11:53:36.910358+00:00,1f59f317f6bf1128dd89b7e15750d6c629bb719c,0a4e9e8cde4cfaa4031ac83f9587e0198429f5181a630b3cf3f092a3b7458ed4,3369a1508281082433c78fe0083966801b3d7085c521919558dc1265ecbee42f,streaming-long-csv-v1,blocked,ETTh2,512,720,42,0.1,922,0.09998915518924195,9221,True,raw_coverage_much_larger_than_window_rate;high_window_overlap
1.0,2026-09-20T11:53:36.910358+00:00,1f59f317f6bf1128dd89b7e15750d6c629bb719c,0a4e9e8cde4cfaa4031ac83f9587e0198429f5181a630b3cf3f092a3b7458ed4,3369a1508281082433c78fe0083966801b3d7085c521919558dc1265ecbee42f,streaming-long-csv-v1,blocked,ETTh2,512,720,42,0.2,1844,0.1999783103784839,9221,True,high_window_overlap
1.0,2026-09-20T11:53:36.910358+00:00,1f59f317f6bf1128dd89b7e15750d6c629bb719c,0a4e9e8cde4cfaa4031ac83f9587e0198429f5181a630b3cf3f092a3b7458ed4,3369a1508281082433c78fe0083966801b3d7085c521919558dc1265ecbee42f,streaming-long-csv-v1,blocked,ETTh2,512,720,42,0.5,4610,0.49994577594620976,9221,True,high_window_overlap
1.0,2026-09-20T11:53:36.910358+00:00,1f59f317f6bf1128dd89b7e15750d6c629bb719c,0a4e9e8cde4cfaa4031ac83f9587e0198429f5181a630b3cf3f092a3b7458ed4,3369a1508281082433c78fe0083966801b3d7085c521919558dc1265ecbee42f,streaming-long-csv-v1,blocked,ETTh2,512,720,42,1.0,9221,1.0,9221,True,high_window_overlap
1.0,2026-09-20T11:53:36.910358+00:00,1f59f317f6bf1128dd89b7e15750d6c629bb719c,114c044d49487a1dcc2c275f64bde9ab449355eae6031569002f96a2af22461e,3369a1508281082433c78fe0083966801b3d7085c521919558dc1265ecbee42f,streaming-long-csv-v1,blocked,ETTm1,256,96,42,0.0,0,0.0,41457,True,
1.0,2026-09-20T11:53:36.910358+00:00,1f59f317f6bf1128dd89b7e15750d6c629bb719c,114c044d49487a1dcc2c275f64bde9ab449355eae6031569002f96a2af22461e,3369a1508281082433c78fe0083966801b3d7085c521919558dc1265ecbee42f,streaming-long-csv-v1,blocked,ETTm1,256,96,42,0.005,207,0.004993125407048267,41457,True,raw_coverage_much_larger_than_window_rate
1.0,2026-09-20T11:53:36.910358+00:00,1f59f317f6bf1128dd89b7e15750d6c629bb719c,114c044d49487a1dcc2c275f64bde9ab449355eae6031569002f96a2af22461e,3369a1508281082433c78fe0083966801b3d7085c521919558dc1265ecbee42f,streaming-long-csv-v1,blocked,ETTm1,256,96,42,0.01,414,0.009986250814096534,41457,True,raw_coverage_much_larger_than_window_rate
1.0,2026-09-20T11:53:36.910358+00:00,1f59f317f6bf1128dd89b7e15750d6c629bb719c,114c044d49487a1dcc2c275f64bde9ab449355eae6031569002f96a2af22461e,3369a1508281082433c78fe0083966801b3d7085c521919558dc1265ecbee42f,streaming-long-csv-v1,blocked,ETTm1,256,96,42,0.02,829,0.019996623006971078,41457,True,raw_coverage_much_larger_than_window_rate
1.0,2026-09-20T11:53:36.910358+00:00,1f59f317f6bf1128dd89b7e15750d6c629bb719c,114c044d49487a1dcc2c275f64bde9ab449355eae6031569002f96a2af22461e,3369a1508281082433c78fe0083966801b3d7085c521919558dc1265ecbee42f,streaming-long-csv-v1,blocked,ETTm1,256,96,42,0.05,2072,0.04997949682803869,41457,True,raw_coverage_much_larger_than_window_rate;high_window_overlap
1.0,2026-09-20T11:53:36.910358+00:00,1f59f317f6bf1128dd89b7e15750d6c629bb719c,114c044d49487a1dcc2c275f64bde9ab449355eae6031569002f96a2af22461e,3369a1508281082433c78fe0083966801b3d7085c521919558dc1265ecbee42f,streaming-long-csv-v1,blocked,ETTm1,256,96,42,0.1,4145,0.0999831150348554,41457,True,raw_coverage_much_larger_than_window_rate;high_window_overlap
1.0,2026-09-20T11:53:36.910358+00:00,1f59f317f6bf1128dd89b7e15750d6c629bb719c,114c044d49487a1dcc2c275f64bde9ab449355eae6031569002f96a2af22461e,3369a1508281082433c78fe0083966801b3d7085c521919558dc1265ecbee42f,streaming-long-csv-v1,blocked,ETTm1,256,96,42,0.2,8291,0.19999035144848878,41457,True,high_window_overlap
1.0,2026-09-20T11:53:36.910358+00:00,1f59f317f6bf1128dd89b7e15750d6c629bb719c,114c044d49487a1dcc2c275f64bde9ab449355eae6031569002f96a2af22461e,3369a1508281082433c78fe0083966801b3d7085c521919558dc1265ecbee42f,streaming-long-csv-v1,blocked,ETTm1,256,96,42,0.5,20728,0.499987939310611,41457,True,high_window_overlap
1.0,2026-09-20T11:53:36.910358+00:00,1f59f317f6bf1128dd89b7e15750d6c629bb719c,114c044d49487a1dcc2c275f64bde9ab449355eae6031569002f96a2af22461e,3369a1508281082433c78fe0083966801b3d7085c521919558dc1265ecbee42f,streaming-long-csv-v1,blocked,ETTm1,256,96,42,1.0,41457,1.0,41457,True,high_window_overlap
1.0,2026-09-20T11:53:36.910358+00:00,1f59f317f6bf1128dd89b7e15750d6c629bb719c,114c044d49487a1dcc2c275f64bde9ab449355eae6031569002f96a2af22461e,3369a1508281082433c78fe0083966801b3d7085c521919558dc1265ecbee42f,streaming-long-csv-v1,blocked,ETTm1,256,192,42,0.0,0,0.0,41361,True,
1.0,2026-09-20T11:53:36.910358+00:00,1f59f317f6bf1128dd89b7e15750d6c629bb719c,114c044d49487a1dcc2c275f64bde9ab449355eae6031569002f96a2af22461e,3369a1508281082433c78fe0083966801b3d7085c521919558dc1265ecbee42f,streaming-long-csv-v1,blocked,ETTm1,256,192,42,0.005,206,0.0049805372210536495,41361,True,raw_coverage_much_larger_than_window_rate
1.0,2026-09-20T11:53:36.910358+00:00,1f59f317f6bf1128dd89b7e15750d6c629bb719c,114c044d49487a1dcc2c275f64bde9ab449355eae6031569002f96a2af22461e,3369a1508281082433c78fe0083966801b3d7085c521919558dc1265ecbee42f,streaming-long-csv-v1,blocked,ETTm1,256,192,42,0.01,413,0.009985251807258046,41361,True,raw_coverage_much_larger_than_window_rate
1.0,2026-09-20T11:53:36.910358+00:00,1f59f317f6bf1128dd89b7e15750d6c629bb719c,114c044d49487a1dcc2c275f64bde9ab449355eae6031569002f96a2af22461e,3369a1508281082433c78fe0083966801b3d7085c521919558dc1265ecbee42f,streaming-long-csv-v1,blocked,ETTm1,256,192,42,0.02,827,0.019994680979666835,41361,True,raw_coverage_much_larger_than_window_rate
1.0,2026-09-20T11:53:36.910358+00:00,1f59f317f6bf1128dd89b7e15750d6c629bb719c,114c044d49487a1dcc2c275f64bde9ab449355eae6031569002f96a2af22461e,3369a1508281082433c78fe0083966801b3d7085c521919558dc1265ecbee42f,streaming-long-csv-v1,blocked,ETTm1,256,192,42,0.05,2068,0.049998791131742465,41361,True,raw_coverage_much_larger_than_window_rate;high_window_overlap
1.0,2026-09-20T11:53:36.910358+00:00,1f59f317f6bf1128dd89b7e15750d6c629bb719c,114c044d49487a1dcc2c275f64bde9ab449355eae6031569002f96a2af22461e,3369a1508281082433c78fe0083966801b3d7085c521919558dc1265ecbee42f,streaming-long-csv-v1,blocked,ETTm1,256,192,42,0.1,4136,0.09999758226348493,41361,True,raw_coverage_much_larger_than_window_rate;high_window_overlap
1.0,2026-09-20T11:53:36.910358+00:00,1f59f317f6bf1128dd89b7e15750d6c629bb719c,114c044d49487a1dcc2c275f64bde9ab449355eae6031569002f96a2af22461e,3369a1508281082433c78fe0083966801b3d7085c521919558dc1265ecbee42f,streaming-long-csv-v1,blocked,ETTm1,256,192,42,0.2,8272,0.19999516452696986,41361,True,high_window_overlap
1.0,2026-09-20T11:53:36.910358+00:00,1f59f317f6bf1128dd89b7e15750d6c629bb719c,114c044d49487a1dcc2c275f64bde9ab449355eae6031569002f96a2af22461e,3369a1508281082433c78fe0083966801b3d7085c521919558dc1265ecbee42f,streaming-long-csv-v1,blocked,ETTm1,256,192,42,0.5,20680,0.49998791131742465,41361,True,high_window_overlap
1.0,2026-09-20T11:53:36.910358+00:00,1f59f317f6bf1128dd89b7e15750d6c629bb719c,114c044d49487a1dcc2c275f64bde9ab449355eae6031569002f96a2af22461e,3369a1508281082433c78fe0083966801b3d7085c521919558dc1265ecbee42f,streaming-long-csv-v1,blocked,ETTm1,256,192,42,1.0,41361,1.0,41361,True,high_window_overlap
1.0,2026-09-20T11:53:36.910358+00:00,1f59f317f6bf1128dd89b7e15750d6c629bb719c,114c044d49487a1dcc2c275f64bde9ab449355eae6031569002f96a2af22461e,3369a1508281082433c78fe0083966801b3d7085c521919558dc1265ecbee42f,streaming-long-csv-v1,blocked,ETTm1,256,336,42,0.0,0,0.0,41217,True,
1.0,2026-09-20T11:53:36.910358+00:00,1f59f317f6bf1128dd89b7e15750d6c629bb719c,114c044d49487a1dcc2c275f64bde9ab449355eae6031569002f96a2af22461e,3369a1508281082433c78fe0083966801b3d7085c521919558dc1265ecbee42f,streaming-long-csv-v1,blocked,ETTm1,256,336,42,0.005,206,0.004997937744134702,41217,True,raw_coverage_much_larger_than_window_rate
1.0,2026-09-20T11:53:36.910358+00:00,1f59f317f6bf1128dd89b7e15750d6c629bb719c,114c044d49487a1dcc2c275f64bde9ab449355eae6031569002f96a2af22461e,3369a1508281082433c78fe0083966801b3d7085c521919558dc1265ecbee42f,streaming-long-csv-v1,blocked,ETTm1,256,336,42,0.01,412,0.009995875488269404,41217,True,raw_coverage_much_larger_than_window_rate
1.0,2026-09-20T11:53:36.910358+00:00,1f59f317f6bf1128dd89b7e15750d6c629bb719c,114c044d49487a1dcc2c275f64bde9ab449355eae6031569002f96a2af22461e,3369a1508281082433c78fe0083966801b3d7085c521919558dc1265ecbee42f,streaming-long-csv-v1,blocked,ETTm1,256,336,42,0.02,824,0.019991750976538807,41217,True,raw_coverage_much_larger_than_window_rate;high_window_overlap
1.0,2026-09-20T11:53:36.910358+00:00,1f59f317f6bf1128dd89b7e15750d6c629bb719c,114c044d49487a1dcc2c275f64bde9ab449355eae6031569002f96a2af22461e,3369a1508281082433c78fe0083966801b3d7085c521919558dc1265ecbee42f,streaming-long-csv-v1,blocked,ETTm1,256,336,42,0.05,2060,0.04997937744134702,41217,True,raw_coverage_much_larger_than_window_rate;high_window_overlap
1.0,2026-09-20T11:53:36.910358+00:00,1f59f317f6bf1128dd89b7e15750d6c629bb719c,114c044d49487a1dcc2c275f64bde9ab449355eae6031569002f96a2af22461e,3369a1508281082433c78fe0083966801b3d7085c521919558dc1265ecbee42f,streaming-long-csv-v1,blocked,ETTm1,256,336,42,0.1,4121,0.09998301671640343,41217,True,raw_coverage_much_larger_than_window_rate;high_window_overlap
1.0,2026-09-20T11:53:36.910358+00:00,1f59f317f6bf1128dd89b7e15750d6c629bb719c,114c044d49487a1dcc2c275f64bde9ab449355eae6031569002f96a2af22461e,3369a1508281082433c78fe0083966801b3d7085c521919558dc1265ecbee42f,streaming-long-csv-v1,blocked,ETTm1,256,336,42,0.2,8243,0.19999029526651624,41217,True,high_window_overlap
1.0,2026-09-20T11:53:36.910358+00:00,1f59f317f6bf1128dd89b7e15750d6c629bb719c,114c044d49487a1dcc2c275f64bde9ab449355eae6031569002f96a2af22461e,3369a1508281082433c78fe0083966801b3d7085c521919558dc1265ecbee42f,streaming-long-csv-v1,blocked,ETTm1,256,336,42,0.5,20608,0.4999878690831453,41217,True,high_window_overlap
1.0,2026-09-20T11:53:36.910358+00:00,1f59f317f6bf1128dd89b7e15750d6c629bb719c,114c044d49487a1dcc2c275f64bde9ab449355eae6031569002f96a2af22461e,3369a1508281082433c78fe0083966801b3d7085c521919558dc1265ecbee42f,streaming-long-csv-v1,blocked,ETTm1,256,336,42,1.0,41217,1.0,41217,True,high_window_overlap
1.0,2026-09-20T11:53:36.910358+00:00,1f59f317f6bf1128dd89b7e15750d6c629bb719c,114c044d49487a1dcc2c275f64bde9ab449355eae6031569002f96a2af22461e,3369a1508281082433c78fe0083966801b3d7085c521919558dc1265ecbee42f,streaming-long-csv-v1,blocked,ETTm1,256,720,42,0.0,0,0.0,40833,True,
1.0,2026-09-20T11:53:36.910358+00:00,1f59f317f6bf1128dd89b7e15750d6c629bb719c,114c044d49487a1dcc2c275f64bde9ab449355eae6031569002f96a2af22461e,3369a1508281082433c78fe0083966801b3d7085c521919558dc1265ecbee42f,streaming-long-csv-v1,blocked,ETTm1,256,720,42,0.005,204,0.004995959150686944,40833,True,raw_coverage_much_larger_than_window_rate
1.0,2026-09-20T11:53:36.910358+00:00,1f59f317f6bf1128dd89b7e15750d6c629bb719c,114c044d49487a1dcc2c275f64bde9ab449355eae6031569002f96a2af22461e,3369a1508281082433c78fe0083966801b3d7085c521919558dc1265ecbee42f,streaming-long-csv-v1,blocked,ETTm1,256,720,42,0.01,408,0.009991918301373888,40833,True,raw_coverage_much_larger_than_window_rate
1.0,2026-09-20T11:53:36.910358+00:00,1f59f317f6bf1128dd89b7e15750d6c629bb719c,114c044d49487a1dcc2c275f64bde9ab449355eae6031569002f96a2af22461e,3369a1508281082433c78fe0083966801b3d7085c521919558dc1265ecbee42f,streaming-long-csv-v1,blocked,ETTm1,256,720,42,0.02,816,0.019983836602747777,40833,True,raw_coverage_much_larger_than_window_rate;high_window_overlap
1.0,2026-09-20T11:53:36.910358+00:00,1f59f317f6bf1128dd89b7e15750d6c629bb719c,114c044d49487a1dcc2c275f64bde9ab449355eae6031569002f96a2af22461e,3369a1508281082433c78fe0083966801b3d7085c521919558dc1265ecbee42f,streaming-long-csv-v1,blocked,ETTm1,256,720,42,0.05,2041,0.04998408150270615,40833,True,raw_coverage_much_larger_than_window_rate;high_window_overlap
1.0,2026-09-20T11:53:36.910358+00:00,1f59f317f6bf1128dd89b7e15750d6c629bb719c,114c044d49487a1dcc2c275f64bde9ab449355eae6031569002f96a2af22461e,3369a1508281082433c78fe0083966801b3d7085c521919558dc1265ecbee42f,streaming-long-csv-v1,blocked,ETTm1,256,720,42,0.1,4083,0.09999265300124899,40833,True,raw_coverage_much_larger_than_window_rate;high_window_overlap
1.0,2026-09-20T11:53:36.910358+00:00,1f59f317f6bf1128dd89b7e15750d6c629bb719c,114c044d49487a1dcc2c275f64bde9ab449355eae6031569002f96a2af22461e,3369a1508281082433c78fe0083966801b3d7085c521919558dc1265ecbee42f,streaming-long-csv-v1,blocked,ETTm1,256,720,42,0.2,8166,0.19998530600249798,40833,True,raw_coverage_much_larger_than_window_rate;high_window_overlap
1.0,2026-09-20T11:53:36.910358+00:00,1f59f317f6bf1128dd89b7e15750d6c629bb719c,114c044d49487a1dcc2c275f64bde9ab449355eae6031569002f96a2af22461e,3369a1508281082433c78fe0083966801b3d7085c521919558dc1265ecbee42f,streaming-long-csv-v1,blocked,ETTm1,256,720,42,0.5,20416,0.49998775500208165,40833,True,high_window_overlap
1.0,2026-09-20T11:53:36.910358+00:00,1f59f317f6bf1128dd89b7e15750d6c629bb719c,114c044d49487a1dcc2c275f64bde9ab449355eae6031569002f96a2af22461e,3369a1508281082433c78fe0083966801b3d7085c521919558dc1265ecbee42f,streaming-long-csv-v1,blocked,ETTm1,256,720,42,1.0,40833,1.0,40833,True,high_window_overlap
1.0,2026-09-20T11:53:36.910358+00:00,1f59f317f6bf1128dd89b7e15750d6c629bb719c,114c044d49487a1dcc2c275f64bde9ab449355eae6031569002f96a2af22461e,3369a1508281082433c78fe0083966801b3d7085c521919558dc1265ecbee42f,streaming-long-csv-v1,blocked,ETTm1,512,96,42,0.0,0,0.0,41201,True,
1.0,2026-09-20T11:53:36.910358+00:00,1f59f317f6bf1128dd89b7e15750d6c629bb719c,114c044d49487a1dcc2c275f64bde9ab449355eae6031569002f96a2af22461e,3369a1508281082433c78fe0083966801b3d7085c521919558dc1265ecbee42f,streaming-long-csv-v1,blocked,ETTm1,512,96,42,0.005,206,0.00499987864372224,41201,True,raw_coverage_much_larger_than_window_rate
1.0,2026-09-20T11:53:36.910358+00:00,1f59f317f6bf1128dd89b7e15750d6c629bb719c,114c044d49487a1dcc2c275f64bde9ab449355eae6031569002f96a2af22461e,3369a1508281082433c78fe0083966801b3d7085c521919558dc1265ecbee42f,streaming-long-csv-v1,blocked,ETTm1,512,96,42,0.01,412,0.00999975728744448,41201,True,raw_coverage_much_larger_than_window_rate
1.0,2026-09-20T11:53:36.910358+00:00,1f59f317f6bf1128dd89b7e15750d6c629bb719c,114c044d49487a1dcc2c275f64bde9ab449355eae6031569002f96a2af22461e,3369a1508281082433c78fe0083966801b3d7085c521919558dc1265ecbee42f,streaming-long-csv-v1,blocked,ETTm1,512,96,42,0.02,824,0.01999951457488896,41201,True,raw_coverage_much_larger_than_window_rate;high_window_overlap
1.0,2026-09-20T11:53:36.910358+00:00,1f59f317f6bf1128dd89b7e15750d6c629bb719c,114c044d49487a1dcc2c275f64bde9ab449355eae6031569002f96a2af22461e,3369a1508281082433c78fe0083966801b3d7085c521919558dc1265ecbee42f,streaming-long-csv-v1,blocked,ETTm1,512,96,42,0.05,2060,0.0499987864372224,41201,True,raw_coverage_much_larger_than_window_rate;high_window_overlap
1.0,2026-09-20T11:53:36.910358+00:00,1f59f317f6bf1128dd89b7e15750d6c629bb719c,114c044d49487a1dcc2c275f64bde9ab449355eae6031569002f96a2af22461e,3369a1508281082433c78fe0083966801b3d7085c521919558dc1265ecbee42f,streaming-long-csv-v1,blocked,ETTm1,512,96,42,0.1,4120,0.0999975728744448,41201,True,raw_coverage_much_larger_than_window_rate;high_window_overlap
1.0,2026-09-20T11:53:36.910358+00:00,1f59f317f6bf1128dd89b7e15750d6c629bb719c,114c044d49487a1dcc2c275f64bde9ab449355eae6031569002f96a2af22461e,3369a1508281082433c78fe0083966801b3d7085c521919558dc1265ecbee42f,streaming-long-csv-v1,blocked,ETTm1,512,96,42,0.2,8240,0.1999951457488896,41201,True,high_window_overlap
1.0,2026-09-20T11:53:36.910358+00:00,1f59f317f6bf1128dd89b7e15750d6c629bb719c,114c044d49487a1dcc2c275f64bde9ab449355eae6031569002f96a2af22461e,3369a1508281082433c78fe0083966801b3d7085c521919558dc1265ecbee42f,streaming-long-csv-v1,blocked,ETTm1,512,96,42,0.5,20600,0.499987864372224,41201,True,high_window_overlap
1.0,2026-09-20T11:53:36.910358+00:00,1f59f317f6bf1128dd89b7e15750d6c629bb719c,114c044d49487a1dcc2c275f64bde9ab449355eae6031569002f96a2af22461e,3369a1508281082433c78fe0083966801b3d7085c521919558dc1265ecbee42f,streaming-long-csv-v1,blocked,ETTm1,512,96,42,1.0,41201,1.0,41201,True,high_window_overlap
1.0,2026-09-20T11:53:36.910358+00:00,1f59f317f6bf1128dd89b7e15750d6c629bb719c,114c044d49487a1dcc2c275f64bde9ab449355eae6031569002f96a2af22461e,3369a1508281082433c78fe0083966801b3d7085c521919558dc1265ecbee42f,streaming-long-csv-v1,blocked,ETTm1,512,192,42,0.0,0,0.0,41105,True,
1.0,2026-09-20T11:53:36.910358+00:00,1f59f317f6bf1128dd89b7e15750d6c629bb719c,114c044d49487a1dcc2c275f64bde9ab449355eae6031569002f96a2af22461e,3369a1508281082433c78fe0083966801b3d7085c521919558dc1265ecbee42f,streaming-long-csv-v1,blocked,ETTm1,512,192,42,0.005,205,0.004987227831164092,41105,True,raw_coverage_much_larger_than_window_rate
1.0,2026-09-20T11:53:36.910358+00:00,1f59f317f6bf1128dd89b7e15750d6c629bb719c,114c044d49487a1dcc2c275f64bde9ab449355eae6031569002f96a2af22461e,3369a1508281082433c78fe0083966801b3d7085c521919558dc1265ecbee42f,streaming-long-csv-v1,blocked,ETTm1,512,192,42,0.01,411,0.00999878360296801,41105,True,raw_coverage_much_larger_than_window_rate
1.0,2026-09-20T11:53:36.910358+00:00,1f59f317f6bf1128dd89b7e15750d6c629bb719c,114c044d49487a1dcc2c275f64bde9ab449355eae6031569002f96a2af22461e,3369a1508281082433c78fe0083966801b3d7085c521919558dc1265ecbee42f,streaming-long-csv-v1,blocked,ETTm1,512,192,42,0.02,822,0.01999756720593602,41105,True,raw_coverage_much_larger_than_window_rate;high_window_overlap
1.0,2026-09-20T11:53:36.910358+00:00,1f59f317f6bf1128dd89b7e15750d6c629bb719c,114c044d49487a1dcc2c275f64bde9ab449355eae6031569002f96a2af22461e,3369a1508281082433c78fe0083966801b3d7085c521919558dc1265ecbee42f,streaming-long-csv-v1,blocked,ETTm1,512,192,42,0.05,2055,0.049993918014840044,41105,True,raw_coverage_much_larger_than_window_rate;high_window_overlap
1.0,2026-09-20T11:53:36.910358+00:00,1f59f317f6bf1128dd89b7e15750d6c629bb719c,114c044d49487a1dcc2c275f64bde9ab449355eae6031569002f96a2af22461e,3369a1508281082433c78fe0083966801b3d7085c521919558dc1265ecbee42f,streaming-long-csv-v1,blocked,ETTm1,512,192,42,0.1,4110,0.09998783602968009,41105,True,raw_coverage_much_larger_than_window_rate;high_window_overlap
1.0,2026-09-20T11:53:36.910358+00:00,1f59f317f6bf1128dd89b7e15750d6c629bb719c,114c044d49487a1dcc2c275f64bde9ab449355eae6031569002f96a2af22461e,3369a1508281082433c78fe0083966801b3d7085c521919558dc1265ecbee42f,streaming-long-csv-v1,blocked,ETTm1,512,192,42,0.2,8221,0.2,41105,True,high_window_overlap
1.0,2026-09-20T11:53:36.910358+00:00,1f59f317f6bf1128dd89b7e15750d6c629bb719c,114c044d49487a1dcc2c275f64bde9ab449355eae6031569002f96a2af22461e,3369a1508281082433c78fe0083966801b3d7085c521919558dc1265ecbee42f,streaming-long-csv-v1,blocked,ETTm1,512,192,42,0.5,20552,0.4999878360296801,41105,True,high_window_overlap
1.0,2026-09-20T11:53:36.910358+00:00,1f59f317f6bf1128dd89b7e15750d6c629bb719c,114c044d49487a1dcc2c275f64bde9ab449355eae6031569002f96a2af22461e,3369a1508281082433c78fe0083966801b3d7085c521919558dc1265ecbee42f,streaming-long-csv-v1,blocked,ETTm1,512,192,42,1.0,41105,1.0,41105,True,high_window_overlap
1.0,2026-09-20T11:53:36.910358+00:00,1f59f317f6bf1128dd89b7e15750d6c629bb719c,114c044d49487a1dcc2c275f64bde9ab449355eae6031569002f96a2af22461e,3369a1508281082433c78fe0083966801b3d7085c521919558dc1265ecbee42f,streaming-long-csv-v1,blocked,ETTm1,512,336,42,0.0,0,0.0,40961,True,
1.0,2026-09-20T11:53:36.910358+00:00,1f59f317f6bf1128dd89b7e15750d6c629bb719c,114c044d49487a1dcc2c275f64bde9ab449355eae6031569002f96a2af22461e,3369a1508281082433c78fe0083966801b3d7085c521919558dc1265ecbee42f,streaming-long-csv-v1,blocked,ETTm1,512,336,42,0.005,204,0.004980347159493176,40961,True,raw_coverage_much_larger_than_window_rate
1.0,2026-09-20T11:53:36.910358+00:00,1f59f317f6bf1128dd89b7e15750d6c629bb719c,114c044d49487a1dcc2c275f64bde9ab449355eae6031569002f96a2af22461e,3369a1508281082433c78fe0083966801b3d7085c521919558dc1265ecbee42f,streaming-long-csv-v1,blocked,ETTm1,512,336,42,0.01,409,0.009985107785454457,40961,True,raw_coverage_much_larger_than_window_rate
1.0,2026-09-20T11:53:36.910358+00:00,1f59f317f6bf1128dd89b7e15750d6c629bb719c,114c044d49487a1dcc2c275f64bde9ab449355eae6031569002f96a2af22461e,3369a1508281082433c78fe0083966801b3d7085c521919558dc1265ecbee42f,streaming-long-csv-v1,blocked,ETTm1,512,336,42,0.02,819,0.019994629037377018,40961,True,raw_coverage_much_larger_than_window_rate;high_window_overlap
1.0,2026-09-20T11:53:36.910358+00:00,1f59f317f6bf1128dd89b7e15750d6c629bb719c,114c044d49487a1dcc2c275f64bde9ab449355eae6031569002f96a2af22461e,3369a1508281082433c78fe0083966801b3d7085c521919558dc1265ecbee42f,streaming-long-csv-v1,blocked,ETTm1,512,336,42,0.05,2048,0.049998779326676596,40961,True,raw_coverage_much_larger_than_window_rate;high_window_overlap
1.0,2026-09-20T11:53:36.910358+00:00,1f59f317f6bf1128dd89b7e15750d6c629bb719c,114c044d49487a1dcc2c275f64bde9ab449355eae6031569002f96a2af22461e,3369a1508281082433c78fe0083966801b3d7085c521919558dc1265ecbee42f,streaming-long-csv-v1,blocked,ETTm1,512,336,42,0.1,4096,0.09999755865335319,40961,True,raw_coverage_much_larger_than_window_rate;high_window_overlap
1.0,2026-09-20T11:53:36.910358+00:00,1f59f317f6bf1128dd89b7e15750d6c629bb719c,114c044d49487a1dcc2c275f64bde9ab449355eae6031569002f96a2af22461e,3369a1508281082433c78fe0083966801b3d7085c521919558dc1265ecbee42f,streaming-long-csv-v1,blocked,ETTm1,512,336,42,0.2,8192,0.19999511730670638,40961,True,raw_coverage_much_larger_than_window_rate;high_window_overlap
1.0,2026-09-20T11:53:36.910358+00:00,1f59f317f6bf1128dd89b7e15750d6c629bb719c,114c044d49487a1dcc2c275f64bde9ab449355eae6031569002f96a2af22461e,3369a1508281082433c78fe0083966801b3d7085c521919558dc1265ecbee42f,streaming-long-csv-v1,blocked,ETTm1,512,336,42,0.5,20480,0.49998779326676596,40961,True,high_window_overlap
1.0,2026-09-20T11:53:36.910358+00:00,1f59f317f6bf1128dd89b7e15750d6c629bb719c,114c044d49487a1dcc2c275f64bde9ab449355eae6031569002f96a2af22461e,3369a1508281082433c78fe0083966801b3d7085c521919558dc1265ecbee42f,streaming-long-csv-v1,blocked,ETTm1,512,336,42,1.0,40961,1.0,40961,True,high_window_overlap
1.0,2026-09-20T11:53:36.910358+00:00,1f59f317f6bf1128dd89b7e15750d6c629bb719c,114c044d49487a1dcc2c275f64bde9ab449355eae6031569002f96a2af22461e,3369a1508281082433c78fe0083966801b3d7085c521919558dc1265ecbee42f,streaming-long-csv-v1,blocked,ETTm1,512,720,42,0.0,0,0.0,40577,True,
1.0,2026-09-20T11:53:36.910358+00:00,1f59f317f6bf1128dd89b7e15750d6c629bb719c,114c044d49487a1dcc2c275f64bde9ab449355eae6031569002f96a2af22461e,3369a1508281082433c78fe0083966801b3d7085c521919558dc1265ecbee42f,streaming-long-csv-v1,blocked,ETTm1,512,720,42,0.005,202,0.004978189614806418,40577,True,raw_coverage_much_larger_than_window_rate
1.0,2026-09-20T11:53:36.910358+00:00,1f59f317f6bf1128dd89b7e15750d6c629bb719c,114c044d49487a1dcc2c275f64bde9ab449355eae6031569002f96a2af22461e,3369a1508281082433c78fe0083966801b3d7085c521919558dc1265ecbee42f,streaming-long-csv-v1,blocked,ETTm1,512,720,42,0.01,405,0.00998102373265643,40577,True,raw_coverage_much_larger_than_window_rate;high_window_overlap
1.0,2026-09-20T11:53:36.910358+00:00,1f59f317f6bf1128dd89b7e15750d6c629bb719c,114c044d49487a1dcc2c275f64bde9ab449355eae6031569002f96a2af22461e,3369a1508281082433c78fe0083966801b3d7085c521919558dc1265ecbee42f,streaming-long-csv-v1,blocked,ETTm1,512,720,42,0.02,811,0.01998669196835646,40577,True,raw_coverage_much_larger_than_window_rate;high_window_overlap
1.0,2026-09-20T11:53:36.910358+00:00,1f59f317f6bf1128dd89b7e15750d6c629bb719c,114c044d49487a1dcc2c275f64bde9ab449355eae6031569002f96a2af22461e,3369a1508281082433c78fe0083966801b3d7085c521919558dc1265ecbee42f,streaming-long-csv-v1,blocked,ETTm1,512,720,42,0.05,2028,0.04997905217241294,40577,True,raw_coverage_much_larger_than_window_rate;high_window_overlap
1.0,2026-09-20T11:53:36.910358+00:00,1f59f317f6bf1128dd89b7e15750d6c629bb719c,114c044d49487a1dcc2c275f64bde9ab449355eae6031569002f96a2af22461e,3369a1508281082433c78fe0083966801b3d7085c521919558dc1265ecbee42f,streaming-long-csv-v1,blocked,ETTm1,512,720,42,0.1,4057,0.09998274884786948,40577,True,raw_coverage_much_larger_than_window_rate;high_window_overlap
1.0,2026-09-20T11:53:36.910358+00:00,1f59f317f6bf1128dd89b7e15750d6c629bb719c,114c044d49487a1dcc2c275f64bde9ab449355eae6031569002f96a2af22461e,3369a1508281082433c78fe0083966801b3d7085c521919558dc1265ecbee42f,streaming-long-csv-v1,blocked,ETTm1,512,720,42,0.2,8115,0.19999014219878256,40577,True,raw_coverage_much_larger_than_window_rate;high_window_overlap
1.0,2026-09-20T11:53:36.910358+00:00,1f59f317f6bf1128dd89b7e15750d6c629bb719c,114c044d49487a1dcc2c275f64bde9ab449355eae6031569002f96a2af22461e,3369a1508281082433c78fe0083966801b3d7085c521919558dc1265ecbee42f,streaming-long-csv-v1,blocked,ETTm1,512,720,42,0.5,20288,0.4999876777484782,40577,True,high_window_overlap
1.0,2026-09-20T11:53:36.910358+00:00,1f59f317f6bf1128dd89b7e15750d6c629bb719c,114c044d49487a1dcc2c275f64bde9ab449355eae6031569002f96a2af22461e,3369a1508281082433c78fe0083966801b3d7085c521919558dc1265ecbee42f,streaming-long-csv-v1,blocked,ETTm1,512,720,42,1.0,40577,1.0,40577,True,high_window_overlap
1.0,2026-09-20T11:53:36.910358+00:00,1f59f317f6bf1128dd89b7e15750d6c629bb719c,f858f7af59fc1d19b5c4730f387c811ef184411bfe32ad9a465e66f78a832836,3369a1508281082433c78fe0083966801b3d7085c521919558dc1265ecbee42f,streaming-long-csv-v1,blocked,ETTm2,256,96,42,0.0,0,0.0,41457,True,
1.0,2026-09-20T11:53:36.910358+00:00,1f59f317f6bf1128dd89b7e15750d6c629bb719c,f858f7af59fc1d19b5c4730f387c811ef184411bfe32ad9a465e66f78a832836,3369a1508281082433c78fe0083966801b3d7085c521919558dc1265ecbee42f,streaming-long-csv-v1,blocked,ETTm2,256,96,42,0.005,207,0.004993125407048267,41457,True,raw_coverage_much_larger_than_window_rate
1.0,2026-09-20T11:53:36.910358+00:00,1f59f317f6bf1128dd89b7e15750d6c629bb719c,f858f7af59fc1d19b5c4730f387c811ef184411bfe32ad9a465e66f78a832836,3369a1508281082433c78fe0083966801b3d7085c521919558dc1265ecbee42f,streaming-long-csv-v1,blocked,ETTm2,256,96,42,0.01,414,0.009986250814096534,41457,True,raw_coverage_much_larger_than_window_rate
1.0,2026-09-20T11:53:36.910358+00:00,1f59f317f6bf1128dd89b7e15750d6c629bb719c,f858f7af59fc1d19b5c4730f387c811ef184411bfe32ad9a465e66f78a832836,3369a1508281082433c78fe0083966801b3d7085c521919558dc1265ecbee42f,streaming-long-csv-v1,blocked,ETTm2,256,96,42,0.02,829,0.019996623006971078,41457,True,raw_coverage_much_larger_than_window_rate
1.0,2026-09-20T11:53:36.910358+00:00,1f59f317f6bf1128dd89b7e15750d6c629bb719c,f858f7af59fc1d19b5c4730f387c811ef184411bfe32ad9a465e66f78a832836,3369a1508281082433c78fe0083966801b3d7085c521919558dc1265ecbee42f,streaming-long-csv-v1,blocked,ETTm2,256,96,42,0.05,2072,0.04997949682803869,41457,True,raw_coverage_much_larger_than_window_rate;high_window_overlap
1.0,2026-09-20T11:53:36.910358+00:00,1f59f317f6bf1128dd89b7e15750d6c629bb719c,f858f7af59fc1d19b5c4730f387c811ef184411bfe32ad9a465e66f78a832836,3369a1508281082433c78fe0083966801b3d7085c521919558dc1265ecbee42f,streaming-long-csv-v1,blocked,ETTm2,256,96,42,0.1,4145,0.0999831150348554,41457,True,raw_coverage_much_larger_than_window_rate;high_window_overlap
1.0,2026-09-20T11:53:36.910358+00:00,1f59f317f6bf1128dd89b7e15750d6c629bb719c,f858f7af59fc1d19b5c4730f387c811ef184411bfe32ad9a465e66f78a832836,3369a1508281082433c78fe0083966801b3d7085c521919558dc1265ecbee42f,streaming-long-csv-v1,blocked,ETTm2,256,96,42,0.2,8291,0.19999035144848878,41457,True,high_window_overlap
1.0,2026-09-20T11:53:36.910358+00:00,1f59f317f6bf1128dd89b7e15750d6c629bb719c,f858f7af59fc1d19b5c4730f387c811ef184411bfe32ad9a465e66f78a832836,3369a1508281082433c78fe0083966801b3d7085c521919558dc1265ecbee42f,streaming-long-csv-v1,blocked,ETTm2,256,96,42,0.5,20728,0.499987939310611,41457,True,high_window_overlap
1.0,2026-09-20T11:53:36.910358+00:00,1f59f317f6bf1128dd89b7e15750d6c629bb719c,f858f7af59fc1d19b5c4730f387c811ef184411bfe32ad9a465e66f78a832836,3369a1508281082433c78fe0083966801b3d7085c521919558dc1265ecbee42f,streaming-long-csv-v1,blocked,ETTm2,256,96,42,1.0,41457,1.0,41457,True,high_window_overlap
1.0,2026-09-20T11:53:36.910358+00:00,1f59f317f6bf1128dd89b7e15750d6c629bb719c,f858f7af59fc1d19b5c4730f387c811ef184411bfe32ad9a465e66f78a832836,3369a1508281082433c78fe0083966801b3d7085c521919558dc1265ecbee42f,streaming-long-csv-v1,blocked,ETTm2,256,192,42,0.0,0,0.0,41361,True,
1.0,2026-09-20T11:53:36.910358+00:00,1f59f317f6bf1128dd89b7e15750d6c629bb719c,f858f7af59fc1d19b5c4730f387c811ef184411bfe32ad9a465e66f78a832836,3369a1508281082433c78fe0083966801b3d7085c521919558dc1265ecbee42f,streaming-long-csv-v1,blocked,ETTm2,256,192,42,0.005,206,0.0049805372210536495,41361,True,raw_coverage_much_larger_than_window_rate
1.0,2026-09-20T11:53:36.910358+00:00,1f59f317f6bf1128dd89b7e15750d6c629bb719c,f858f7af59fc1d19b5c4730f387c811ef184411bfe32ad9a465e66f78a832836,3369a1508281082433c78fe0083966801b3d7085c521919558dc1265ecbee42f,streaming-long-csv-v1,blocked,ETTm2,256,192,42,0.01,413,0.009985251807258046,41361,True,raw_coverage_much_larger_than_window_rate
1.0,2026-09-20T11:53:36.910358+00:00,1f59f317f6bf1128dd89b7e15750d6c629bb719c,f858f7af59fc1d19b5c4730f387c811ef184411bfe32ad9a465e66f78a832836,3369a1508281082433c78fe0083966801b3d7085c521919558dc1265ecbee42f,streaming-long-csv-v1,blocked,ETTm2,256,192,42,0.02,827,0.019994680979666835,41361,True,raw_coverage_much_larger_than_window_rate
1.0,2026-09-20T11:53:36.910358+00:00,1f59f317f6bf1128dd89b7e15750d6c629bb719c,f858f7af59fc1d19b5c4730f387c811ef184411bfe32ad9a465e66f78a832836,3369a1508281082433c78fe0083966801b3d7085c521919558dc1265ecbee42f,streaming-long-csv-v1,blocked,ETTm2,256,192,42,0.05,2068,0.049998791131742465,41361,True,raw_coverage_much_larger_than_window_rate;high_window_overlap
1.0,2026-09-20T11:53:36.910358+00:00,1f59f317f6bf1128dd89b7e15750d6c629bb719c,f858f7af59fc1d19b5c4730f387c811ef184411bfe32ad9a465e66f78a832836,3369a1508281082433c78fe0083966801b3d7085c521919558dc1265ecbee42f,streaming-long-csv-v1,blocked,ETTm2,256,192,42,0.1,4136,0.09999758226348493,41361,True,raw_coverage_much_larger_than_window_rate;high_window_overlap
1.0,2026-09-20T11:53:36.910358+00:00,1f59f317f6bf1128dd89b7e15750d6c629bb719c,f858f7af59fc1d19b5c4730f387c811ef184411bfe32ad9a465e66f78a832836,3369a1508281082433c78fe0083966801b3d7085c521919558dc1265ecbee42f,streaming-long-csv-v1,blocked,ETTm2,256,192,42,0.2,8272,0.19999516452696986,41361,True,high_window_overlap
1.0,2026-09-20T11:53:36.910358+00:00,1f59f317f6bf1128dd89b7e15750d6c629bb719c,f858f7af59fc1d19b5c4730f387c811ef184411bfe32ad9a465e66f78a832836,3369a1508281082433c78fe0083966801b3d7085c521919558dc1265ecbee42f,streaming-long-csv-v1,blocked,ETTm2,256,192,42,0.5,20680,0.49998791131742465,41361,True,high_window_overlap
1.0,2026-09-20T11:53:36.910358+00:00,1f59f317f6bf1128dd89b7e15750d6c629bb719c,f858f7af59fc1d19b5c4730f387c811ef184411bfe32ad9a465e66f78a832836,3369a1508281082433c78fe0083966801b3d7085c521919558dc1265ecbee42f,streaming-long-csv-v1,blocked,ETTm2,256,192,42,1.0,41361,1.0,41361,True,high_window_overlap
1.0,2026-09-20T11:53:36.910358+00:00,1f59f317f6bf1128dd89b7e15750d6c629bb719c,f858f7af59fc1d19b5c4730f387c811ef184411bfe32ad9a465e66f78a832836,3369a1508281082433c78fe0083966801b3d7085c521919558dc1265ecbee42f,streaming-long-csv-v1,blocked,ETTm2,256,336,42,0.0,0,0.0,41217,True,
1.0,2026-09-20T11:53:36.910358+00:00,1f59f317f6bf1128dd89b7e15750d6c629bb719c,f858f7af59fc1d19b5c4730f387c811ef184411bfe32ad9a465e66f78a832836,3369a1508281082433c78fe0083966801b3d7085c521919558dc1265ecbee42f,streaming-long-csv-v1,blocked,ETTm2,256,336,42,0.005,206,0.004997937744134702,41217,True,raw_coverage_much_larger_than_window_rate
1.0,2026-09-20T11:53:36.910358+00:00,1f59f317f6bf1128dd89b7e15750d6c629bb719c,f858f7af59fc1d19b5c4730f387c811ef184411bfe32ad9a465e66f78a832836,3369a1508281082433c78fe0083966801b3d7085c521919558dc1265ecbee42f,streaming-long-csv-v1,blocked,ETTm2,256,336,42,0.01,412,0.009995875488269404,41217,True,raw_coverage_much_larger_than_window_rate
1.0,2026-09-20T11:53:36.910358+00:00,1f59f317f6bf1128dd89b7e15750d6c629bb719c,f858f7af59fc1d19b5c4730f387c811ef184411bfe32ad9a465e66f78a832836,3369a1508281082433c78fe0083966801b3d7085c521919558dc1265ecbee42f,streaming-long-csv-v1,blocked,ETTm2,256,336,42,0.02,824,0.019991750976538807,41217,True,raw_coverage_much_larger_than_window_rate;high_window_overlap
1.0,2026-09-20T11:53:36.910358+00:00,1f59f317f6bf1128dd89b7e15750d6c629bb719c,f858f7af59fc1d19b5c4730f387c811ef184411bfe32ad9a465e66f78a832836,3369a1508281082433c78fe0083966801b3d7085c521919558dc1265ecbee42f,streaming-long-csv-v1,blocked,ETTm2,256,336,42,0.05,2060,0.04997937744134702,41217,True,raw_coverage_much_larger_than_window_rate;high_window_overlap
1.0,2026-09-20T11:53:36.910358+00:00,1f59f317f6bf1128dd89b7e15750d6c629bb719c,f858f7af59fc1d19b5c4730f387c811ef184411bfe32ad9a465e66f78a832836,3369a1508281082433c78fe0083966801b3d7085c521919558dc1265ecbee42f,streaming-long-csv-v1,blocked,ETTm2,256,336,42,0.1,4121,0.09998301671640343,41217,True,raw_coverage_much_larger_than_window_rate;high_window_overlap
1.0,2026-09-20T11:53:36.910358+00:00,1f59f317f6bf1128dd89b7e15750d6c629bb719c,f858f7af59fc1d19b5c4730f387c811ef184411bfe32ad9a465e66f78a832836,3369a1508281082433c78fe0083966801b3d7085c521919558dc1265ecbee42f,streaming-long-csv-v1,blocked,ETTm2,256,336,42,0.2,8243,0.19999029526651624,41217,True,high_window_overlap
1.0,2026-09-20T11:53:36.910358+00:00,1f59f317f6bf1128dd89b7e15750d6c629bb719c,f858f7af59fc1d19b5c4730f387c811ef184411bfe32ad9a465e66f78a832836,3369a1508281082433c78fe0083966801b3d7085c521919558dc1265ecbee42f,streaming-long-csv-v1,blocked,ETTm2,256,336,42,0.5,20608,0.4999878690831453,41217,True,high_window_overlap
1.0,2026-09-20T11:53:36.910358+00:00,1f59f317f6bf1128dd89b7e15750d6c629bb719c,f858f7af59fc1d19b5c4730f387c811ef184411bfe32ad9a465e66f78a832836,3369a1508281082433c78fe0083966801b3d7085c521919558dc1265ecbee42f,streaming-long-csv-v1,blocked,ETTm2,256,336,42,1.0,41217,1.0,41217,True,high_window_overlap
1.0,2026-09-20T11:53:36.910358+00:00,1f59f317f6bf1128dd89b7e15750d6c629bb719c,f858f7af59fc1d19b5c4730f387c811ef184411bfe32ad9a465e66f78a832836,3369a1508281082433c78fe0083966801b3d7085c521919558dc1265ecbee42f,streaming-long-csv-v1,blocked,ETTm2,256,720,42,0.0,0,0.0,40833,True,
1.0,2026-09-20T11:53:36.910358+00:00,1f59f317f6bf1128dd89b7e15750d6c629bb719c,f858f7af59fc1d19b5c4730f387c811ef184411bfe32ad9a465e66f78a832836,3369a1508281082433c78fe0083966801b3d7085c521919558dc1265ecbee42f,streaming-long-csv-v1,blocked,ETTm2,256,720,42,0.005,204,0.004995959150686944,40833,True,raw_coverage_much_larger_than_window_rate
1.0,2026-09-20T11:53:36.910358+00:00,1f59f317f6bf1128dd89b7e15750d6c629bb719c,f858f7af59fc1d19b5c4730f387c811ef184411bfe32ad9a465e66f78a832836,3369a1508281082433c78fe0083966801b3d7085c521919558dc1265ecbee42f,streaming-long-csv-v1,blocked,ETTm2,256,720,42,0.01,408,0.009991918301373888,40833,True,raw_coverage_much_larger_than_window_rate
1.0,2026-09-20T11:53:36.910358+00:00,1f59f317f6bf1128dd89b7e15750d6c629bb719c,f858f7af59fc1d19b5c4730f387c811ef184411bfe32ad9a465e66f78a832836,3369a1508281082433c78fe0083966801b3d7085c521919558dc1265ecbee42f,streaming-long-csv-v1,blocked,ETTm2,256,720,42,0.02,816,0.019983836602747777,40833,True,raw_coverage_much_larger_than_window_rate;high_window_overlap
1.0,2026-09-20T11:53:36.910358+00:00,1f59f317f6bf1128dd89b7e15750d6c629bb719c,f858f7af59fc1d19b5c4730f387c811ef184411bfe32ad9a465e66f78a832836,3369a1508281082433c78fe0083966801b3d7085c521919558dc1265ecbee42f,streaming-long-csv-v1,blocked,ETTm2,256,720,42,0.05,2041,0.04998408150270615,40833,True,raw_coverage_much_larger_than_window_rate;high_window_overlap
1.0,2026-09-20T11:53:36.910358+00:00,1f59f317f6bf1128dd89b7e15750d6c629bb719c,f858f7af59fc1d19b5c4730f387c811ef184411bfe32ad9a465e66f78a832836,3369a1508281082433c78fe0083966801b3d7085c521919558dc1265ecbee42f,streaming-long-csv-v1,blocked,ETTm2,256,720,42,0.1,4083,0.09999265300124899,40833,True,raw_coverage_much_larger_than_window_rate;high_window_overlap
1.0,2026-09-20T11:53:36.910358+00:00,1f59f317f6bf1128dd89b7e15750d6c629bb719c,f858f7af59fc1d19b5c4730f387c811ef184411bfe32ad9a465e66f78a832836,3369a1508281082433c78fe0083966801b3d7085c521919558dc1265ecbee42f,streaming-long-csv-v1,blocked,ETTm2,256,720,42,0.2,8166,0.19998530600249798,40833,True,raw_coverage_much_larger_than_window_rate;high_window_overlap
1.0,2026-09-20T11:53:36.910358+00:00,1f59f317f6bf1128dd89b7e15750d6c629bb719c,f858f7af59fc1d19b5c4730f387c811ef184411bfe32ad9a465e66f78a832836,3369a1508281082433c78fe0083966801b3d7085c521919558dc1265ecbee42f,streaming-long-csv-v1,blocked,ETTm2,256,720,42,0.5,20416,0.49998775500208165,40833,True,high_window_overlap
1.0,2026-09-20T11:53:36.910358+00:00,1f59f317f6bf1128dd89b7e15750d6c629bb719c,f858f7af59fc1d19b5c4730f387c811ef184411bfe32ad9a465e66f78a832836,3369a1508281082433c78fe0083966801b3d7085c521919558dc1265ecbee42f,streaming-long-csv-v1,blocked,ETTm2,256,720,42,1.0,40833,1.0,40833,True,high_window_overlap
1.0,2026-09-20T11:53:36.910358+00:00,1f59f317f6bf1128dd89b7e15750d6c629bb719c,f858f7af59fc1d19b5c4730f387c811ef184411bfe32ad9a465e66f78a832836,3369a1508281082433c78fe0083966801b3d7085c521919558dc1265ecbee42f,streaming-long-csv-v1,blocked,ETTm2,512,96,42,0.0,0,0.0,41201,True,
1.0,2026-09-20T11:53:36.910358+00:00,1f59f317f6bf1128dd89b7e15750d6c629bb719c,f858f7af59fc1d19b5c4730f387c811ef184411bfe32ad9a465e66f78a832836,3369a1508281082433c78fe0083966801b3d7085c521919558dc1265ecbee42f,streaming-long-csv-v1,blocked,ETTm2,512,96,42,0.005,206,0.00499987864372224,41201,True,raw_coverage_much_larger_than_window_rate
1.0,2026-09-20T11:53:36.910358+00:00,1f59f317f6bf1128dd89b7e15750d6c629bb719c,f858f7af59fc1d19b5c4730f387c811ef184411bfe32ad9a465e66f78a832836,3369a1508281082433c78fe0083966801b3d7085c521919558dc1265ecbee42f,streaming-long-csv-v1,blocked,ETTm2,512,96,42,0.01,412,0.00999975728744448,41201,True,raw_coverage_much_larger_than_window_rate
1.0,2026-09-20T11:53:36.910358+00:00,1f59f317f6bf1128dd89b7e15750d6c629bb719c,f858f7af59fc1d19b5c4730f387c811ef184411bfe32ad9a465e66f78a832836,3369a1508281082433c78fe0083966801b3d7085c521919558dc1265ecbee42f,streaming-long-csv-v1,blocked,ETTm2,512,96,42,0.02,824,0.01999951457488896,41201,True,raw_coverage_much_larger_than_window_rate;high_window_overlap
1.0,2026-09-20T11:53:36.910358+00:00,1f59f317f6bf1128dd89b7e15750d6c629bb719c,f858f7af59fc1d19b5c4730f387c811ef184411bfe32ad9a465e66f78a832836,3369a1508281082433c78fe0083966801b3d7085c521919558dc1265ecbee42f,streaming-long-csv-v1,blocked,ETTm2,512,96,42,0.05,2060,0.0499987864372224,41201,True,raw_coverage_much_larger_than_window_rate;high_window_overlap
1.0,2026-09-20T11:53:36.910358+00:00,1f59f317f6bf1128dd89b7e15750d6c629bb719c,f858f7af59fc1d19b5c4730f387c811ef184411bfe32ad9a465e66f78a832836,3369a1508281082433c78fe0083966801b3d7085c521919558dc1265ecbee42f,streaming-long-csv-v1,blocked,ETTm2,512,96,42,0.1,4120,0.0999975728744448,41201,True,raw_coverage_much_larger_than_window_rate;high_window_overlap
1.0,2026-09-20T11:53:36.910358+00:00,1f59f317f6bf1128dd89b7e15750d6c629bb719c,f858f7af59fc1d19b5c4730f387c811ef184411bfe32ad9a465e66f78a832836,3369a1508281082433c78fe0083966801b3d7085c521919558dc1265ecbee42f,streaming-long-csv-v1,blocked,ETTm2,512,96,42,0.2,8240,0.1999951457488896,41201,True,high_window_overlap
1.0,2026-09-20T11:53:36.910358+00:00,1f59f317f6bf1128dd89b7e15750d6c629bb719c,f858f7af59fc1d19b5c4730f387c811ef184411bfe32ad9a465e66f78a832836,3369a1508281082433c78fe0083966801b3d7085c521919558dc1265ecbee42f,streaming-long-csv-v1,blocked,ETTm2,512,96,42,0.5,20600,0.499987864372224,41201,True,high_window_overlap
1.0,2026-09-20T11:53:36.910358+00:00,1f59f317f6bf1128dd89b7e15750d6c629bb719c,f858f7af59fc1d19b5c4730f387c811ef184411bfe32ad9a465e66f78a832836,3369a1508281082433c78fe0083966801b3d7085c521919558dc1265ecbee42f,streaming-long-csv-v1,blocked,ETTm2,512,96,42,1.0,41201,1.0,41201,True,high_window_overlap
1.0,2026-09-20T11:53:36.910358+00:00,1f59f317f6bf1128dd89b7e15750d6c629bb719c,f858f7af59fc1d19b5c4730f387c811ef184411bfe32ad9a465e66f78a832836,3369a1508281082433c78fe0083966801b3d7085c521919558dc1265ecbee42f,streaming-long-csv-v1,blocked,ETTm2,512,192,42,0.0,0,0.0,41105,True,
1.0,2026-09-20T11:53:36.910358+00:00,1f59f317f6bf1128dd89b7e15750d6c629bb719c,f858f7af59fc1d19b5c4730f387c811ef184411bfe32ad9a465e66f78a832836,3369a1508281082433c78fe0083966801b3d7085c521919558dc1265ecbee42f,streaming-long-csv-v1,blocked,ETTm2,512,192,42,0.005,205,0.004987227831164092,41105,True,raw_coverage_much_larger_than_window_rate
1.0,2026-09-20T11:53:36.910358+00:00,1f59f317f6bf1128dd89b7e15750d6c629bb719c,f858f7af59fc1d19b5c4730f387c811ef184411bfe32ad9a465e66f78a832836,3369a1508281082433c78fe0083966801b3d7085c521919558dc1265ecbee42f,streaming-long-csv-v1,blocked,ETTm2,512,192,42,0.01,411,0.00999878360296801,41105,True,raw_coverage_much_larger_than_window_rate
1.0,2026-09-20T11:53:36.910358+00:00,1f59f317f6bf1128dd89b7e15750d6c629bb719c,f858f7af59fc1d19b5c4730f387c811ef184411bfe32ad9a465e66f78a832836,3369a1508281082433c78fe0083966801b3d7085c521919558dc1265ecbee42f,streaming-long-csv-v1,blocked,ETTm2,512,192,42,0.02,822,0.01999756720593602,41105,True,raw_coverage_much_larger_than_window_rate;high_window_overlap
1.0,2026-09-20T11:53:36.910358+00:00,1f59f317f6bf1128dd89b7e15750d6c629bb719c,f858f7af59fc1d19b5c4730f387c811ef184411bfe32ad9a465e66f78a832836,3369a1508281082433c78fe0083966801b3d7085c521919558dc1265ecbee42f,streaming-long-csv-v1,blocked,ETTm2,512,192,42,0.05,2055,0.049993918014840044,41105,True,raw_coverage_much_larger_than_window_rate;high_window_overlap
1.0,2026-09-20T11:53:36.910358+00:00,1f59f317f6bf1128dd89b7e15750d6c629bb719c,f858f7af59fc1d19b5c4730f387c811ef184411bfe32ad9a465e66f78a832836,3369a1508281082433c78fe0083966801b3d7085c521919558dc1265ecbee42f,streaming-long-csv-v1,blocked,ETTm2,512,192,42,0.1,4110,0.09998783602968009,41105,True,raw_coverage_much_larger_than_window_rate;high_window_overlap
1.0,2026-09-20T11:53:36.910358+00:00,1f59f317f6bf1128dd89b7e15750d6c629bb719c,f858f7af59fc1d19b5c4730f387c811ef184411bfe32ad9a465e66f78a832836,3369a1508281082433c78fe0083966801b3d7085c521919558dc1265ecbee42f,streaming-long-csv-v1,blocked,ETTm2,512,192,42,0.2,8221,0.2,41105,True,high_window_overlap
1.0,2026-09-20T11:53:36.910358+00:00,1f59f317f6bf1128dd89b7e15750d6c629bb719c,f858f7af59fc1d19b5c4730f387c811ef184411bfe32ad9a465e66f78a832836,3369a1508281082433c78fe0083966801b3d7085c521919558dc1265ecbee42f,streaming-long-csv-v1,blocked,ETTm2,512,192,42,0.5,20552,0.4999878360296801,41105,True,high_window_overlap
1.0,2026-09-20T11:53:36.910358+00:00,1f59f317f6bf1128dd89b7e15750d6c629bb719c,f858f7af59fc1d19b5c4730f387c811ef184411bfe32ad9a465e66f78a832836,3369a1508281082433c78fe0083966801b3d7085c521919558dc1265ecbee42f,streaming-long-csv-v1,blocked,ETTm2,512,192,42,1.0,41105,1.0,41105,True,high_window_overlap
1.0,2026-09-20T11:53:36.910358+00:00,1f59f317f6bf1128dd89b7e15750d6c629bb719c,f858f7af59fc1d19b5c4730f387c811ef184411bfe32ad9a465e66f78a832836,3369a1508281082433c78fe0083966801b3d7085c521919558dc1265ecbee42f,streaming-long-csv-v1,blocked,ETTm2,512,336,42,0.0,0,0.0,40961,True,
1.0,2026-09-20T11:53:36.910358+00:00,1f59f317f6bf1128dd89b7e15750d6c629bb719c,f858f7af59fc1d19b5c4730f387c811ef184411bfe32ad9a465e66f78a832836,3369a1508281082433c78fe0083966801b3d7085c521919558dc1265ecbee42f,streaming-long-csv-v1,blocked,ETTm2,512,336,42,0.005,204,0.004980347159493176,40961,True,raw_coverage_much_larger_than_window_rate
1.0,2026-09-20T11:53:36.910358+00:00,1f59f317f6bf1128dd89b7e15750d6c629bb719c,f858f7af59fc1d19b5c4730f387c811ef184411bfe32ad9a465e66f78a832836,3369a1508281082433c78fe0083966801b3d7085c521919558dc1265ecbee42f,streaming-long-csv-v1,blocked,ETTm2,512,336,42,0.01,409,0.009985107785454457,40961,True,raw_coverage_much_larger_than_window_rate
1.0,2026-09-20T11:53:36.910358+00:00,1f59f317f6bf1128dd89b7e15750d6c629bb719c,f858f7af59fc1d19b5c4730f387c811ef184411bfe32ad9a465e66f78a832836,3369a1508281082433c78fe0083966801b3d7085c521919558dc1265ecbee42f,streaming-long-csv-v1,blocked,ETTm2,512,336,42,0.02,819,0.019994629037377018,40961,True,raw_coverage_much_larger_than_window_rate;high_window_overlap
1.0,2026-09-20T11:53:36.910358+00:00,1f59f317f6bf1128dd89b7e15750d6c629bb719c,f858f7af59fc1d19b5c4730f387c811ef184411bfe32ad9a465e66f78a832836,3369a1508281082433c78fe0083966801b3d7085c521919558dc1265ecbee42f,streaming-long-csv-v1,blocked,ETTm2,512,336,42,0.05,2048,0.049998779326676596,40961,True,raw_coverage_much_larger_than_window_rate;high_window_overlap
1.0,2026-09-20T11:53:36.910358+00:00,1f59f317f6bf1128dd89b7e15750d6c629bb719c,f858f7af59fc1d19b5c4730f387c811ef184411bfe32ad9a465e66f78a832836,3369a1508281082433c78fe0083966801b3d7085c521919558dc1265ecbee42f,streaming-long-csv-v1,blocked,ETTm2,512,336,42,0.1,4096,0.09999755865335319,40961,True,raw_coverage_much_larger_than_window_rate;high_window_overlap
1.0,2026-09-20T11:53:36.910358+00:00,1f59f317f6bf1128dd89b7e15750d6c629bb719c,f858f7af59fc1d19b5c4730f387c811ef184411bfe32ad9a465e66f78a832836,3369a1508281082433c78fe0083966801b3d7085c521919558dc1265ecbee42f,streaming-long-csv-v1,blocked,ETTm2,512,336,42,0.2,8192,0.19999511730670638,40961,True,raw_coverage_much_larger_than_window_rate;high_window_overlap
1.0,2026-09-20T11:53:36.910358+00:00,1f59f317f6bf1128dd89b7e15750d6c629bb719c,f858f7af59fc1d19b5c4730f387c811ef184411bfe32ad9a465e66f78a832836,3369a1508281082433c78fe0083966801b3d7085c521919558dc1265ecbee42f,streaming-long-csv-v1,blocked,ETTm2,512,336,42,0.5,20480,0.49998779326676596,40961,True,high_window_overlap
1.0,2026-09-20T11:53:36.910358+00:00,1f59f317f6bf1128dd89b7e15750d6c629bb719c,f858f7af59fc1d19b5c4730f387c811ef184411bfe32ad9a465e66f78a832836,3369a1508281082433c78fe0083966801b3d7085c521919558dc1265ecbee42f,streaming-long-csv-v1,blocked,ETTm2,512,336,42,1.0,40961,1.0,40961,True,high_window_overlap
1.0,2026-09-20T11:53:36.910358+00:00,1f59f317f6bf1128dd89b7e15750d6c629bb719c,f858f7af59fc1d19b5c4730f387c811ef184411bfe32ad9a465e66f78a832836,3369a1508281082433c78fe0083966801b3d7085c521919558dc1265ecbee42f,streaming-long-csv-v1,blocked,ETTm2,512,720,42,0.0,0,0.0,40577,True,
1.0,2026-09-20T11:53:36.910358+00:00,1f59f317f6bf1128dd89b7e15750d6c629bb719c,f858f7af59fc1d19b5c4730f387c811ef184411bfe32ad9a465e66f78a832836,3369a1508281082433c78fe0083966801b3d7085c521919558dc1265ecbee42f,streaming-long-csv-v1,blocked,ETTm2,512,720,42,0.005,202,0.004978189614806418,40577,True,raw_coverage_much_larger_than_window_rate
1.0,2026-09-20T11:53:36.910358+00:00,1f59f317f6bf1128dd89b7e15750d6c629bb719c,f858f7af59fc1d19b5c4730f387c811ef184411bfe32ad9a465e66f78a832836,3369a1508281082433c78fe0083966801b3d7085c521919558dc1265ecbee42f,streaming-long-csv-v1,blocked,ETTm2,512,720,42,0.01,405,0.00998102373265643,40577,True,raw_coverage_much_larger_than_window_rate;high_window_overlap
1.0,2026-09-20T11:53:36.910358+00:00,1f59f317f6bf1128dd89b7e15750d6c629bb719c,f858f7af59fc1d19b5c4730f387c811ef184411bfe32ad9a465e66f78a832836,3369a1508281082433c78fe0083966801b3d7085c521919558dc1265ecbee42f,streaming-long-csv-v1,blocked,ETTm2,512,720,42,0.02,811,0.01998669196835646,40577,True,raw_coverage_much_larger_than_window_rate;high_window_overlap
1.0,2026-09-20T11:53:36.910358+00:00,1f59f317f6bf1128dd89b7e15750d6c629bb719c,f858f7af59fc1d19b5c4730f387c811ef184411bfe32ad9a465e66f78a832836,3369a1508281082433c78fe0083966801b3d7085c521919558dc1265ecbee42f,streaming-long-csv-v1,blocked,ETTm2,512,720,42,0.05,2028,0.04997905217241294,40577,True,raw_coverage_much_larger_than_window_rate;high_window_overlap
1.0,2026-09-20T11:53:36.910358+00:00,1f59f317f6bf1128dd89b7e15750d6c629bb719c,f858f7af59fc1d19b5c4730f387c811ef184411bfe32ad9a465e66f78a832836,3369a1508281082433c78fe0083966801b3d7085c521919558dc1265ecbee42f,streaming-long-csv-v1,blocked,ETTm2,512,720,42,0.1,4057,0.09998274884786948,40577,True,raw_coverage_much_larger_than_window_rate;high_window_overlap
1.0,2026-09-20T11:53:36.910358+00:00,1f59f317f6bf1128dd89b7e15750d6c629bb719c,f858f7af59fc1d19b5c4730f387c811ef184411bfe32ad9a465e66f78a832836,3369a1508281082433c78fe0083966801b3d7085c521919558dc1265ecbee42f,streaming-long-csv-v1,blocked,ETTm2,512,720,42,0.2,8115,0.19999014219878256,40577,True,raw_coverage_much_larger_than_window_rate;high_window_overlap
1.0,2026-09-20T11:53:36.910358+00:00,1f59f317f6bf1128dd89b7e15750d6c629bb719c,f858f7af59fc1d19b5c4730f387c811ef184411bfe32ad9a465e66f78a832836,3369a1508281082433c78fe0083966801b3d7085c521919558dc1265ecbee42f,streaming-long-csv-v1,blocked,ETTm2,512,720,42,0.5,20288,0.4999876777484782,40577,True,high_window_overlap
1.0,2026-09-20T11:53:36.910358+00:00,1f59f317f6bf1128dd89b7e15750d6c629bb719c,f858f7af59fc1d19b5c4730f387c811ef184411bfe32ad9a465e66f78a832836,3369a1508281082433c78fe0083966801b3d7085c521919558dc1265ecbee42f,streaming-long-csv-v1,blocked,ETTm2,512,720,42,1.0,40577,1.0,40577,True,high_window_overlap
1.0,2026-09-20T11:53:36.910358+00:00,1f59f317f6bf1128dd89b7e15750d6c629bb719c,c6bca509e59ec251e77845d15018f1e4371d415713ddf20ab730abe29547c14f,3369a1508281082433c78fe0083966801b3d7085c521919558dc1265ecbee42f,streaming-long-csv-v1,blocked,Electricity,256,96,42,0.0,0,0.0,15431,True,
1.0,2026-09-20T11:53:36.910358+00:00,1f59f317f6bf1128dd89b7e15750d6c629bb719c,c6bca509e59ec251e77845d15018f1e4371d415713ddf20ab730abe29547c14f,3369a1508281082433c78fe0083966801b3d7085c521919558dc1265ecbee42f,streaming-long-csv-v1,blocked,Electricity,256,96,42,0.005,77,0.004989955284816279,15431,True,raw_coverage_much_larger_than_window_rate
1.0,2026-09-20T11:53:36.910358+00:00,1f59f317f6bf1128dd89b7e15750d6c629bb719c,c6bca509e59ec251e77845d15018f1e4371d415713ddf20ab730abe29547c14f,3369a1508281082433c78fe0083966801b3d7085c521919558dc1265ecbee42f,streaming-long-csv-v1,blocked,Electricity,256,96,42,0.01,154,0.009979910569632558,15431,True,raw_coverage_much_larger_than_window_rate
1.0,2026-09-20T11:53:36.910358+00:00,1f59f317f6bf1128dd89b7e15750d6c629bb719c,c6bca509e59ec251e77845d15018f1e4371d415713ddf20ab730abe29547c14f,3369a1508281082433c78fe0083966801b3d7085c521919558dc1265ecbee42f,streaming-long-csv-v1,blocked,Electricity,256,96,42,0.02,308,0.019959821139265116,15431,True,raw_coverage_much_larger_than_window_rate
1.0,2026-09-20T11:53:36.910358+00:00,1f59f317f6bf1128dd89b7e15750d6c629bb719c,c6bca509e59ec251e77845d15018f1e4371d415713ddf20ab730abe29547c14f,3369a1508281082433c78fe0083966801b3d7085c521919558dc1265ecbee42f,streaming-long-csv-v1,blocked,Electricity,256,96,42,0.05,771,0.049964357462251315,15431,True,raw_coverage_much_larger_than_window_rate;high_window_overlap
1.0,2026-09-20T11:53:36.910358+00:00,1f59f317f6bf1128dd89b7e15750d6c629bb719c,c6bca509e59ec251e77845d15018f1e4371d415713ddf20ab730abe29547c14f,3369a1508281082433c78fe0083966801b3d7085c521919558dc1265ecbee42f,streaming-long-csv-v1,blocked,Electricity,256,96,42,0.1,1543,0.09999351953859115,15431,True,raw_coverage_much_larger_than_window_rate;high_window_overlap
1.0,2026-09-20T11:53:36.910358+00:00,1f59f317f6bf1128dd89b7e15750d6c629bb719c,c6bca509e59ec251e77845d15018f1e4371d415713ddf20ab730abe29547c14f,3369a1508281082433c78fe0083966801b3d7085c521919558dc1265ecbee42f,streaming-long-csv-v1,blocked,Electricity,256,96,42,0.2,3086,0.1999870390771823,15431,True,high_window_overlap
1.0,2026-09-20T11:53:36.910358+00:00,1f59f317f6bf1128dd89b7e15750d6c629bb719c,c6bca509e59ec251e77845d15018f1e4371d415713ddf20ab730abe29547c14f,3369a1508281082433c78fe0083966801b3d7085c521919558dc1265ecbee42f,streaming-long-csv-v1,blocked,Electricity,256,96,42,0.5,7715,0.49996759769295573,15431,True,high_window_overlap
1.0,2026-09-20T11:53:36.910358+00:00,1f59f317f6bf1128dd89b7e15750d6c629bb719c,c6bca509e59ec251e77845d15018f1e4371d415713ddf20ab730abe29547c14f,3369a1508281082433c78fe0083966801b3d7085c521919558dc1265ecbee42f,streaming-long-csv-v1,blocked,Electricity,256,96,42,1.0,15431,1.0,15431,True,high_window_overlap
1.0,2026-09-20T11:53:36.910358+00:00,1f59f317f6bf1128dd89b7e15750d6c629bb719c,c6bca509e59ec251e77845d15018f1e4371d415713ddf20ab730abe29547c14f,3369a1508281082433c78fe0083966801b3d7085c521919558dc1265ecbee42f,streaming-long-csv-v1,blocked,Electricity,256,192,42,0.0,0,0.0,15335,True,
1.0,2026-09-20T11:53:36.910358+00:00,1f59f317f6bf1128dd89b7e15750d6c629bb719c,c6bca509e59ec251e77845d15018f1e4371d415713ddf20ab730abe29547c14f,3369a1508281082433c78fe0083966801b3d7085c521919558dc1265ecbee42f,streaming-long-csv-v1,blocked,Electricity,256,192,42,0.005,76,0.004955983045321161,15335,True,raw_coverage_much_larger_than_window_rate
1.0,2026-09-20T11:53:36.910358+00:00,1f59f317f6bf1128dd89b7e15750d6c629bb719c,c6bca509e59ec251e77845d15018f1e4371d415713ddf20ab730abe29547c14f,3369a1508281082433c78fe0083966801b3d7085c521919558dc1265ecbee42f,streaming-long-csv-v1,blocked,Electricity,256,192,42,0.01,153,0.009977176393870232,15335,True,raw_coverage_much_larger_than_window_rate
1.0,2026-09-20T11:53:36.910358+00:00,1f59f317f6bf1128dd89b7e15750d6c629bb719c,c6bca509e59ec251e77845d15018f1e4371d415713ddf20ab730abe29547c14f,3369a1508281082433c78fe0083966801b3d7085c521919558dc1265ecbee42f,streaming-long-csv-v1,blocked,Electricity,256,192,42,0.02,306,0.019954352787740465,15335,True,raw_coverage_much_larger_than_window_rate
1.0,2026-09-20T11:53:36.910358+00:00,1f59f317f6bf1128dd89b7e15750d6c629bb719c,c6bca509e59ec251e77845d15018f1e4371d415713ddf20ab730abe29547c14f,3369a1508281082433c78fe0083966801b3d7085c521919558dc1265ecbee42f,streaming-long-csv-v1,blocked,Electricity,256,192,42,0.05,766,0.049951092272579066,15335,True,raw_coverage_much_larger_than_window_rate;high_window_overlap
1.0,2026-09-20T11:53:36.910358+00:00,1f59f317f6bf1128dd89b7e15750d6c629bb719c,c6bca509e59ec251e77845d15018f1e4371d415713ddf20ab730abe29547c14f,3369a1508281082433c78fe0083966801b3d7085c521919558dc1265ecbee42f,streaming-long-csv-v1,blocked,Electricity,256,192,42,0.1,1533,0.09996739484838604,15335,True,raw_coverage_much_larger_than_window_rate;high_window_overlap
1.0,2026-09-20T11:53:36.910358+00:00,1f59f317f6bf1128dd89b7e15750d6c629bb719c,c6bca509e59ec251e77845d15018f1e4371d415713ddf20ab730abe29547c14f,3369a1508281082433c78fe0083966801b3d7085c521919558dc1265ecbee42f,streaming-long-csv-v1,blocked,Electricity,256,192,42,0.2,3067,0.2,15335,True,high_window_overlap
1.0,2026-09-20T11:53:36.910358+00:00,1f59f317f6bf1128dd89b7e15750d6c629bb719c,c6bca509e59ec251e77845d15018f1e4371d415713ddf20ab730abe29547c14f,3369a1508281082433c78fe0083966801b3d7085c521919558dc1265ecbee42f,streaming-long-csv-v1,blocked,Electricity,256,192,42,0.5,7667,0.49996739484838604,15335,True,high_window_overlap
1.0,2026-09-20T11:53:36.910358+00:00,1f59f317f6bf1128dd89b7e15750d6c629bb719c,c6bca509e59ec251e77845d15018f1e4371d415713ddf20ab730abe29547c14f,3369a1508281082433c78fe0083966801b3d7085c521919558dc1265ecbee42f,streaming-long-csv-v1,blocked,Electricity,256,192,42,1.0,15335,1.0,15335,True,high_window_overlap
1.0,2026-09-20T11:53:36.910358+00:00,1f59f317f6bf1128dd89b7e15750d6c629bb719c,c6bca509e59ec251e77845d15018f1e4371d415713ddf20ab730abe29547c14f,3369a1508281082433c78fe0083966801b3d7085c521919558dc1265ecbee42f,streaming-long-csv-v1,blocked,Electricity,256,336,42,0.0,0,0.0,15191,True,
1.0,2026-09-20T11:53:36.910358+00:00,1f59f317f6bf1128dd89b7e15750d6c629bb719c,c6bca509e59ec251e77845d15018f1e4371d415713ddf20ab730abe29547c14f,3369a1508281082433c78fe0083966801b3d7085c521919558dc1265ecbee42f,streaming-long-csv-v1,blocked,Electricity,256,336,42,0.005,75,0.004937133829240998,15191,True,raw_coverage_much_larger_than_window_rate
1.0,2026-09-20T11:53:36.910358+00:00,1f59f317f6bf1128dd89b7e15750d6c629bb719c,c6bca509e59ec251e77845d15018f1e4371d415713ddf20ab730abe29547c14f,3369a1508281082433c78fe0083966801b3d7085c521919558dc1265ecbee42f,streaming-long-csv-v1,blocked,Electricity,256,336,42,0.01,151,0.009940096109538542,15191,True,raw_coverage_much_larger_than_window_rate
1.0,2026-09-20T11:53:36.910358+00:00,1f59f317f6bf1128dd89b7e15750d6c629bb719c,c6bca509e59ec251e77845d15018f1e4371d415713ddf20ab730abe29547c14f,3369a1508281082433c78fe0083966801b3d7085c521919558dc1265ecbee42f,streaming-long-csv-v1,blocked,Electricity,256,336,42,0.02,303,0.01994602067013363,15191,True,raw_coverage_much_larger_than_window_rate;high_window_overlap
1.0,2026-09-20T11:53:36.910358+00:00,1f59f317f6bf1128dd89b7e15750d6c629bb719c,c6bca509e59ec251e77845d15018f1e4371d415713ddf20ab730abe29547c14f,3369a1508281082433c78fe0083966801b3d7085c521919558dc1265ecbee42f,streaming-long-csv-v1,blocked,Electricity,256,336,42,0.05,759,0.0499637943519189,15191,True,raw_coverage_much_larger_than_window_rate;high_window_overlap
1.0,2026-09-20T11:53:36.910358+00:00,1f59f317f6bf1128dd89b7e15750d6c629bb719c,c6bca509e59ec251e77845d15018f1e4371d415713ddf20ab730abe29547c14f,3369a1508281082433c78fe0083966801b3d7085c521919558dc1265ecbee42f,streaming-long-csv-v1,blocked,Electricity,256,336,42,0.1,1519,0.09999341715489435,15191,True,raw_coverage_much_larger_than_window_rate;high_window_overlap
1.0,2026-09-20T11:53:36.910358+00:00,1f59f317f6bf1128dd89b7e15750d6c629bb719c,c6bca509e59ec251e77845d15018f1e4371d415713ddf20ab730abe29547c14f,3369a1508281082433c78fe0083966801b3d7085c521919558dc1265ecbee42f,streaming-long-csv-v1,blocked,Electricity,256,336,42,0.2,3038,0.1999868343097887,15191,True,high_window_overlap
1.0,2026-09-20T11:53:36.910358+00:00,1f59f317f6bf1128dd89b7e15750d6c629bb719c,c6bca509e59ec251e77845d15018f1e4371d415713ddf20ab730abe29547c14f,3369a1508281082433c78fe0083966801b3d7085c521919558dc1265ecbee42f,streaming-long-csv-v1,blocked,Electricity,256,336,42,0.5,7595,0.49996708577447174,15191,True,high_window_overlap
1.0,2026-09-20T11:53:36.910358+00:00,1f59f317f6bf1128dd89b7e15750d6c629bb719c,c6bca509e59ec251e77845d15018f1e4371d415713ddf20ab730abe29547c14f,3369a1508281082433c78fe0083966801b3d7085c521919558dc1265ecbee42f,streaming-long-csv-v1,blocked,Electricity,256,336,42,1.0,15191,1.0,15191,True,high_window_overlap
1.0,2026-09-20T11:53:36.910358+00:00,1f59f317f6bf1128dd89b7e15750d6c629bb719c,c6bca509e59ec251e77845d15018f1e4371d415713ddf20ab730abe29547c14f,3369a1508281082433c78fe0083966801b3d7085c521919558dc1265ecbee42f,streaming-long-csv-v1,blocked,Electricity,256,720,42,0.0,0,0.0,14807,True,
1.0,2026-09-20T11:53:36.910358+00:00,1f59f317f6bf1128dd89b7e15750d6c629bb719c,c6bca509e59ec251e77845d15018f1e4371d415713ddf20ab730abe29547c14f,3369a1508281082433c78fe0083966801b3d7085c521919558dc1265ecbee42f,streaming-long-csv-v1,blocked,Electricity,256,720,42,0.005,74,0.004997636253123523,14807,True,raw_coverage_much_larger_than_window_rate
1.0,2026-09-20T11:53:36.910358+00:00,1f59f317f6bf1128dd89b7e15750d6c629bb719c,c6bca509e59ec251e77845d15018f1e4371d415713ddf20ab730abe29547c14f,3369a1508281082433c78fe0083966801b3d7085c521919558dc1265ecbee42f,streaming-long-csv-v1,blocked,Electricity,256,720,42,0.01,148,0.009995272506247046,14807,True,raw_coverage_much_larger_than_window_rate
1.0,2026-09-20T11:53:36.910358+00:00,1f59f317f6bf1128dd89b7e15750d6c629bb719c,c6bca509e59ec251e77845d15018f1e4371d415713ddf20ab730abe29547c14f,3369a1508281082433c78fe0083966801b3d7085c521919558dc1265ecbee42f,streaming-long-csv-v1,blocked,Electricity,256,720,42,0.02,296,0.01999054501249409,14807,True,raw_coverage_much_larger_than_window_rate;high_window_overlap
1.0,2026-09-20T11:53:36.910358+00:00,1f59f317f6bf1128dd89b7e15750d6c629bb719c,c6bca509e59ec251e77845d15018f1e4371d415713ddf20ab730abe29547c14f,3369a1508281082433c78fe0083966801b3d7085c521919558dc1265ecbee42f,streaming-long-csv-v1,blocked,Electricity,256,720,42,0.05,740,0.049976362531235226,14807,True,raw_coverage_much_larger_than_window_rate;high_window_overlap
1.0,2026-09-20T11:53:36.910358+00:00,1f59f317f6bf1128dd89b7e15750d6c629bb719c,c6bca509e59ec251e77845d15018f1e4371d415713ddf20ab730abe29547c14f,3369a1508281082433c78fe0083966801b3d7085c521919558dc1265ecbee42f,streaming-long-csv-v1,blocked,Electricity,256,720,42,0.1,1480,0.09995272506247045,14807,True,raw_coverage_much_larger_than_window_rate;high_window_overlap
1.0,2026-09-20T11:53:36.910358+00:00,1f59f317f6bf1128dd89b7e15750d6c629bb719c,c6bca509e59ec251e77845d15018f1e4371d415713ddf20ab730abe29547c14f,3369a1508281082433c78fe0083966801b3d7085c521919558dc1265ecbee42f,streaming-long-csv-v1,blocked,Electricity,256,720,42,0.2,2961,0.19997298574998312,14807,True,high_window_overlap
1.0,2026-09-20T11:53:36.910358+00:00,1f59f317f6bf1128dd89b7e15750d6c629bb719c,c6bca509e59ec251e77845d15018f1e4371d415713ddf20ab730abe29547c14f,3369a1508281082433c78fe0083966801b3d7085c521919558dc1265ecbee42f,streaming-long-csv-v1,blocked,Electricity,256,720,42,0.5,7403,0.4999662321874789,14807,True,high_window_overlap
1.0,2026-09-20T11:53:36.910358+00:00,1f59f317f6bf1128dd89b7e15750d6c629bb719c,c6bca509e59ec251e77845d15018f1e4371d415713ddf20ab730abe29547c14f,3369a1508281082433c78fe0083966801b3d7085c521919558dc1265ecbee42f,streaming-long-csv-v1,blocked,Electricity,256,720,42,1.0,14807,1.0,14807,True,high_window_overlap
1.0,2026-09-20T11:53:36.910358+00:00,1f59f317f6bf1128dd89b7e15750d6c629bb719c,c6bca509e59ec251e77845d15018f1e4371d415713ddf20ab730abe29547c14f,3369a1508281082433c78fe0083966801b3d7085c521919558dc1265ecbee42f,streaming-long-csv-v1,blocked,Electricity,512,96,42,0.0,0,0.0,15175,True,
1.0,2026-09-20T11:53:36.910358+00:00,1f59f317f6bf1128dd89b7e15750d6c629bb719c,c6bca509e59ec251e77845d15018f1e4371d415713ddf20ab730abe29547c14f,3369a1508281082433c78fe0083966801b3d7085c521919558dc1265ecbee42f,streaming-long-csv-v1,blocked,Electricity,512,96,42,0.005,75,0.004942339373970346,15175,True,raw_coverage_much_larger_than_window_rate
1.0,2026-09-20T11:53:36.910358+00:00,1f59f317f6bf1128dd89b7e15750d6c629bb719c,c6bca509e59ec251e77845d15018f1e4371d415713ddf20ab730abe29547c14f,3369a1508281082433c78fe0083966801b3d7085c521919558dc1265ecbee42f,streaming-long-csv-v1,blocked,Electricity,512,96,42,0.01,151,0.009950576606260296,15175,True,raw_coverage_much_larger_than_window_rate
1.0,2026-09-20T11:53:36.910358+00:00,1f59f317f6bf1128dd89b7e15750d6c629bb719c,c6bca509e59ec251e77845d15018f1e4371d415713ddf20ab730abe29547c14f,3369a1508281082433c78fe0083966801b3d7085c521919558dc1265ecbee42f,streaming-long-csv-v1,blocked,Electricity,512,96,42,0.02,303,0.019967051070840198,15175,True,raw_coverage_much_larger_than_window_rate;high_window_overlap
1.0,2026-09-20T11:53:36.910358+00:00,1f59f317f6bf1128dd89b7e15750d6c629bb719c,c6bca509e59ec251e77845d15018f1e4371d415713ddf20ab730abe29547c14f,3369a1508281082433c78fe0083966801b3d7085c521919558dc1265ecbee42f,streaming-long-csv-v1,blocked,Electricity,512,96,42,0.05,758,0.049950576606260295,15175,True,raw_coverage_much_larger_than_window_rate;high_window_overlap
1.0,2026-09-20T11:53:36.910358+00:00,1f59f317f6bf1128dd89b7e15750d6c629bb719c,c6bca509e59ec251e77845d15018f1e4371d415713ddf20ab730abe29547c14f,3369a1508281082433c78fe0083966801b3d7085c521919558dc1265ecbee42f,streaming-long-csv-v1,blocked,Electricity,512,96,42,0.1,1517,0.0999670510708402,15175,True,raw_coverage_much_larger_than_window_rate;high_window_overlap
1.0,2026-09-20T11:53:36.910358+00:00,1f59f317f6bf1128dd89b7e15750d6c629bb719c,c6bca509e59ec251e77845d15018f1e4371d415713ddf20ab730abe29547c14f,3369a1508281082433c78fe0083966801b3d7085c521919558dc1265ecbee42f,streaming-long-csv-v1,blocked,Electricity,512,96,42,0.2,3035,0.2,15175,True,high_window_overlap
1.0,2026-09-20T11:53:36.910358+00:00,1f59f317f6bf1128dd89b7e15750d6c629bb719c,c6bca509e59ec251e77845d15018f1e4371d415713ddf20ab730abe29547c14f,3369a1508281082433c78fe0083966801b3d7085c521919558dc1265ecbee42f,streaming-long-csv-v1,blocked,Electricity,512,96,42,0.5,7587,0.4999670510708402,15175,True,high_window_overlap
1.0,2026-09-20T11:53:36.910358+00:00,1f59f317f6bf1128dd89b7e15750d6c629bb719c,c6bca509e59ec251e77845d15018f1e4371d415713ddf20ab730abe29547c14f,3369a1508281082433c78fe0083966801b3d7085c521919558dc1265ecbee42f,streaming-long-csv-v1,blocked,Electricity,512,96,42,1.0,15175,1.0,15175,True,high_window_overlap
1.0,2026-09-20T11:53:36.910358+00:00,1f59f317f6bf1128dd89b7e15750d6c629bb719c,c6bca509e59ec251e77845d15018f1e4371d415713ddf20ab730abe29547c14f,3369a1508281082433c78fe0083966801b3d7085c521919558dc1265ecbee42f,streaming-long-csv-v1,blocked,Electricity,512,192,42,0.0,0,0.0,15079,True,
1.0,2026-09-20T11:53:36.910358+00:00,1f59f317f6bf1128dd89b7e15750d6c629bb719c,c6bca509e59ec251e77845d15018f1e4371d415713ddf20ab730abe29547c14f,3369a1508281082433c78fe0083966801b3d7085c521919558dc1265ecbee42f,streaming-long-csv-v1,blocked,Electricity,512,192,42,0.005,75,0.004973804628954174,15079,True,raw_coverage_much_larger_than_window_rate
1.0,2026-09-20T11:53:36.910358+00:00,1f59f317f6bf1128dd89b7e15750d6c629bb719c,c6bca509e59ec251e77845d15018f1e4371d415713ddf20ab730abe29547c14f,3369a1508281082433c78fe0083966801b3d7085c521919558dc1265ecbee42f,streaming-long-csv-v1,blocked,Electricity,512,192,42,0.01,150,0.009947609257908349,15079,True,raw_coverage_much_larger_than_window_rate
1.0,2026-09-20T11:53:36.910358+00:00,1f59f317f6bf1128dd89b7e15750d6c629bb719c,c6bca509e59ec251e77845d15018f1e4371d415713ddf20ab730abe29547c14f,3369a1508281082433c78fe0083966801b3d7085c521919558dc1265ecbee42f,streaming-long-csv-v1,blocked,Electricity,512,192,42,0.02,301,0.01996153591086942,15079,True,raw_coverage_much_larger_than_window_rate;high_window_overlap
1.0,2026-09-20T11:53:36.910358+00:00,1f59f317f6bf1128dd89b7e15750d6c629bb719c,c6bca509e59ec251e77845d15018f1e4371d415713ddf20ab730abe29547c14f,3369a1508281082433c78fe0083966801b3d7085c521919558dc1265ecbee42f,streaming-long-csv-v1,blocked,Electricity,512,192,42,0.05,753,0.049936998474699915,15079,True,raw_coverage_much_larger_than_window_rate;high_window_overlap
1.0,2026-09-20T11:53:36.910358+00:00,1f59f317f6bf1128dd89b7e15750d6c629bb719c,c6bca509e59ec251e77845d15018f1e4371d415713ddf20ab730abe29547c14f,3369a1508281082433c78fe0083966801b3d7085c521919558dc1265ecbee42f,streaming-long-csv-v1,blocked,Electricity,512,192,42,0.1,1507,0.09994031434445255,15079,True,raw_coverage_much_larger_than_window_rate;high_window_overlap
1.0,2026-09-20T11:53:36.910358+00:00,1f59f317f6bf1128dd89b7e15750d6c629bb719c,c6bca509e59ec251e77845d15018f1e4371d415713ddf20ab730abe29547c14f,3369a1508281082433c78fe0083966801b3d7085c521919558dc1265ecbee42f,streaming-long-csv-v1,blocked,Electricity,512,192,42,0.2,3015,0.19994694608395783,15079,True,high_window_overlap
1.0,2026-09-20T11:53:36.910358+00:00,1f59f317f6bf1128dd89b7e15750d6c629bb719c,c6bca509e59ec251e77845d15018f1e4371d415713ddf20ab730abe29547c14f,3369a1508281082433c78fe0083966801b3d7085c521919558dc1265ecbee42f,streaming-long-csv-v1,blocked,Electricity,512,192,42,0.5,7539,0.49996684130247365,15079,True,high_window_overlap
1.0,2026-09-20T11:53:36.910358+00:00,1f59f317f6bf1128dd89b7e15750d6c629bb719c,c6bca509e59ec251e77845d15018f1e4371d415713ddf20ab730abe29547c14f,3369a1508281082433c78fe0083966801b3d7085c521919558dc1265ecbee42f,streaming-long-csv-v1,blocked,Electricity,512,192,42,1.0,15079,1.0,15079,True,high_window_overlap
1.0,2026-09-20T11:53:36.910358+00:00,1f59f317f6bf1128dd89b7e15750d6c629bb719c,c6bca509e59ec251e77845d15018f1e4371d415713ddf20ab730abe29547c14f,3369a1508281082433c78fe0083966801b3d7085c521919558dc1265ecbee42f,streaming-long-csv-v1,blocked,Electricity,512,336,42,0.0,0,0.0,14935,True,
1.0,2026-09-20T11:53:36.910358+00:00,1f59f317f6bf1128dd89b7e15750d6c629bb719c,c6bca509e59ec251e77845d15018f1e4371d415713ddf20ab730abe29547c14f,3369a1508281082433c78fe0083966801b3d7085c521919558dc1265ecbee42f,streaming-long-csv-v1,blocked,Electricity,512,336,42,0.005,74,0.0049548041513223975,14935,True,raw_coverage_much_larger_than_window_rate
1.0,2026-09-20T11:53:36.910358+00:00,1f59f317f6bf1128dd89b7e15750d6c629bb719c,c6bca509e59ec251e77845d15018f1e4371d415713ddf20ab730abe29547c14f,3369a1508281082433c78fe0083966801b3d7085c521919558dc1265ecbee42f,streaming-long-csv-v1,blocked,Electricity,512,336,42,0.01,149,0.009976565115500503,14935,True,raw_coverage_much_larger_than_window_rate
1.0,2026-09-20T11:53:36.910358+00:00,1f59f317f6bf1128dd89b7e15750d6c629bb719c,c6bca509e59ec251e77845d15018f1e4371d415713ddf20ab730abe29547c14f,3369a1508281082433c78fe0083966801b3d7085c521919558dc1265ecbee42f,streaming-long-csv-v1,blocked,Electricity,512,336,42,0.02,298,0.019953130231001006,14935,True,raw_coverage_much_larger_than_window_rate;high_window_overlap
1.0,2026-09-20T11:53:36.910358+00:00,1f59f317f6bf1128dd89b7e15750d6c629bb719c,c6bca509e59ec251e77845d15018f1e4371d415713ddf20ab730abe29547c14f,3369a1508281082433c78fe0083966801b3d7085c521919558dc1265ecbee42f,streaming-long-csv-v1,blocked,Electricity,512,336,42,0.05,746,0.049949782390358216,14935,True,raw_coverage_much_larger_than_window_rate;high_window_overlap
1.0,2026-09-20T11:53:36.910358+00:00,1f59f317f6bf1128dd89b7e15750d6c629bb719c,c6bca509e59ec251e77845d15018f1e4371d415713ddf20ab730abe29547c14f,3369a1508281082433c78fe0083966801b3d7085c521919558dc1265ecbee42f,streaming-long-csv-v1,blocked,Electricity,512,336,42,0.1,1493,0.09996652159357215,14935,True,raw_coverage_much_larger_than_window_rate;high_window_overlap
1.0,2026-09-20T11:53:36.910358+00:00,1f59f317f6bf1128dd89b7e15750d6c629bb719c,c6bca509e59ec251e77845d15018f1e4371d415713ddf20ab730abe29547c14f,3369a1508281082433c78fe0083966801b3d7085c521919558dc1265ecbee42f,streaming-long-csv-v1,blocked,Electricity,512,336,42,0.2,2987,0.2,14935,True,high_window_overlap
1.0,2026-09-20T11:53:36.910358+00:00,1f59f317f6bf1128dd89b7e15750d6c629bb719c,c6bca509e59ec251e77845d15018f1e4371d415713ddf20ab730abe29547c14f,3369a1508281082433c78fe0083966801b3d7085c521919558dc1265ecbee42f,streaming-long-csv-v1,blocked,Electricity,512,336,42,0.5,7467,0.49996652159357213,14935,True,high_window_overlap
1.0,2026-09-20T11:53:36.910358+00:00,1f59f317f6bf1128dd89b7e15750d6c629bb719c,c6bca509e59ec251e77845d15018f1e4371d415713ddf20ab730abe29547c14f,3369a1508281082433c78fe0083966801b3d7085c521919558dc1265ecbee42f,streaming-long-csv-v1,blocked,Electricity,512,336,42,1.0,14935,1.0,14935,True,high_window_overlap
1.0,2026-09-20T11:53:36.910358+00:00,1f59f317f6bf1128dd89b7e15750d6c629bb719c,c6bca509e59ec251e77845d15018f1e4371d415713ddf20ab730abe29547c14f,3369a1508281082433c78fe0083966801b3d7085c521919558dc1265ecbee42f,streaming-long-csv-v1,blocked,Electricity,512,720,42,0.0,0,0.0,14551,True,
1.0,2026-09-20T11:53:36.910358+00:00,1f59f317f6bf1128dd89b7e15750d6c629bb719c,c6bca509e59ec251e77845d15018f1e4371d415713ddf20ab730abe29547c14f,3369a1508281082433c78fe0083966801b3d7085c521919558dc1265ecbee42f,streaming-long-csv-v1,blocked,Electricity,512,720,42,0.005,72,0.004948113531716034,14551,True,raw_coverage_much_larger_than_window_rate
1.0,2026-09-20T11:53:36.910358+00:00,1f59f317f6bf1128dd89b7e15750d6c629bb719c,c6bca509e59ec251e77845d15018f1e4371d415713ddf20ab730abe29547c14f,3369a1508281082433c78fe0083966801b3d7085c521919558dc1265ecbee42f,streaming-long-csv-v1,blocked,Electricity,512,720,42,0.01,145,0.009964950862483678,14551,True,raw_coverage_much_larger_than_window_rate;high_window_overlap
1.0,2026-09-20T11:53:36.910358+00:00,1f59f317f6bf1128dd89b7e15750d6c629bb719c,c6bca509e59ec251e77845d15018f1e4371d415713ddf20ab730abe29547c14f,3369a1508281082433c78fe0083966801b3d7085c521919558dc1265ecbee42f,streaming-long-csv-v1,blocked,Electricity,512,720,42,0.02,291,0.019998625524018966,14551,True,raw_coverage_much_larger_than_window_rate;high_window_overlap
1.0,2026-09-20T11:53:36.910358+00:00,1f59f317f6bf1128dd89b7e15750d6c629bb719c,c6bca509e59ec251e77845d15018f1e4371d415713ddf20ab730abe29547c14f,3369a1508281082433c78fe0083966801b3d7085c521919558dc1265ecbee42f,streaming-long-csv-v1,blocked,Electricity,512,720,42,0.05,727,0.049962201910521614,14551,True,raw_coverage_much_larger_than_window_rate;high_window_overlap
1.0,2026-09-20T11:53:36.910358+00:00,1f59f317f6bf1128dd89b7e15750d6c629bb719c,c6bca509e59ec251e77845d15018f1e4371d415713ddf20ab730abe29547c14f,3369a1508281082433c78fe0083966801b3d7085c521919558dc1265ecbee42f,streaming-long-csv-v1,blocked,Electricity,512,720,42,0.1,1455,0.09999312762009484,14551,True,raw_coverage_much_larger_than_window_rate;high_window_overlap
1.0,2026-09-20T11:53:36.910358+00:00,1f59f317f6bf1128dd89b7e15750d6c629bb719c,c6bca509e59ec251e77845d15018f1e4371d415713ddf20ab730abe29547c14f,3369a1508281082433c78fe0083966801b3d7085c521919558dc1265ecbee42f,streaming-long-csv-v1,blocked,Electricity,512,720,42,0.2,2910,0.19998625524018968,14551,True,high_window_overlap
1.0,2026-09-20T11:53:36.910358+00:00,1f59f317f6bf1128dd89b7e15750d6c629bb719c,c6bca509e59ec251e77845d15018f1e4371d415713ddf20ab730abe29547c14f,3369a1508281082433c78fe0083966801b3d7085c521919558dc1265ecbee42f,streaming-long-csv-v1,blocked,Electricity,512,720,42,0.5,7275,0.4999656381004742,14551,True,high_window_overlap
1.0,2026-09-20T11:53:36.910358+00:00,1f59f317f6bf1128dd89b7e15750d6c629bb719c,c6bca509e59ec251e77845d15018f1e4371d415713ddf20ab730abe29547c14f,3369a1508281082433c78fe0083966801b3d7085c521919558dc1265ecbee42f,streaming-long-csv-v1,blocked,Electricity,512,720,42,1.0,14551,1.0,14551,True,high_window_overlap
1.0,2026-09-20T11:53:36.910358+00:00,1f59f317f6bf1128dd89b7e15750d6c629bb719c,eca59887b0ae3eb1420a03dc6ec2db610b3f47b7df21ed58912a5b533dbf739b,3369a1508281082433c78fe0083966801b3d7085c521919558dc1265ecbee42f,streaming-long-csv-v1,blocked,Traffic,256,96,42,0.0,0,0.0,10175,True,
1.0,2026-09-20T11:53:36.910358+00:00,1f59f317f6bf1128dd89b7e15750d6c629bb719c,eca59887b0ae3eb1420a03dc6ec2db610b3f47b7df21ed58912a5b533dbf739b,3369a1508281082433c78fe0083966801b3d7085c521919558dc1265ecbee42f,streaming-long-csv-v1,blocked,Traffic,256,96,42,0.005,50,0.004914004914004914,10175,True,raw_coverage_much_larger_than_window_rate
1.0,2026-09-20T11:53:36.910358+00:00,1f59f317f6bf1128dd89b7e15750d6c629bb719c,eca59887b0ae3eb1420a03dc6ec2db610b3f47b7df21ed58912a5b533dbf739b,3369a1508281082433c78fe0083966801b3d7085c521919558dc1265ecbee42f,streaming-long-csv-v1,blocked,Traffic,256,96,42,0.01,101,0.009926289926289926,10175,True,raw_coverage_much_larger_than_window_rate
1.0,2026-09-20T11:53:36.910358+00:00,1f59f317f6bf1128dd89b7e15750d6c629bb719c,eca59887b0ae3eb1420a03dc6ec2db610b3f47b7df21ed58912a5b533dbf739b,3369a1508281082433c78fe0083966801b3d7085c521919558dc1265ecbee42f,streaming-long-csv-v1,blocked,Traffic,256,96,42,0.02,203,0.01995085995085995,10175,True,raw_coverage_much_larger_than_window_rate
1.0,2026-09-20T11:53:36.910358+00:00,1f59f317f6bf1128dd89b7e15750d6c629bb719c,eca59887b0ae3eb1420a03dc6ec2db610b3f47b7df21ed58912a5b533dbf739b,3369a1508281082433c78fe0083966801b3d7085c521919558dc1265ecbee42f,streaming-long-csv-v1,blocked,Traffic,256,96,42,0.05,508,0.049926289926289925,10175,True,raw_coverage_much_larger_than_window_rate;high_window_overlap
1.0,2026-09-20T11:53:36.910358+00:00,1f59f317f6bf1128dd89b7e15750d6c629bb719c,eca59887b0ae3eb1420a03dc6ec2db610b3f47b7df21ed58912a5b533dbf739b,3369a1508281082433c78fe0083966801b3d7085c521919558dc1265ecbee42f,streaming-long-csv-v1,blocked,Traffic,256,96,42,0.1,1017,0.09995085995085995,10175,True,raw_coverage_much_larger_than_window_rate;high_window_overlap
1.0,2026-09-20T11:53:36.910358+00:00,1f59f317f6bf1128dd89b7e15750d6c629bb719c,eca59887b0ae3eb1420a03dc6ec2db610b3f47b7df21ed58912a5b533dbf739b,3369a1508281082433c78fe0083966801b3d7085c521919558dc1265ecbee42f,streaming-long-csv-v1,blocked,Traffic,256,96,42,0.2,2035,0.2,10175,True,high_window_overlap
1.0,2026-09-20T11:53:36.910358+00:00,1f59f317f6bf1128dd89b7e15750d6c629bb719c,eca59887b0ae3eb1420a03dc6ec2db610b3f47b7df21ed58912a5b533dbf739b,3369a1508281082433c78fe0083966801b3d7085c521919558dc1265ecbee42f,streaming-long-csv-v1,blocked,Traffic,256,96,42,0.5,5087,0.49995085995085997,10175,True,high_window_overlap
1.0,2026-09-20T11:53:36.910358+00:00,1f59f317f6bf1128dd89b7e15750d6c629bb719c,eca59887b0ae3eb1420a03dc6ec2db610b3f47b7df21ed58912a5b533dbf739b,3369a1508281082433c78fe0083966801b3d7085c521919558dc1265ecbee42f,streaming-long-csv-v1,blocked,Traffic,256,96,42,1.0,10175,1.0,10175,True,high_window_overlap
1.0,2026-09-20T11:53:36.910358+00:00,1f59f317f6bf1128dd89b7e15750d6c629bb719c,eca59887b0ae3eb1420a03dc6ec2db610b3f47b7df21ed58912a5b533dbf739b,3369a1508281082433c78fe0083966801b3d7085c521919558dc1265ecbee42f,streaming-long-csv-v1,blocked,Traffic,256,192,42,0.0,0,0.0,10079,True,
1.0,2026-09-20T11:53:36.910358+00:00,1f59f317f6bf1128dd89b7e15750d6c629bb719c,eca59887b0ae3eb1420a03dc6ec2db610b3f47b7df21ed58912a5b533dbf739b,3369a1508281082433c78fe0083966801b3d7085c521919558dc1265ecbee42f,streaming-long-csv-v1,blocked,Traffic,256,192,42,0.005,50,0.004960809604127394,10079,True,raw_coverage_much_larger_than_window_rate
1.0,2026-09-20T11:53:36.910358+00:00,1f59f317f6bf1128dd89b7e15750d6c629bb719c,eca59887b0ae3eb1420a03dc6ec2db610b3f47b7df21ed58912a5b533dbf739b,3369a1508281082433c78fe0083966801b3d7085c521919558dc1265ecbee42f,streaming-long-csv-v1,blocked,Traffic,256,192,42,0.01,100,0.009921619208254788,10079,True,raw_coverage_much_larger_than_window_rate
1.0,2026-09-20T11:53:36.910358+00:00,1f59f317f6bf1128dd89b7e15750d6c629bb719c,eca59887b0ae3eb1420a03dc6ec2db610b3f47b7df21ed58912a5b533dbf739b,3369a1508281082433c78fe0083966801b3d7085c521919558dc1265ecbee42f,streaming-long-csv-v1,blocked,Traffic,256,192,42,0.02,201,0.019942454608592123,10079,True,raw_coverage_much_larger_than_window_rate
1.0,2026-09-20T11:53:36.910358+00:00,1f59f317f6bf1128dd89b7e15750d6c629bb719c,eca59887b0ae3eb1420a03dc6ec2db610b3f47b7df21ed58912a5b533dbf739b,3369a1508281082433c78fe0083966801b3d7085c521919558dc1265ecbee42f,streaming-long-csv-v1,blocked,Traffic,256,192,42,0.05,503,0.04990574461752158,10079,True,raw_coverage_much_larger_than_window_rate;high_window_overlap
1.0,2026-09-20T11:53:36.910358+00:00,1f59f317f6bf1128dd89b7e15750d6c629bb719c,eca59887b0ae3eb1420a03dc6ec2db610b3f47b7df21ed58912a5b533dbf739b,3369a1508281082433c78fe0083966801b3d7085c521919558dc1265ecbee42f,streaming-long-csv-v1,blocked,Traffic,256,192,42,0.1,1007,0.09991070542712571,10079,True,raw_coverage_much_larger_than_window_rate;high_window_overlap
1.0,2026-09-20T11:53:36.910358+00:00,1f59f317f6bf1128dd89b7e15750d6c629bb719c,eca59887b0ae3eb1420a03dc6ec2db610b3f47b7df21ed58912a5b533dbf739b,3369a1508281082433c78fe0083966801b3d7085c521919558dc1265ecbee42f,streaming-long-csv-v1,blocked,Traffic,256,192,42,0.2,2015,0.19992062704633395,10079,True,high_window_overlap
1.0,2026-09-20T11:53:36.910358+00:00,1f59f317f6bf1128dd89b7e15750d6c629bb719c,eca59887b0ae3eb1420a03dc6ec2db610b3f47b7df21ed58912a5b533dbf739b,3369a1508281082433c78fe0083966801b3d7085c521919558dc1265ecbee42f,streaming-long-csv-v1,blocked,Traffic,256,192,42,0.5,5039,0.49995039190395874,10079,True,high_window_overlap
1.0,2026-09-20T11:53:36.910358+00:00,1f59f317f6bf1128dd89b7e15750d6c629bb719c,eca59887b0ae3eb1420a03dc6ec2db610b3f47b7df21ed58912a5b533dbf739b,3369a1508281082433c78fe0083966801b3d7085c521919558dc1265ecbee42f,streaming-long-csv-v1,blocked,Traffic,256,192,42,1.0,10079,1.0,10079,True,high_window_overlap
1.0,2026-09-20T11:53:36.910358+00:00,1f59f317f6bf1128dd89b7e15750d6c629bb719c,eca59887b0ae3eb1420a03dc6ec2db610b3f47b7df21ed58912a5b533dbf739b,3369a1508281082433c78fe0083966801b3d7085c521919558dc1265ecbee42f,streaming-long-csv-v1,blocked,Traffic,256,336,42,0.0,0,0.0,9935,True,
1.0,2026-09-20T11:53:36.910358+00:00,1f59f317f6bf1128dd89b7e15750d6c629bb719c,eca59887b0ae3eb1420a03dc6ec2db610b3f47b7df21ed58912a5b533dbf739b,3369a1508281082433c78fe0083966801b3d7085c521919558dc1265ecbee42f,streaming-long-csv-v1,blocked,Traffic,256,336,42,0.005,49,0.004932058379466532,9935,True,raw_coverage_much_larger_than_window_rate
1.0,2026-09-20T11:53:36.910358+00:00,1f59f317f6bf1128dd89b7e15750d6c629bb719c,eca59887b0ae3eb1420a03dc6ec2db610b3f47b7df21ed58912a5b533dbf739b,3369a1508281082433c78fe0083966801b3d7085c521919558dc1265ecbee42f,streaming-long-csv-v1,blocked,Traffic,256,336,42,0.01,99,0.00996477101157524,9935,True,raw_coverage_much_larger_than_window_rate
1.0,2026-09-20T11:53:36.910358+00:00,1f59f317f6bf1128dd89b7e15750d6c629bb719c,eca59887b0ae3eb1420a03dc6ec2db610b3f47b7df21ed58912a5b533dbf739b,3369a1508281082433c78fe0083966801b3d7085c521919558dc1265ecbee42f,streaming-long-csv-v1,blocked,Traffic,256,336,42,0.02,198,0.01992954202315048,9935,True,raw_coverage_much_larger_than_window_rate;high_window_overlap
1.0,2026-09-20T11:53:36.910358+00:00,1f59f317f6bf1128dd89b7e15750d6c629bb719c,eca59887b0ae3eb1420a03dc6ec2db610b3f47b7df21ed58912a5b533dbf739b,3369a1508281082433c78fe0083966801b3d7085c521919558dc1265ecbee42f,streaming-long-csv-v1,blocked,Traffic,256,336,42,0.05,496,0.04992450931051837,9935,True,raw_coverage_much_larger_than_window_rate;high_window_overlap
1.0,2026-09-20T11:53:36.910358+00:00,1f59f317f6bf1128dd89b7e15750d6c629bb719c,eca59887b0ae3eb1420a03dc6ec2db610b3f47b7df21ed58912a5b533dbf739b,3369a1508281082433c78fe0083966801b3d7085c521919558dc1265ecbee42f,streaming-long-csv-v1,blocked,Traffic,256,336,42,0.1,993,0.09994967287367891,9935,True,raw_coverage_much_larger_than_window_rate;high_window_overlap
1.0,2026-09-20T11:53:36.910358+00:00,1f59f317f6bf1128dd89b7e15750d6c629bb719c,eca59887b0ae3eb1420a03dc6ec2db610b3f47b7df21ed58912a5b533dbf739b,3369a1508281082433c78fe0083966801b3d7085c521919558dc1265ecbee42f,streaming-long-csv-v1,blocked,Traffic,256,336,42,0.2,1987,0.2,9935,True,high_window_overlap
1.0,2026-09-20T11:53:36.910358+00:00,1f59f317f6bf1128dd89b7e15750d6c629bb719c,eca59887b0ae3eb1420a03dc6ec2db610b3f47b7df21ed58912a5b533dbf739b,3369a1508281082433c78fe0083966801b3d7085c521919558dc1265ecbee42f,streaming-long-csv-v1,blocked,Traffic,256,336,42,0.5,4967,0.4999496728736789,9935,True,high_window_overlap
1.0,2026-09-20T11:53:36.910358+00:00,1f59f317f6bf1128dd89b7e15750d6c629bb719c,eca59887b0ae3eb1420a03dc6ec2db610b3f47b7df21ed58912a5b533dbf739b,3369a1508281082433c78fe0083966801b3d7085c521919558dc1265ecbee42f,streaming-long-csv-v1,blocked,Traffic,256,336,42,1.0,9935,1.0,9935,True,high_window_overlap
1.0,2026-09-20T11:53:36.910358+00:00,1f59f317f6bf1128dd89b7e15750d6c629bb719c,eca59887b0ae3eb1420a03dc6ec2db610b3f47b7df21ed58912a5b533dbf739b,3369a1508281082433c78fe0083966801b3d7085c521919558dc1265ecbee42f,streaming-long-csv-v1,blocked,Traffic,256,720,42,0.0,0,0.0,9551,True,
1.0,2026-09-20T11:53:36.910358+00:00,1f59f317f6bf1128dd89b7e15750d6c629bb719c,eca59887b0ae3eb1420a03dc6ec2db610b3f47b7df21ed58912a5b533dbf739b,3369a1508281082433c78fe0083966801b3d7085c521919558dc1265ecbee42f,streaming-long-csv-v1,blocked,Traffic,256,720,42,0.005,47,0.004920950685792064,9551,True,raw_coverage_much_larger_than_window_rate
1.0,2026-09-20T11:53:36.910358+00:00,1f59f317f6bf1128dd89b7e15750d6c629bb719c,eca59887b0ae3eb1420a03dc6ec2db610b3f47b7df21ed58912a5b533dbf739b,3369a1508281082433c78fe0083966801b3d7085c521919558dc1265ecbee42f,streaming-long-csv-v1,blocked,Traffic,256,720,42,0.01,95,0.009946602450005235,9551,True,raw_coverage_much_larger_than_window_rate
1.0,2026-09-20T11:53:36.910358+00:00,1f59f317f6bf1128dd89b7e15750d6c629bb719c,eca59887b0ae3eb1420a03dc6ec2db610b3f47b7df21ed58912a5b533dbf739b,3369a1508281082433c78fe0083966801b3d7085c521919558dc1265ecbee42f,streaming-long-csv-v1,blocked,Traffic,256,720,42,0.02,191,0.01999790597843158,9551,True,raw_coverage_much_larger_than_window_rate;high_window_overlap
1.0,2026-09-20T11:53:36.910358+00:00,1f59f317f6bf1128dd89b7e15750d6c629bb719c,eca59887b0ae3eb1420a03dc6ec2db610b3f47b7df21ed58912a5b533dbf739b,3369a1508281082433c78fe0083966801b3d7085c521919558dc1265ecbee42f,streaming-long-csv-v1,blocked,Traffic,256,720,42,0.05,477,0.04994241440686839,9551,True,raw_coverage_much_larger_than_window_rate;high_window_overlap
1.0,2026-09-20T11:53:36.910358+00:00,1f59f317f6bf1128dd89b7e15750d6c629bb719c,eca59887b0ae3eb1420a03dc6ec2db610b3f47b7df21ed58912a5b533dbf739b,3369a1508281082433c78fe0083966801b3d7085c521919558dc1265ecbee42f,streaming-long-csv-v1,blocked,Traffic,256,720,42,0.1,955,0.09998952989215788,9551,True,raw_coverage_much_larger_than_window_rate;high_window_overlap
1.0,2026-09-20T11:53:36.910358+00:00,1f59f317f6bf1128dd89b7e15750d6c629bb719c,eca59887b0ae3eb1420a03dc6ec2db610b3f47b7df21ed58912a5b533dbf739b,3369a1508281082433c78fe0083966801b3d7085c521919558dc1265ecbee42f,streaming-long-csv-v1,blocked,Traffic,256,720,42,0.2,1910,0.19997905978431577,9551,True,high_window_overlap
1.0,2026-09-20T11:53:36.910358+00:00,1f59f317f6bf1128dd89b7e15750d6c629bb719c,eca59887b0ae3eb1420a03dc6ec2db610b3f47b7df21ed58912a5b533dbf739b,3369a1508281082433c78fe0083966801b3d7085c521919558dc1265ecbee42f,streaming-long-csv-v1,blocked,Traffic,256,720,42,0.5,4775,0.49994764946078946,9551,True,high_window_overlap
1.0,2026-09-20T11:53:36.910358+00:00,1f59f317f6bf1128dd89b7e15750d6c629bb719c,eca59887b0ae3eb1420a03dc6ec2db610b3f47b7df21ed58912a5b533dbf739b,3369a1508281082433c78fe0083966801b3d7085c521919558dc1265ecbee42f,streaming-long-csv-v1,blocked,Traffic,256,720,42,1.0,9551,1.0,9551,True,high_window_overlap
1.0,2026-09-20T11:53:36.910358+00:00,1f59f317f6bf1128dd89b7e15750d6c629bb719c,eca59887b0ae3eb1420a03dc6ec2db610b3f47b7df21ed58912a5b533dbf739b,3369a1508281082433c78fe0083966801b3d7085c521919558dc1265ecbee42f,streaming-long-csv-v1,blocked,Traffic,512,96,42,0.0,0,0.0,9919,True,
1.0,2026-09-20T11:53:36.910358+00:00,1f59f317f6bf1128dd89b7e15750d6c629bb719c,eca59887b0ae3eb1420a03dc6ec2db610b3f47b7df21ed58912a5b533dbf739b,3369a1508281082433c78fe0083966801b3d7085c521919558dc1265ecbee42f,streaming-long-csv-v1,blocked,Traffic,512,96,42,0.005,49,0.004940014114326041,9919,True,raw_coverage_much_larger_than_window_rate
1.0,2026-09-20T11:53:36.910358+00:00,1f59f317f6bf1128dd89b7e15750d6c629bb719c,eca59887b0ae3eb1420a03dc6ec2db610b3f47b7df21ed58912a5b533dbf739b,3369a1508281082433c78fe0083966801b3d7085c521919558dc1265ecbee42f,streaming-long-csv-v1,blocked,Traffic,512,96,42,0.01,99,0.009980844843230164,9919,True,raw_coverage_much_larger_than_window_rate
1.0,2026-09-20T11:53:36.910358+00:00,1f59f317f6bf1128dd89b7e15750d6c629bb719c,eca59887b0ae3eb1420a03dc6ec2db610b3f47b7df21ed58912a5b533dbf739b,3369a1508281082433c78fe0083966801b3d7085c521919558dc1265ecbee42f,streaming-long-csv-v1,blocked,Traffic,512,96,42,0.02,198,0.019961689686460327,9919,True,raw_coverage_much_larger_than_window_rate;high_window_overlap
1.0,2026-09-20T11:53:36.910358+00:00,1f59f317f6bf1128dd89b7e15750d6c629bb719c,eca59887b0ae3eb1420a03dc6ec2db610b3f47b7df21ed58912a5b533dbf739b,3369a1508281082433c78fe0083966801b3d7085c521919558dc1265ecbee42f,streaming-long-csv-v1,blocked,Traffic,512,96,42,0.05,495,0.04990422421615082,9919,True,raw_coverage_much_larger_than_window_rate;high_window_overlap
1.0,2026-09-20T11:53:36.910358+00:00,1f59f317f6bf1128dd89b7e15750d6c629bb719c,eca59887b0ae3eb1420a03dc6ec2db610b3f47b7df21ed58912a5b533dbf739b,3369a1508281082433c78fe0083966801b3d7085c521919558dc1265ecbee42f,streaming-long-csv-v1,blocked,Traffic,512,96,42,0.1,991,0.09990926504687972,9919,True,raw_coverage_much_larger_than_window_rate;high_window_overlap
1.0,2026-09-20T11:53:36.910358+00:00,1f59f317f6bf1128dd89b7e15750d6c629bb719c,eca59887b0ae3eb1420a03dc6ec2db610b3f47b7df21ed58912a5b533dbf739b,3369a1508281082433c78fe0083966801b3d7085c521919558dc1265ecbee42f,streaming-long-csv-v1,blocked,Traffic,512,96,42,0.2,1983,0.19991934670833753,9919,True,high_window_overlap
1.0,2026-09-20T11:53:36.910358+00:00,1f59f317f6bf1128dd89b7e15750d6c629bb719c,eca59887b0ae3eb1420a03dc6ec2db610b3f47b7df21ed58912a5b533dbf739b,3369a1508281082433c78fe0083966801b3d7085c521919558dc1265ecbee42f,streaming-long-csv-v1,blocked,Traffic,512,96,42,0.5,4959,0.49994959169271097,9919,True,high_window_overlap
1.0,2026-09-20T11:53:36.910358+00:00,1f59f317f6bf1128dd89b7e15750d6c629bb719c,eca59887b0ae3eb1420a03dc6ec2db610b3f47b7df21ed58912a5b533dbf739b,3369a1508281082433c78fe0083966801b3d7085c521919558dc1265ecbee42f,streaming-long-csv-v1,blocked,Traffic,512,96,42,1.0,9919,1.0,9919,True,high_window_overlap
1.0,2026-09-20T11:53:36.910358+00:00,1f59f317f6bf1128dd89b7e15750d6c629bb719c,eca59887b0ae3eb1420a03dc6ec2db610b3f47b7df21ed58912a5b533dbf739b,3369a1508281082433c78fe0083966801b3d7085c521919558dc1265ecbee42f,streaming-long-csv-v1,blocked,Traffic,512,192,42,0.0,0,0.0,9823,True,
1.0,2026-09-20T11:53:36.910358+00:00,1f59f317f6bf1128dd89b7e15750d6c629bb719c,eca59887b0ae3eb1420a03dc6ec2db610b3f47b7df21ed58912a5b533dbf739b,3369a1508281082433c78fe0083966801b3d7085c521919558dc1265ecbee42f,streaming-long-csv-v1,blocked,Traffic,512,192,42,0.005,49,0.00498829278224575,9823,True,raw_coverage_much_larger_than_window_rate
1.0,2026-09-20T11:53:36.910358+00:00,1f59f317f6bf1128dd89b7e15750d6c629bb719c,eca59887b0ae3eb1420a03dc6ec2db610b3f47b7df21ed58912a5b533dbf739b,3369a1508281082433c78fe0083966801b3d7085c521919558dc1265ecbee42f,streaming-long-csv-v1,blocked,Traffic,512,192,42,0.01,98,0.0099765855644915,9823,True,raw_coverage_much_larger_than_window_rate
1.0,2026-09-20T11:53:36.910358+00:00,1f59f317f6bf1128dd89b7e15750d6c629bb719c,eca59887b0ae3eb1420a03dc6ec2db610b3f47b7df21ed58912a5b533dbf739b,3369a1508281082433c78fe0083966801b3d7085c521919558dc1265ecbee42f,streaming-long-csv-v1,blocked,Traffic,512,192,42,0.02,196,0.019953171128983,9823,True,raw_coverage_much_larger_than_window_rate;high_window_overlap
1.0,2026-09-20T11:53:36.910358+00:00,1f59f317f6bf1128dd89b7e15750d6c629bb719c,eca59887b0ae3eb1420a03dc6ec2db610b3f47b7df21ed58912a5b533dbf739b,3369a1508281082433c78fe0083966801b3d7085c521919558dc1265ecbee42f,streaming-long-csv-v1,blocked,Traffic,512,192,42,0.05,491,0.04998472971597272,9823,True,raw_coverage_much_larger_than_window_rate;high_window_overlap
1.0,2026-09-20T11:53:36.910358+00:00,1f59f317f6bf1128dd89b7e15750d6c629bb719c,eca59887b0ae3eb1420a03dc6ec2db610b3f47b7df21ed58912a5b533dbf739b,3369a1508281082433c78fe0083966801b3d7085c521919558dc1265ecbee42f,streaming-long-csv-v1,blocked,Traffic,512,192,42,0.1,982,0.09996945943194543,9823,True,raw_coverage_much_larger_than_window_rate;high_window_overlap
1.0,2026-09-20T11:53:36.910358+00:00,1f59f317f6bf1128dd89b7e15750d6c629bb719c,eca59887b0ae3eb1420a03dc6ec2db610b3f47b7df21ed58912a5b533dbf739b,3369a1508281082433c78fe0083966801b3d7085c521919558dc1265ecbee42f,streaming-long-csv-v1,blocked,Traffic,512,192,42,0.2,1964,0.19993891886389087,9823,True,high_window_overlap
1.0,2026-09-20T11:53:36.910358+00:00,1f59f317f6bf1128dd89b7e15750d6c629bb719c,eca59887b0ae3eb1420a03dc6ec2db610b3f47b7df21ed58912a5b533dbf739b,3369a1508281082433c78fe0083966801b3d7085c521919558dc1265ecbee42f,streaming-long-csv-v1,blocked,Traffic,512,192,42,0.5,4911,0.49994909905324236,9823,True,high_window_overlap
1.0,2026-09-20T11:53:36.910358+00:00,1f59f317f6bf1128dd89b7e15750d6c629bb719c,eca59887b0ae3eb1420a03dc6ec2db610b3f47b7df21ed58912a5b533dbf739b,3369a1508281082433c78fe0083966801b3d7085c521919558dc1265ecbee42f,streaming-long-csv-v1,blocked,Traffic,512,192,42,1.0,9823,1.0,9823,True,high_window_overlap
1.0,2026-09-20T11:53:36.910358+00:00,1f59f317f6bf1128dd89b7e15750d6c629bb719c,eca59887b0ae3eb1420a03dc6ec2db610b3f47b7df21ed58912a5b533dbf739b,3369a1508281082433c78fe0083966801b3d7085c521919558dc1265ecbee42f,streaming-long-csv-v1,blocked,Traffic,512,336,42,0.0,0,0.0,9679,True,
1.0,2026-09-20T11:53:36.910358+00:00,1f59f317f6bf1128dd89b7e15750d6c629bb719c,eca59887b0ae3eb1420a03dc6ec2db610b3f47b7df21ed58912a5b533dbf739b,3369a1508281082433c78fe0083966801b3d7085c521919558dc1265ecbee42f,streaming-long-csv-v1,blocked,Traffic,512,336,42,0.005,48,0.004959189998966836,9679,True,raw_coverage_much_larger_than_window_rate
1.0,2026-09-20T11:53:36.910358+00:00,1f59f317f6bf1128dd89b7e15750d6c629bb719c,eca59887b0ae3eb1420a03dc6ec2db610b3f47b7df21ed58912a5b533dbf739b,3369a1508281082433c78fe0083966801b3d7085c521919558dc1265ecbee42f,streaming-long-csv-v1,blocked,Traffic,512,336,42,0.01,96,0.009918379997933671,9679,True,raw_coverage_much_larger_than_window_rate
1.0,2026-09-20T11:53:36.910358+00:00,1f59f317f6bf1128dd89b7e15750d6c629bb719c,eca59887b0ae3eb1420a03dc6ec2db610b3f47b7df21ed58912a5b533dbf739b,3369a1508281082433c78fe0083966801b3d7085c521919558dc1265ecbee42f,streaming-long-csv-v1,blocked,Traffic,512,336,42,0.02,193,0.01994007645417915,9679,True,raw_coverage_much_larger_than_window_rate;high_window_overlap
1.0,2026-09-20T11:53:36.910358+00:00,1f59f317f6bf1128dd89b7e15750d6c629bb719c,eca59887b0ae3eb1420a03dc6ec2db610b3f47b7df21ed58912a5b533dbf739b,3369a1508281082433c78fe0083966801b3d7085c521919558dc1265ecbee42f,streaming-long-csv-v1,blocked,Traffic,512,336,42,0.05,483,0.04990184936460378,9679,True,raw_coverage_much_larger_than_window_rate;high_window_overlap
1.0,2026-09-20T11:53:36.910358+00:00,1f59f317f6bf1128dd89b7e15750d6c629bb719c,eca59887b0ae3eb1420a03dc6ec2db610b3f47b7df21ed58912a5b533dbf739b,3369a1508281082433c78fe0083966801b3d7085c521919558dc1265ecbee42f,streaming-long-csv-v1,blocked,Traffic,512,336,42,0.1,967,0.09990701518751938,9679,True,raw_coverage_much_larger_than_window_rate;high_window_overlap
1.0,2026-09-20T11:53:36.910358+00:00,1f59f317f6bf1128dd89b7e15750d6c629bb719c,eca59887b0ae3eb1420a03dc6ec2db610b3f47b7df21ed58912a5b533dbf739b,3369a1508281082433c78fe0083966801b3d7085c521919558dc1265ecbee42f,streaming-long-csv-v1,blocked,Traffic,512,336,42,0.2,1935,0.19991734683335055,9679,True,high_window_overlap
1.0,2026-09-20T11:53:36.910358+00:00,1f59f317f6bf1128dd89b7e15750d6c629bb719c,eca59887b0ae3eb1420a03dc6ec2db610b3f47b7df21ed58912a5b533dbf739b,3369a1508281082433c78fe0083966801b3d7085c521919558dc1265ecbee42f,streaming-long-csv-v1,blocked,Traffic,512,336,42,0.5,4839,0.4999483417708441,9679,True,high_window_overlap
1.0,2026-09-20T11:53:36.910358+00:00,1f59f317f6bf1128dd89b7e15750d6c629bb719c,eca59887b0ae3eb1420a03dc6ec2db610b3f47b7df21ed58912a5b533dbf739b,3369a1508281082433c78fe0083966801b3d7085c521919558dc1265ecbee42f,streaming-long-csv-v1,blocked,Traffic,512,336,42,1.0,9679,1.0,9679,True,high_window_overlap
1.0,2026-09-20T11:53:36.910358+00:00,1f59f317f6bf1128dd89b7e15750d6c629bb719c,eca59887b0ae3eb1420a03dc6ec2db610b3f47b7df21ed58912a5b533dbf739b,3369a1508281082433c78fe0083966801b3d7085c521919558dc1265ecbee42f,streaming-long-csv-v1,blocked,Traffic,512,720,42,0.0,0,0.0,9295,True,
1.0,2026-09-20T11:53:36.910358+00:00,1f59f317f6bf1128dd89b7e15750d6c629bb719c,eca59887b0ae3eb1420a03dc6ec2db610b3f47b7df21ed58912a5b533dbf739b,3369a1508281082433c78fe0083966801b3d7085c521919558dc1265ecbee42f,streaming-long-csv-v1,blocked,Traffic,512,720,42,0.005,46,0.0049488972565895645,9295,True,raw_coverage_much_larger_than_window_rate
1.0,2026-09-20T11:53:36.910358+00:00,1f59f317f6bf1128dd89b7e15750d6c629bb719c,eca59887b0ae3eb1420a03dc6ec2db610b3f47b7df21ed58912a5b533dbf739b,3369a1508281082433c78fe0083966801b3d7085c521919558dc1265ecbee42f,streaming-long-csv-v1,blocked,Traffic,512,720,42,0.01,92,0.009897794513179129,9295,True,raw_coverage_much_larger_than_window_rate;high_window_overlap
1.0,2026-09-20T11:53:36.910358+00:00,1f59f317f6bf1128dd89b7e15750d6c629bb719c,eca59887b0ae3eb1420a03dc6ec2db610b3f47b7df21ed58912a5b533dbf739b,3369a1508281082433c78fe0083966801b3d7085c521919558dc1265ecbee42f,streaming-long-csv-v1,blocked,Traffic,512,720,42,0.02,185,0.019903173749327596,9295,True,raw_coverage_much_larger_than_window_rate;high_window_overlap
1.0,2026-09-20T11:53:36.910358+00:00,1f59f317f6bf1128dd89b7e15750d6c629bb719c,eca59887b0ae3eb1420a03dc6ec2db610b3f47b7df21ed58912a5b533dbf739b,3369a1508281082433c78fe0083966801b3d7085c521919558dc1265ecbee42f,streaming-long-csv-v1,blocked,Traffic,512,720,42,0.05,464,0.049919311457772994,9295,True,raw_coverage_much_larger_than_window_rate;high_window_overlap
1.0,2026-09-20T11:53:36.910358+00:00,1f59f317f6bf1128dd89b7e15750d6c629bb719c,eca59887b0ae3eb1420a03dc6ec2db610b3f47b7df21ed58912a5b533dbf739b,3369a1508281082433c78fe0083966801b3d7085c521919558dc1265ecbee42f,streaming-long-csv-v1,blocked,Traffic,512,720,42,0.1,929,0.09994620763851533,9295,True,raw_coverage_much_larger_than_window_rate;high_window_overlap
1.0,2026-09-20T11:53:36.910358+00:00,1f59f317f6bf1128dd89b7e15750d6c629bb719c,eca59887b0ae3eb1420a03dc6ec2db610b3f47b7df21ed58912a5b533dbf739b,3369a1508281082433c78fe0083966801b3d7085c521919558dc1265ecbee42f,streaming-long-csv-v1,blocked,Traffic,512,720,42,0.2,1859,0.2,9295,True,high_window_overlap
1.0,2026-09-20T11:53:36.910358+00:00,1f59f317f6bf1128dd89b7e15750d6c629bb719c,eca59887b0ae3eb1420a03dc6ec2db610b3f47b7df21ed58912a5b533dbf739b,3369a1508281082433c78fe0083966801b3d7085c521919558dc1265ecbee42f,streaming-long-csv-v1,blocked,Traffic,512,720,42,0.5,4647,0.4999462076385153,9295,True,high_window_overlap
1.0,2026-09-20T11:53:36.910358+00:00,1f59f317f6bf1128dd89b7e15750d6c629bb719c,eca59887b0ae3eb1420a03dc6ec2db610b3f47b7df21ed58912a5b533dbf739b,3369a1508281082433c78fe0083966801b3d7085c521919558dc1265ecbee42f,streaming-long-csv-v1,blocked,Traffic,512,720,42,1.0,9295,1.0,9295,True,high_window_overlap
1.0,2026-09-20T11:53:36.910358+00:00,1f59f317f6bf1128dd89b7e15750d6c629bb719c,a7cde2c992691bbee21219cc4fa3bcd03be3353f134bc2268342ef21bf3bbc96,3369a1508281082433c78fe0083966801b3d7085c521919558dc1265ecbee42f,streaming-long-csv-v1,blocked,PEMS08,256,96,42,0.0,0,0.0,10362,True,
1.0,2026-09-20T11:53:36.910358+00:00,1f59f317f6bf1128dd89b7e15750d6c629bb719c,a7cde2c992691bbee21219cc4fa3bcd03be3353f134bc2268342ef21bf3bbc96,3369a1508281082433c78fe0083966801b3d7085c521919558dc1265ecbee42f,streaming-long-csv-v1,blocked,PEMS08,256,96,42,0.005,51,0.004921829762594094,10362,True,raw_coverage_much_larger_than_window_rate
1.0,2026-09-20T11:53:36.910358+00:00,1f59f317f6bf1128dd89b7e15750d6c629bb719c,a7cde2c992691bbee21219cc4fa3bcd03be3353f134bc2268342ef21bf3bbc96,3369a1508281082433c78fe0083966801b3d7085c521919558dc1265ecbee42f,streaming-long-csv-v1,blocked,PEMS08,256,96,42,0.01,103,0.009940165991121405,10362,True,raw_coverage_much_larger_than_window_rate
1.0,2026-09-20T11:53:36.910358+00:00,1f59f317f6bf1128dd89b7e15750d6c629bb719c,a7cde2c992691bbee21219cc4fa3bcd03be3353f134bc2268342ef21bf3bbc96,3369a1508281082433c78fe0083966801b3d7085c521919558dc1265ecbee42f,streaming-long-csv-v1,blocked,PEMS08,256,96,42,0.02,207,0.019976838448176028,10362,True,raw_coverage_much_larger_than_window_rate
1.0,2026-09-20T11:53:36.910358+00:00,1f59f317f6bf1128dd89b7e15750d6c629bb719c,a7cde2c992691bbee21219cc4fa3bcd03be3353f134bc2268342ef21bf3bbc96,3369a1508281082433c78fe0083966801b3d7085c521919558dc1265ecbee42f,streaming-long-csv-v1,blocked,PEMS08,256,96,42,0.05,518,0.049990349353406675,10362,True,raw_coverage_much_larger_than_window_rate;high_window_overlap
1.0,2026-09-20T11:53:36.910358+00:00,1f59f317f6bf1128dd89b7e15750d6c629bb719c,a7cde2c992691bbee21219cc4fa3bcd03be3353f134bc2268342ef21bf3bbc96,3369a1508281082433c78fe0083966801b3d7085c521919558dc1265ecbee42f,streaming-long-csv-v1,blocked,PEMS08,256,96,42,0.1,1036,0.09998069870681335,10362,True,raw_coverage_much_larger_than_window_rate;high_window_overlap
1.0,2026-09-20T11:53:36.910358+00:00,1f59f317f6bf1128dd89b7e15750d6c629bb719c,a7cde2c992691bbee21219cc4fa3bcd03be3353f134bc2268342ef21bf3bbc96,3369a1508281082433c78fe0083966801b3d7085c521919558dc1265ecbee42f,streaming-long-csv-v1,blocked,PEMS08,256,96,42,0.2,2072,0.1999613974136267,10362,True,high_window_overlap
1.0,2026-09-20T11:53:36.910358+00:00,1f59f317f6bf1128dd89b7e15750d6c629bb719c,a7cde2c992691bbee21219cc4fa3bcd03be3353f134bc2268342ef21bf3bbc96,3369a1508281082433c78fe0083966801b3d7085c521919558dc1265ecbee42f,streaming-long-csv-v1,blocked,PEMS08,256,96,42,0.5,5181,0.5,10362,True,high_window_overlap
1.0,2026-09-20T11:53:36.910358+00:00,1f59f317f6bf1128dd89b7e15750d6c629bb719c,a7cde2c992691bbee21219cc4fa3bcd03be3353f134bc2268342ef21bf3bbc96,3369a1508281082433c78fe0083966801b3d7085c521919558dc1265ecbee42f,streaming-long-csv-v1,blocked,PEMS08,256,96,42,1.0,10362,1.0,10362,True,high_window_overlap
1.0,2026-09-20T11:53:36.910358+00:00,1f59f317f6bf1128dd89b7e15750d6c629bb719c,a7cde2c992691bbee21219cc4fa3bcd03be3353f134bc2268342ef21bf3bbc96,3369a1508281082433c78fe0083966801b3d7085c521919558dc1265ecbee42f,streaming-long-csv-v1,blocked,PEMS08,256,192,42,0.0,0,0.0,10266,True,
1.0,2026-09-20T11:53:36.910358+00:00,1f59f317f6bf1128dd89b7e15750d6c629bb719c,a7cde2c992691bbee21219cc4fa3bcd03be3353f134bc2268342ef21bf3bbc96,3369a1508281082433c78fe0083966801b3d7085c521919558dc1265ecbee42f,streaming-long-csv-v1,blocked,PEMS08,256,192,42,0.005,51,0.004967855055523086,10266,True,raw_coverage_much_larger_than_window_rate
1.0,2026-09-20T11:53:36.910358+00:00,1f59f317f6bf1128dd89b7e15750d6c629bb719c,a7cde2c992691bbee21219cc4fa3bcd03be3353f134bc2268342ef21bf3bbc96,3369a1508281082433c78fe0083966801b3d7085c521919558dc1265ecbee42f,streaming-long-csv-v1,blocked,PEMS08,256,192,42,0.01,102,0.009935710111046173,10266,True,raw_coverage_much_larger_than_window_rate
1.0,2026-09-20T11:53:36.910358+00:00,1f59f317f6bf1128dd89b7e15750d6c629bb719c,a7cde2c992691bbee21219cc4fa3bcd03be3353f134bc2268342ef21bf3bbc96,3369a1508281082433c78fe0083966801b3d7085c521919558dc1265ecbee42f,streaming-long-csv-v1,blocked,PEMS08,256,192,42,0.02,205,0.01996882914474966,10266,True,raw_coverage_much_larger_than_window_rate
1.0,2026-09-20T11:53:36.910358+00:00,1f59f317f6bf1128dd89b7e15750d6c629bb719c,a7cde2c992691bbee21219cc4fa3bcd03be3353f134bc2268342ef21bf3bbc96,3369a1508281082433c78fe0083966801b3d7085c521919558dc1265ecbee42f,streaming-long-csv-v1,blocked,PEMS08,256,192,42,0.05,513,0.049970777323202806,10266,True,raw_coverage_much_larger_than_window_rate;high_window_overlap
1.0,2026-09-20T11:53:36.910358+00:00,1f59f317f6bf1128dd89b7e15750d6c629bb719c,a7cde2c992691bbee21219cc4fa3bcd03be3353f134bc2268342ef21bf3bbc96,3369a1508281082433c78fe0083966801b3d7085c521919558dc1265ecbee42f,streaming-long-csv-v1,blocked,PEMS08,256,192,42,0.1,1026,0.09994155464640561,10266,True,raw_coverage_much_larger_than_window_rate;high_window_overlap
1.0,2026-09-20T11:53:36.910358+00:00,1f59f317f6bf1128dd89b7e15750d6c629bb719c,a7cde2c992691bbee21219cc4fa3bcd03be3353f134bc2268342ef21bf3bbc96,3369a1508281082433c78fe0083966801b3d7085c521919558dc1265ecbee42f,streaming-long-csv-v1,blocked,PEMS08,256,192,42,0.2,2053,0.19998051821546853,10266,True,high_window_overlap
1.0,2026-09-20T11:53:36.910358+00:00,1f59f317f6bf1128dd89b7e15750d6c629bb719c,a7cde2c992691bbee21219cc4fa3bcd03be3353f134bc2268342ef21bf3bbc96,3369a1508281082433c78fe0083966801b3d7085c521919558dc1265ecbee42f,streaming-long-csv-v1,blocked,PEMS08,256,192,42,0.5,5133,0.5,10266,True,high_window_overlap
1.0,2026-09-20T11:53:36.910358+00:00,1f59f317f6bf1128dd89b7e15750d6c629bb719c,a7cde2c992691bbee21219cc4fa3bcd03be3353f134bc2268342ef21bf3bbc96,3369a1508281082433c78fe0083966801b3d7085c521919558dc1265ecbee42f,streaming-long-csv-v1,blocked,PEMS08,256,192,42,1.0,10266,1.0,10266,True,high_window_overlap
1.0,2026-09-20T11:53:36.910358+00:00,1f59f317f6bf1128dd89b7e15750d6c629bb719c,a7cde2c992691bbee21219cc4fa3bcd03be3353f134bc2268342ef21bf3bbc96,3369a1508281082433c78fe0083966801b3d7085c521919558dc1265ecbee42f,streaming-long-csv-v1,blocked,PEMS08,256,336,42,0.0,0,0.0,10122,True,
1.0,2026-09-20T11:53:36.910358+00:00,1f59f317f6bf1128dd89b7e15750d6c629bb719c,a7cde2c992691bbee21219cc4fa3bcd03be3353f134bc2268342ef21bf3bbc96,3369a1508281082433c78fe0083966801b3d7085c521919558dc1265ecbee42f,streaming-long-csv-v1,blocked,PEMS08,256,336,42,0.005,50,0.0049397352301916615,10122,True,raw_coverage_much_larger_than_window_rate
1.0,2026-09-20T11:53:36.910358+00:00,1f59f317f6bf1128dd89b7e15750d6c629bb719c,a7cde2c992691bbee21219cc4fa3bcd03be3353f134bc2268342ef21bf3bbc96,3369a1508281082433c78fe0083966801b3d7085c521919558dc1265ecbee42f,streaming-long-csv-v1,blocked,PEMS08,256,336,42,0.01,101,0.009978265164987156,10122,True,raw_coverage_much_larger_than_window_rate
1.0,2026-09-20T11:53:36.910358+00:00,1f59f317f6bf1128dd89b7e15750d6c629bb719c,a7cde2c992691bbee21219cc4fa3bcd03be3353f134bc2268342ef21bf3bbc96,3369a1508281082433c78fe0083966801b3d7085c521919558dc1265ecbee42f,streaming-long-csv-v1,blocked,PEMS08,256,336,42,0.02,202,0.019956530329974312,10122,True,raw_coverage_much_larger_than_window_rate;high_window_overlap
1.0,2026-09-20T11:53:36.910358+00:00,1f59f317f6bf1128dd89b7e15750d6c629bb719c,a7cde2c992691bbee21219cc4fa3bcd03be3353f134bc2268342ef21bf3bbc96,3369a1508281082433c78fe0083966801b3d7085c521919558dc1265ecbee42f,streaming-long-csv-v1,blocked,PEMS08,256,336,42,0.05,506,0.04999012052953962,10122,True,raw_coverage_much_larger_than_window_rate;high_window_overlap
1.0,2026-09-20T11:53:36.910358+00:00,1f59f317f6bf1128dd89b7e15750d6c629bb719c,a7cde2c992691bbee21219cc4fa3bcd03be3353f134bc2268342ef21bf3bbc96,3369a1508281082433c78fe0083966801b3d7085c521919558dc1265ecbee42f,streaming-long-csv-v1,blocked,PEMS08,256,336,42,0.1,1012,0.09998024105907924,10122,True,raw_coverage_much_larger_than_window_rate;high_window_overlap
1.0,2026-09-20T11:53:36.910358+00:00,1f59f317f6bf1128dd89b7e15750d6c629bb719c,a7cde2c992691bbee21219cc4fa3bcd03be3353f134bc2268342ef21bf3bbc96,3369a1508281082433c78fe0083966801b3d7085c521919558dc1265ecbee42f,streaming-long-csv-v1,blocked,PEMS08,256,336,42,0.2,2024,0.19996048211815848,10122,True,high_window_overlap
1.0,2026-09-20T11:53:36.910358+00:00,1f59f317f6bf1128dd89b7e15750d6c629bb719c,a7cde2c992691bbee21219cc4fa3bcd03be3353f134bc2268342ef21bf3bbc96,3369a1508281082433c78fe0083966801b3d7085c521919558dc1265ecbee42f,streaming-long-csv-v1,blocked,PEMS08,256,336,42,0.5,5061,0.5,10122,True,high_window_overlap
1.0,2026-09-20T11:53:36.910358+00:00,1f59f317f6bf1128dd89b7e15750d6c629bb719c,a7cde2c992691bbee21219cc4fa3bcd03be3353f134bc2268342ef21bf3bbc96,3369a1508281082433c78fe0083966801b3d7085c521919558dc1265ecbee42f,streaming-long-csv-v1,blocked,PEMS08,256,336,42,1.0,10122,1.0,10122,True,high_window_overlap
1.0,2026-09-20T11:53:36.910358+00:00,1f59f317f6bf1128dd89b7e15750d6c629bb719c,a7cde2c992691bbee21219cc4fa3bcd03be3353f134bc2268342ef21bf3bbc96,3369a1508281082433c78fe0083966801b3d7085c521919558dc1265ecbee42f,streaming-long-csv-v1,blocked,PEMS08,256,720,42,0.0,0,0.0,9738,True,
1.0,2026-09-20T11:53:36.910358+00:00,1f59f317f6bf1128dd89b7e15750d6c629bb719c,a7cde2c992691bbee21219cc4fa3bcd03be3353f134bc2268342ef21bf3bbc96,3369a1508281082433c78fe0083966801b3d7085c521919558dc1265ecbee42f,streaming-long-csv-v1,blocked,PEMS08,256,720,42,0.005,48,0.004929143561306223,9738,True,raw_coverage_much_larger_than_window_rate
1.0,2026-09-20T11:53:36.910358+00:00,1f59f317f6bf1128dd89b7e15750d6c629bb719c,a7cde2c992691bbee21219cc4fa3bcd03be3353f134bc2268342ef21bf3bbc96,3369a1508281082433c78fe0083966801b3d7085c521919558dc1265ecbee42f,streaming-long-csv-v1,blocked,PEMS08,256,720,42,0.01,97,0.009960977613472992,9738,True,raw_coverage_much_larger_than_window_rate
1.0,2026-09-20T11:53:36.910358+00:00,1f59f317f6bf1128dd89b7e15750d6c629bb719c,a7cde2c992691bbee21219cc4fa3bcd03be3353f134bc2268342ef21bf3bbc96,3369a1508281082433c78fe0083966801b3d7085c521919558dc1265ecbee42f,streaming-long-csv-v1,blocked,PEMS08,256,720,42,0.02,194,0.019921955226945984,9738,True,raw_coverage_much_larger_than_window_rate;high_window_overlap
1.0,2026-09-20T11:53:36.910358+00:00,1f59f317f6bf1128dd89b7e15750d6c629bb719c,a7cde2c992691bbee21219cc4fa3bcd03be3353f134bc2268342ef21bf3bbc96,3369a1508281082433c78fe0083966801b3d7085c521919558dc1265ecbee42f,streaming-long-csv-v1,blocked,PEMS08,256,720,42,0.05,486,0.04990757855822551,9738,True,raw_coverage_much_larger_than_window_rate;high_window_overlap
1.0,2026-09-20T11:53:36.910358+00:00,1f59f317f6bf1128dd89b7e15750d6c629bb719c,a7cde2c992691bbee21219cc4fa3bcd03be3353f134bc2268342ef21bf3bbc96,3369a1508281082433c78fe0083966801b3d7085c521919558dc1265ecbee42f,streaming-long-csv-v1,blocked,PEMS08,256,720,42,0.1,973,0.09991784760731157,9738,True,raw_coverage_much_larger_than_window_rate;high_window_overlap
1.0,2026-09-20T11:53:36.910358+00:00,1f59f317f6bf1128dd89b7e15750d6c629bb719c,a7cde2c992691bbee21219cc4fa3bcd03be3353f134bc2268342ef21bf3bbc96,3369a1508281082433c78fe0083966801b3d7085c521919558dc1265ecbee42f,streaming-long-csv-v1,blocked,PEMS08,256,720,42,0.2,1947,0.19993838570548367,9738,True,high_window_overlap
1.0,2026-09-20T11:53:36.910358+00:00,1f59f317f6bf1128dd89b7e15750d6c629bb719c,a7cde2c992691bbee21219cc4fa3bcd03be3353f134bc2268342ef21bf3bbc96,3369a1508281082433c78fe0083966801b3d7085c521919558dc1265ecbee42f,streaming-long-csv-v1,blocked,PEMS08,256,720,42,0.5,4869,0.5,9738,True,high_window_overlap
1.0,2026-09-20T11:53:36.910358+00:00,1f59f317f6bf1128dd89b7e15750d6c629bb719c,a7cde2c992691bbee21219cc4fa3bcd03be3353f134bc2268342ef21bf3bbc96,3369a1508281082433c78fe0083966801b3d7085c521919558dc1265ecbee42f,streaming-long-csv-v1,blocked,PEMS08,256,720,42,1.0,9738,1.0,9738,True,high_window_overlap
1.0,2026-09-20T11:53:36.910358+00:00,1f59f317f6bf1128dd89b7e15750d6c629bb719c,a7cde2c992691bbee21219cc4fa3bcd03be3353f134bc2268342ef21bf3bbc96,3369a1508281082433c78fe0083966801b3d7085c521919558dc1265ecbee42f,streaming-long-csv-v1,blocked,PEMS08,512,96,42,0.0,0,0.0,10106,True,
1.0,2026-09-20T11:53:36.910358+00:00,1f59f317f6bf1128dd89b7e15750d6c629bb719c,a7cde2c992691bbee21219cc4fa3bcd03be3353f134bc2268342ef21bf3bbc96,3369a1508281082433c78fe0083966801b3d7085c521919558dc1265ecbee42f,streaming-long-csv-v1,blocked,PEMS08,512,96,42,0.005,50,0.004947555907381753,10106,True,raw_coverage_much_larger_than_window_rate
1.0,2026-09-20T11:53:36.910358+00:00,1f59f317f6bf1128dd89b7e15750d6c629bb719c,a7cde2c992691bbee21219cc4fa3bcd03be3353f134bc2268342ef21bf3bbc96,3369a1508281082433c78fe0083966801b3d7085c521919558dc1265ecbee42f,streaming-long-csv-v1,blocked,PEMS08,512,96,42,0.01,101,0.009994062932911142,10106,True,raw_coverage_much_larger_than_window_rate
1.0,2026-09-20T11:53:36.910358+00:00,1f59f317f6bf1128dd89b7e15750d6c629bb719c,a7cde2c992691bbee21219cc4fa3bcd03be3353f134bc2268342ef21bf3bbc96,3369a1508281082433c78fe0083966801b3d7085c521919558dc1265ecbee42f,streaming-long-csv-v1,blocked,PEMS08,512,96,42,0.02,202,0.019988125865822284,10106,True,raw_coverage_much_larger_than_window_rate;high_window_overlap
1.0,2026-09-20T11:53:36.910358+00:00,1f59f317f6bf1128dd89b7e15750d6c629bb719c,a7cde2c992691bbee21219cc4fa3bcd03be3353f134bc2268342ef21bf3bbc96,3369a1508281082433c78fe0083966801b3d7085c521919558dc1265ecbee42f,streaming-long-csv-v1,blocked,PEMS08,512,96,42,0.05,505,0.04997031466455571,10106,True,raw_coverage_much_larger_than_window_rate;high_window_overlap
1.0,2026-09-20T11:53:36.910358+00:00,1f59f317f6bf1128dd89b7e15750d6c629bb719c,a7cde2c992691bbee21219cc4fa3bcd03be3353f134bc2268342ef21bf3bbc96,3369a1508281082433c78fe0083966801b3d7085c521919558dc1265ecbee42f,streaming-long-csv-v1,blocked,PEMS08,512,96,42,0.1,1010,0.09994062932911142,10106,True,raw_coverage_much_larger_than_window_rate;high_window_overlap
1.0,2026-09-20T11:53:36.910358+00:00,1f59f317f6bf1128dd89b7e15750d6c629bb719c,a7cde2c992691bbee21219cc4fa3bcd03be3353f134bc2268342ef21bf3bbc96,3369a1508281082433c78fe0083966801b3d7085c521919558dc1265ecbee42f,streaming-long-csv-v1,blocked,PEMS08,512,96,42,0.2,2021,0.19998020977637046,10106,True,high_window_overlap
1.0,2026-09-20T11:53:36.910358+00:00,1f59f317f6bf1128dd89b7e15750d6c629bb719c,a7cde2c992691bbee21219cc4fa3bcd03be3353f134bc2268342ef21bf3bbc96,3369a1508281082433c78fe0083966801b3d7085c521919558dc1265ecbee42f,streaming-long-csv-v1,blocked,PEMS08,512,96,42,0.5,5053,0.5,10106,True,high_window_overlap
1.0,2026-09-20T11:53:36.910358+00:00,1f59f317f6bf1128dd89b7e15750d6c629bb719c,a7cde2c992691bbee21219cc4fa3bcd03be3353f134bc2268342ef21bf3bbc96,3369a1508281082433c78fe0083966801b3d7085c521919558dc1265ecbee42f,streaming-long-csv-v1,blocked,PEMS08,512,96,42,1.0,10106,1.0,10106,True,high_window_overlap
1.0,2026-09-20T11:53:36.910358+00:00,1f59f317f6bf1128dd89b7e15750d6c629bb719c,a7cde2c992691bbee21219cc4fa3bcd03be3353f134bc2268342ef21bf3bbc96,3369a1508281082433c78fe0083966801b3d7085c521919558dc1265ecbee42f,streaming-long-csv-v1,blocked,PEMS08,512,192,42,0.0,0,0.0,10010,True,
1.0,2026-09-20T11:53:36.910358+00:00,1f59f317f6bf1128dd89b7e15750d6c629bb719c,a7cde2c992691bbee21219cc4fa3bcd03be3353f134bc2268342ef21bf3bbc96,3369a1508281082433c78fe0083966801b3d7085c521919558dc1265ecbee42f,streaming-long-csv-v1,blocked,PEMS08,512,192,42,0.005,50,0.004995004995004995,10010,True,raw_coverage_much_larger_than_window_rate
1.0,2026-09-20T11:53:36.910358+00:00,1f59f317f6bf1128dd89b7e15750d6c629bb719c,a7cde2c992691bbee21219cc4fa3bcd03be3353f134bc2268342ef21bf3bbc96,3369a1508281082433c78fe0083966801b3d7085c521919558dc1265ecbee42f,streaming-long-csv-v1,blocked,PEMS08,512,192,42,0.01,100,0.00999000999000999,10010,True,raw_coverage_much_larger_than_window_rate
1.0,2026-09-20T11:53:36.910358+00:00,1f59f317f6bf1128dd89b7e15750d6c629bb719c,a7cde2c992691bbee21219cc4fa3bcd03be3353f134bc2268342ef21bf3bbc96,3369a1508281082433c78fe0083966801b3d7085c521919558dc1265ecbee42f,streaming-long-csv-v1,blocked,PEMS08,512,192,42,0.02,200,0.01998001998001998,10010,True,raw_coverage_much_larger_than_window_rate;high_window_overlap
1.0,2026-09-20T11:53:36.910358+00:00,1f59f317f6bf1128dd89b7e15750d6c629bb719c,a7cde2c992691bbee21219cc4fa3bcd03be3353f134bc2268342ef21bf3bbc96,3369a1508281082433c78fe0083966801b3d7085c521919558dc1265ecbee42f,streaming-long-csv-v1,blocked,PEMS08,512,192,42,0.05,500,0.04995004995004995,10010,True,raw_coverage_much_larger_than_window_rate;high_window_overlap
1.0,2026-09-20T11:53:36.910358+00:00,1f59f317f6bf1128dd89b7e15750d6c629bb719c,a7cde2c992691bbee21219cc4fa3bcd03be3353f134bc2268342ef21bf3bbc96,3369a1508281082433c78fe0083966801b3d7085c521919558dc1265ecbee42f,streaming-long-csv-v1,blocked,PEMS08,512,192,42,0.1,1001,0.1,10010,True,raw_coverage_much_larger_than_window_rate;high_window_overlap
1.0,2026-09-20T11:53:36.910358+00:00,1f59f317f6bf1128dd89b7e15750d6c629bb719c,a7cde2c992691bbee21219cc4fa3bcd03be3353f134bc2268342ef21bf3bbc96,3369a1508281082433c78fe0083966801b3d7085c521919558dc1265ecbee42f,streaming-long-csv-v1,blocked,PEMS08,512,192,42,0.2,2002,0.2,10010,True,high_window_overlap
1.0,2026-09-20T11:53:36.910358+00:00,1f59f317f6bf1128dd89b7e15750d6c629bb719c,a7cde2c992691bbee21219cc4fa3bcd03be3353f134bc2268342ef21bf3bbc96,3369a1508281082433c78fe0083966801b3d7085c521919558dc1265ecbee42f,streaming-long-csv-v1,blocked,PEMS08,512,192,42,0.5,5005,0.5,10010,True,high_window_overlap
1.0,2026-09-20T11:53:36.910358+00:00,1f59f317f6bf1128dd89b7e15750d6c629bb719c,a7cde2c992691bbee21219cc4fa3bcd03be3353f134bc2268342ef21bf3bbc96,3369a1508281082433c78fe0083966801b3d7085c521919558dc1265ecbee42f,streaming-long-csv-v1,blocked,PEMS08,512,192,42,1.0,10010,1.0,10010,True,high_window_overlap
1.0,2026-09-20T11:53:36.910358+00:00,1f59f317f6bf1128dd89b7e15750d6c629bb719c,a7cde2c992691bbee21219cc4fa3bcd03be3353f134bc2268342ef21bf3bbc96,3369a1508281082433c78fe0083966801b3d7085c521919558dc1265ecbee42f,streaming-long-csv-v1,blocked,PEMS08,512,336,42,0.0,0,0.0,9866,True,
1.0,2026-09-20T11:53:36.910358+00:00,1f59f317f6bf1128dd89b7e15750d6c629bb719c,a7cde2c992691bbee21219cc4fa3bcd03be3353f134bc2268342ef21bf3bbc96,3369a1508281082433c78fe0083966801b3d7085c521919558dc1265ecbee42f,streaming-long-csv-v1,blocked,PEMS08,512,336,42,0.005,49,0.004966551794040138,9866,True,raw_coverage_much_larger_than_window_rate
1.0,2026-09-20T11:53:36.910358+00:00,1f59f317f6bf1128dd89b7e15750d6c629bb719c,a7cde2c992691bbee21219cc4fa3bcd03be3353f134bc2268342ef21bf3bbc96,3369a1508281082433c78fe0083966801b3d7085c521919558dc1265ecbee42f,streaming-long-csv-v1,blocked,PEMS08,512,336,42,0.01,98,0.009933103588080276,9866,True,raw_coverage_much_larger_than_window_rate
1.0,2026-09-20T11:53:36.910358+00:00,1f59f317f6bf1128dd89b7e15750d6c629bb719c,a7cde2c992691bbee21219cc4fa3bcd03be3353f134bc2268342ef21bf3bbc96,3369a1508281082433c78fe0083966801b3d7085c521919558dc1265ecbee42f,streaming-long-csv-v1,blocked,PEMS08,512,336,42,0.02,197,0.019967565376038922,9866,True,raw_coverage_much_larger_than_window_rate;high_window_overlap
1.0,2026-09-20T11:53:36.910358+00:00,1f59f317f6bf1128dd89b7e15750d6c629bb719c,a7cde2c992691bbee21219cc4fa3bcd03be3353f134bc2268342ef21bf3bbc96,3369a1508281082433c78fe0083966801b3d7085c521919558dc1265ecbee42f,streaming-long-csv-v1,blocked,PEMS08,512,336,42,0.05,493,0.04996959254003649,9866,True,raw_coverage_much_larger_than_window_rate;high_window_overlap
1.0,2026-09-20T11:53:36.910358+00:00,1f59f317f6bf1128dd89b7e15750d6c629bb719c,a7cde2c992691bbee21219cc4fa3bcd03be3353f134bc2268342ef21bf3bbc96,3369a1508281082433c78fe0083966801b3d7085c521919558dc1265ecbee42f,streaming-long-csv-v1,blocked,PEMS08,512,336,42,0.1,986,0.09993918508007298,9866,True,raw_coverage_much_larger_than_window_rate;high_window_overlap
1.0,2026-09-20T11:53:36.910358+00:00,1f59f317f6bf1128dd89b7e15750d6c629bb719c,a7cde2c992691bbee21219cc4fa3bcd03be3353f134bc2268342ef21bf3bbc96,3369a1508281082433c78fe0083966801b3d7085c521919558dc1265ecbee42f,streaming-long-csv-v1,blocked,PEMS08,512,336,42,0.2,1973,0.19997972836002434,9866,True,high_window_overlap
1.0,2026-09-20T11:53:36.910358+00:00,1f59f317f6bf1128dd89b7e15750d6c629bb719c,a7cde2c992691bbee21219cc4fa3bcd03be3353f134bc2268342ef21bf3bbc96,3369a1508281082433c78fe0083966801b3d7085c521919558dc1265ecbee42f,streaming-long-csv-v1,blocked,PEMS08,512,336,42,0.5,4933,0.5,9866,True,high_window_overlap
1.0,2026-09-20T11:53:36.910358+00:00,1f59f317f6bf1128dd89b7e15750d6c629bb719c,a7cde2c992691bbee21219cc4fa3bcd03be3353f134bc2268342ef21bf3bbc96,3369a1508281082433c78fe0083966801b3d7085c521919558dc1265ecbee42f,streaming-long-csv-v1,blocked,PEMS08,512,336,42,1.0,9866,1.0,9866,True,high_window_overlap
1.0,2026-09-20T11:53:36.910358+00:00,1f59f317f6bf1128dd89b7e15750d6c629bb719c,a7cde2c992691bbee21219cc4fa3bcd03be3353f134bc2268342ef21bf3bbc96,3369a1508281082433c78fe0083966801b3d7085c521919558dc1265ecbee42f,streaming-long-csv-v1,blocked,PEMS08,512,720,42,0.0,0,0.0,9482,True,
1.0,2026-09-20T11:53:36.910358+00:00,1f59f317f6bf1128dd89b7e15750d6c629bb719c,a7cde2c992691bbee21219cc4fa3bcd03be3353f134bc2268342ef21bf3bbc96,3369a1508281082433c78fe0083966801b3d7085c521919558dc1265ecbee42f,streaming-long-csv-v1,blocked,PEMS08,512,720,42,0.005,47,0.004956760177177811,9482,True,raw_coverage_much_larger_than_window_rate
1.0,2026-09-20T11:53:36.910358+00:00,1f59f317f6bf1128dd89b7e15750d6c629bb719c,a7cde2c992691bbee21219cc4fa3bcd03be3353f134bc2268342ef21bf3bbc96,3369a1508281082433c78fe0083966801b3d7085c521919558dc1265ecbee42f,streaming-long-csv-v1,blocked,PEMS08,512,720,42,0.01,94,0.009913520354355622,9482,True,raw_coverage_much_larger_than_window_rate;high_window_overlap
1.0,2026-09-20T11:53:36.910358+00:00,1f59f317f6bf1128dd89b7e15750d6c629bb719c,a7cde2c992691bbee21219cc4fa3bcd03be3353f134bc2268342ef21bf3bbc96,3369a1508281082433c78fe0083966801b3d7085c521919558dc1265ecbee42f,streaming-long-csv-v1,blocked,PEMS08,512,720,42,0.02,189,0.019932503691204386,9482,True,raw_coverage_much_larger_than_window_rate;high_window_overlap
1.0,2026-09-20T11:53:36.910358+00:00,1f59f317f6bf1128dd89b7e15750d6c629bb719c,a7cde2c992691bbee21219cc4fa3bcd03be3353f134bc2268342ef21bf3bbc96,3369a1508281082433c78fe0083966801b3d7085c521919558dc1265ecbee42f,streaming-long-csv-v1,blocked,PEMS08,512,720,42,0.05,474,0.04998945370175069,9482,True,raw_coverage_much_larger_than_window_rate;high_window_overlap
1.0,2026-09-20T11:53:36.910358+00:00,1f59f317f6bf1128dd89b7e15750d6c629bb719c,a7cde2c992691bbee21219cc4fa3bcd03be3353f134bc2268342ef21bf3bbc96,3369a1508281082433c78fe0083966801b3d7085c521919558dc1265ecbee42f,streaming-long-csv-v1,blocked,PEMS08,512,720,42,0.1,948,0.09997890740350138,9482,True,raw_coverage_much_larger_than_window_rate;high_window_overlap
1.0,2026-09-20T11:53:36.910358+00:00,1f59f317f6bf1128dd89b7e15750d6c629bb719c,a7cde2c992691bbee21219cc4fa3bcd03be3353f134bc2268342ef21bf3bbc96,3369a1508281082433c78fe0083966801b3d7085c521919558dc1265ecbee42f,streaming-long-csv-v1,blocked,PEMS08,512,720,42,0.2,1896,0.19995781480700275,9482,True,high_window_overlap
1.0,2026-09-20T11:53:36.910358+00:00,1f59f317f6bf1128dd89b7e15750d6c629bb719c,a7cde2c992691bbee21219cc4fa3bcd03be3353f134bc2268342ef21bf3bbc96,3369a1508281082433c78fe0083966801b3d7085c521919558dc1265ecbee42f,streaming-long-csv-v1,blocked,PEMS08,512,720,42,0.5,4741,0.5,9482,True,high_window_overlap
1.0,2026-09-20T11:53:36.910358+00:00,1f59f317f6bf1128dd89b7e15750d6c629bb719c,a7cde2c992691bbee21219cc4fa3bcd03be3353f134bc2268342ef21bf3bbc96,3369a1508281082433c78fe0083966801b3d7085c521919558dc1265ecbee42f,streaming-long-csv-v1,blocked,PEMS08,512,720,42,1.0,9482,1.0,9482,True,high_window_overlap
1.0,2026-09-20T11:53:36.910358+00:00,1f59f317f6bf1128dd89b7e15750d6c629bb719c,02d6239936467bb3c211e21211456a04736e4b59f3073e504643712960fcf3cf,3369a1508281082433c78fe0083966801b3d7085c521919558dc1265ecbee42f,streaming-long-csv-v1,blocked,Solar,256,96,42,0.0,0,0.0,31185,True,
1.0,2026-09-20T11:53:36.910358+00:00,1f59f317f6bf1128dd89b7e15750d6c629bb719c,02d6239936467bb3c211e21211456a04736e4b59f3073e504643712960fcf3cf,3369a1508281082433c78fe0083966801b3d7085c521919558dc1265ecbee42f,streaming-long-csv-v1,blocked,Solar,256,96,42,0.005,155,0.004970338303671637,31185,True,raw_coverage_much_larger_than_window_rate
1.0,2026-09-20T11:53:36.910358+00:00,1f59f317f6bf1128dd89b7e15750d6c629bb719c,02d6239936467bb3c211e21211456a04736e4b59f3073e504643712960fcf3cf,3369a1508281082433c78fe0083966801b3d7085c521919558dc1265ecbee42f,streaming-long-csv-v1,blocked,Solar,256,96,42,0.01,311,0.009972743306076639,31185,True,raw_coverage_much_larger_than_window_rate
1.0,2026-09-20T11:53:36.910358+00:00,1f59f317f6bf1128dd89b7e15750d6c629bb719c,02d6239936467bb3c211e21211456a04736e4b59f3073e504643712960fcf3cf,3369a1508281082433c78fe0083966801b3d7085c521919558dc1265ecbee42f,streaming-long-csv-v1,blocked,Solar,256,96,42,0.02,623,0.019977553310886645,31185,True,raw_coverage_much_larger_than_window_rate
1.0,2026-09-20T11:53:36.910358+00:00,1f59f317f6bf1128dd89b7e15750d6c629bb719c,02d6239936467bb3c211e21211456a04736e4b59f3073e504643712960fcf3cf,3369a1508281082433c78fe0083966801b3d7085c521919558dc1265ecbee42f,streaming-long-csv-v1,blocked,Solar,256,96,42,0.05,1559,0.04999198332531666,31185,True,raw_coverage_much_larger_than_window_rate;high_window_overlap
1.0,2026-09-20T11:53:36.910358+00:00,1f59f317f6bf1128dd89b7e15750d6c629bb719c,02d6239936467bb3c211e21211456a04736e4b59f3073e504643712960fcf3cf,3369a1508281082433c78fe0083966801b3d7085c521919558dc1265ecbee42f,streaming-long-csv-v1,blocked,Solar,256,96,42,0.1,3118,0.09998396665063332,31185,True,raw_coverage_much_larger_than_window_rate;high_window_overlap
1.0,2026-09-20T11:53:36.910358+00:00,1f59f317f6bf1128dd89b7e15750d6c629bb719c,02d6239936467bb3c211e21211456a04736e4b59f3073e504643712960fcf3cf,3369a1508281082433c78fe0083966801b3d7085c521919558dc1265ecbee42f,streaming-long-csv-v1,blocked,Solar,256,96,42,0.2,6237,0.2,31185,True,high_window_overlap
1.0,2026-09-20T11:53:36.910358+00:00,1f59f317f6bf1128dd89b7e15750d6c629bb719c,02d6239936467bb3c211e21211456a04736e4b59f3073e504643712960fcf3cf,3369a1508281082433c78fe0083966801b3d7085c521919558dc1265ecbee42f,streaming-long-csv-v1,blocked,Solar,256,96,42,0.5,15592,0.4999839666506333,31185,True,high_window_overlap
1.0,2026-09-20T11:53:36.910358+00:00,1f59f317f6bf1128dd89b7e15750d6c629bb719c,02d6239936467bb3c211e21211456a04736e4b59f3073e504643712960fcf3cf,3369a1508281082433c78fe0083966801b3d7085c521919558dc1265ecbee42f,streaming-long-csv-v1,blocked,Solar,256,96,42,1.0,31185,1.0,31185,True,high_window_overlap
1.0,2026-09-20T11:53:36.910358+00:00,1f59f317f6bf1128dd89b7e15750d6c629bb719c,02d6239936467bb3c211e21211456a04736e4b59f3073e504643712960fcf3cf,3369a1508281082433c78fe0083966801b3d7085c521919558dc1265ecbee42f,streaming-long-csv-v1,blocked,Solar,256,192,42,0.0,0,0.0,31089,True,
1.0,2026-09-20T11:53:36.910358+00:00,1f59f317f6bf1128dd89b7e15750d6c629bb719c,02d6239936467bb3c211e21211456a04736e4b59f3073e504643712960fcf3cf,3369a1508281082433c78fe0083966801b3d7085c521919558dc1265ecbee42f,streaming-long-csv-v1,blocked,Solar,256,192,42,0.005,155,0.004985686255588794,31089,True,raw_coverage_much_larger_than_window_rate
1.0,2026-09-20T11:53:36.910358+00:00,1f59f317f6bf1128dd89b7e15750d6c629bb719c,02d6239936467bb3c211e21211456a04736e4b59f3073e504643712960fcf3cf,3369a1508281082433c78fe0083966801b3d7085c521919558dc1265ecbee42f,streaming-long-csv-v1,blocked,Solar,256,192,42,0.01,310,0.009971372511177587,31089,True,raw_coverage_much_larger_than_window_rate
1.0,2026-09-20T11:53:36.910358+00:00,1f59f317f6bf1128dd89b7e15750d6c629bb719c,02d6239936467bb3c211e21211456a04736e4b59f3073e504643712960fcf3cf,3369a1508281082433c78fe0083966801b3d7085c521919558dc1265ecbee42f,streaming-long-csv-v1,blocked,Solar,256,192,42,0.02,621,0.019974910740133165,31089,True,raw_coverage_much_larger_than_window_rate
1.0,2026-09-20T11:53:36.910358+00:00,1f59f317f6bf1128dd89b7e15750d6c629bb719c,02d6239936467bb3c211e21211456a04736e4b59f3073e504643712960fcf3cf,3369a1508281082433c78fe0083966801b3d7085c521919558dc1265ecbee42f,streaming-long-csv-v1,blocked,Solar,256,192,42,0.05,1554,0.049985525426999904,31089,True,raw_coverage_much_larger_than_window_rate;high_window_overlap
1.0,2026-09-20T11:53:36.910358+00:00,1f59f317f6bf1128dd89b7e15750d6c629bb719c,02d6239936467bb3c211e21211456a04736e4b59f3073e504643712960fcf3cf,3369a1508281082433c78fe0083966801b3d7085c521919558dc1265ecbee42f,streaming-long-csv-v1,blocked,Solar,256,192,42,0.1,3108,0.09997105085399981,31089,True,raw_coverage_much_larger_than_window_rate;high_window_overlap
1.0,2026-09-20T11:53:36.910358+00:00,1f59f317f6bf1128dd89b7e15750d6c629bb719c,02d6239936467bb3c211e21211456a04736e4b59f3073e504643712960fcf3cf,3369a1508281082433c78fe0083966801b3d7085c521919558dc1265ecbee42f,streaming-long-csv-v1,blocked,Solar,256,192,42,0.2,6217,0.19997426742577762,31089,True,high_window_overlap
1.0,2026-09-20T11:53:36.910358+00:00,1f59f317f6bf1128dd89b7e15750d6c629bb719c,02d6239936467bb3c211e21211456a04736e4b59f3073e504643712960fcf3cf,3369a1508281082433c78fe0083966801b3d7085c521919558dc1265ecbee42f,streaming-long-csv-v1,blocked,Solar,256,192,42,0.5,15544,0.499983917141111,31089,True,high_window_overlap
1.0,2026-09-20T11:53:36.910358+00:00,1f59f317f6bf1128dd89b7e15750d6c629bb719c,02d6239936467bb3c211e21211456a04736e4b59f3073e504643712960fcf3cf,3369a1508281082433c78fe0083966801b3d7085c521919558dc1265ecbee42f,streaming-long-csv-v1,blocked,Solar,256,192,42,1.0,31089,1.0,31089,True,high_window_overlap
1.0,2026-09-20T11:53:36.910358+00:00,1f59f317f6bf1128dd89b7e15750d6c629bb719c,02d6239936467bb3c211e21211456a04736e4b59f3073e504643712960fcf3cf,3369a1508281082433c78fe0083966801b3d7085c521919558dc1265ecbee42f,streaming-long-csv-v1,blocked,Solar,256,336,42,0.0,0,0.0,30945,True,
1.0,2026-09-20T11:53:36.910358+00:00,1f59f317f6bf1128dd89b7e15750d6c629bb719c,02d6239936467bb3c211e21211456a04736e4b59f3073e504643712960fcf3cf,3369a1508281082433c78fe0083966801b3d7085c521919558dc1265ecbee42f,streaming-long-csv-v1,blocked,Solar,256,336,42,0.005,154,0.004976571336241719,30945,True,raw_coverage_much_larger_than_window_rate
1.0,2026-09-20T11:53:36.910358+00:00,1f59f317f6bf1128dd89b7e15750d6c629bb719c,02d6239936467bb3c211e21211456a04736e4b59f3073e504643712960fcf3cf,3369a1508281082433c78fe0083966801b3d7085c521919558dc1265ecbee42f,streaming-long-csv-v1,blocked,Solar,256,336,42,0.01,309,0.009985458070770722,30945,True,raw_coverage_much_larger_than_window_rate
1.0,2026-09-20T11:53:36.910358+00:00,1f59f317f6bf1128dd89b7e15750d6c629bb719c,02d6239936467bb3c211e21211456a04736e4b59f3073e504643712960fcf3cf,3369a1508281082433c78fe0083966801b3d7085c521919558dc1265ecbee42f,streaming-long-csv-v1,blocked,Solar,256,336,42,0.02,618,0.019970916141541444,30945,True,raw_coverage_much_larger_than_window_rate;high_window_overlap
1.0,2026-09-20T11:53:36.910358+00:00,1f59f317f6bf1128dd89b7e15750d6c629bb719c,02d6239936467bb3c211e21211456a04736e4b59f3073e504643712960fcf3cf,3369a1508281082433c78fe0083966801b3d7085c521919558dc1265ecbee42f,streaming-long-csv-v1,blocked,Solar,256,336,42,0.05,1547,0.04999192115042818,30945,True,raw_coverage_much_larger_than_window_rate;high_window_overlap
1.0,2026-09-20T11:53:36.910358+00:00,1f59f317f6bf1128dd89b7e15750d6c629bb719c,02d6239936467bb3c211e21211456a04736e4b59f3073e504643712960fcf3cf,3369a1508281082433c78fe0083966801b3d7085c521919558dc1265ecbee42f,streaming-long-csv-v1,blocked,Solar,256,336,42,0.1,3094,0.09998384230085636,30945,True,raw_coverage_much_larger_than_window_rate;high_window_overlap
1.0,2026-09-20T11:53:36.910358+00:00,1f59f317f6bf1128dd89b7e15750d6c629bb719c,02d6239936467bb3c211e21211456a04736e4b59f3073e504643712960fcf3cf,3369a1508281082433c78fe0083966801b3d7085c521919558dc1265ecbee42f,streaming-long-csv-v1,blocked,Solar,256,336,42,0.2,6189,0.2,30945,True,high_window_overlap
1.0,2026-09-20T11:53:36.910358+00:00,1f59f317f6bf1128dd89b7e15750d6c629bb719c,02d6239936467bb3c211e21211456a04736e4b59f3073e504643712960fcf3cf,3369a1508281082433c78fe0083966801b3d7085c521919558dc1265ecbee42f,streaming-long-csv-v1,blocked,Solar,256,336,42,0.5,15472,0.49998384230085635,30945,True,high_window_overlap
1.0,2026-09-20T11:53:36.910358+00:00,1f59f317f6bf1128dd89b7e15750d6c629bb719c,02d6239936467bb3c211e21211456a04736e4b59f3073e504643712960fcf3cf,3369a1508281082433c78fe0083966801b3d7085c521919558dc1265ecbee42f,streaming-long-csv-v1,blocked,Solar,256,336,42,1.0,30945,1.0,30945,True,high_window_overlap
1.0,2026-09-20T11:53:36.910358+00:00,1f59f317f6bf1128dd89b7e15750d6c629bb719c,02d6239936467bb3c211e21211456a04736e4b59f3073e504643712960fcf3cf,3369a1508281082433c78fe0083966801b3d7085c521919558dc1265ecbee42f,streaming-long-csv-v1,blocked,Solar,256,720,42,0.0,0,0.0,30561,True,
1.0,2026-09-20T11:53:36.910358+00:00,1f59f317f6bf1128dd89b7e15750d6c629bb719c,02d6239936467bb3c211e21211456a04736e4b59f3073e504643712960fcf3cf,3369a1508281082433c78fe0083966801b3d7085c521919558dc1265ecbee42f,streaming-long-csv-v1,blocked,Solar,256,720,42,0.005,152,0.00497365923889925,30561,True,raw_coverage_much_larger_than_window_rate
1.0,2026-09-20T11:53:36.910358+00:00,1f59f317f6bf1128dd89b7e15750d6c629bb719c,02d6239936467bb3c211e21211456a04736e4b59f3073e504643712960fcf3cf,3369a1508281082433c78fe0083966801b3d7085c521919558dc1265ecbee42f,streaming-long-csv-v1,blocked,Solar,256,720,42,0.01,305,0.00998003992015968,30561,True,raw_coverage_much_larger_than_window_rate
1.0,2026-09-20T11:53:36.910358+00:00,1f59f317f6bf1128dd89b7e15750d6c629bb719c,02d6239936467bb3c211e21211456a04736e4b59f3073e504643712960fcf3cf,3369a1508281082433c78fe0083966801b3d7085c521919558dc1265ecbee42f,streaming-long-csv-v1,blocked,Solar,256,720,42,0.02,611,0.01999280128268054,30561,True,raw_coverage_much_larger_than_window_rate;high_window_overlap
1.0,2026-09-20T11:53:36.910358+00:00,1f59f317f6bf1128dd89b7e15750d6c629bb719c,02d6239936467bb3c211e21211456a04736e4b59f3073e504643712960fcf3cf,3369a1508281082433c78fe0083966801b3d7085c521919558dc1265ecbee42f,streaming-long-csv-v1,blocked,Solar,256,720,42,0.05,1528,0.04999836392788194,30561,True,raw_coverage_much_larger_than_window_rate;high_window_overlap
1.0,2026-09-20T11:53:36.910358+00:00,1f59f317f6bf1128dd89b7e15750d6c629bb719c,02d6239936467bb3c211e21211456a04736e4b59f3073e504643712960fcf3cf,3369a1508281082433c78fe0083966801b3d7085c521919558dc1265ecbee42f,streaming-long-csv-v1,blocked,Solar,256,720,42,0.1,3056,0.09999672785576388,30561,True,raw_coverage_much_larger_than_window_rate;high_window_overlap
1.0,2026-09-20T11:53:36.910358+00:00,1f59f317f6bf1128dd89b7e15750d6c629bb719c,02d6239936467bb3c211e21211456a04736e4b59f3073e504643712960fcf3cf,3369a1508281082433c78fe0083966801b3d7085c521919558dc1265ecbee42f,streaming-long-csv-v1,blocked,Solar,256,720,42,0.2,6112,0.19999345571152777,30561,True,raw_coverage_much_larger_than_window_rate;high_window_overlap
1.0,2026-09-20T11:53:36.910358+00:00,1f59f317f6bf1128dd89b7e15750d6c629bb719c,02d6239936467bb3c211e21211456a04736e4b59f3073e504643712960fcf3cf,3369a1508281082433c78fe0083966801b3d7085c521919558dc1265ecbee42f,streaming-long-csv-v1,blocked,Solar,256,720,42,0.5,15280,0.4999836392788194,30561,True,high_window_overlap
1.0,2026-09-20T11:53:36.910358+00:00,1f59f317f6bf1128dd89b7e15750d6c629bb719c,02d6239936467bb3c211e21211456a04736e4b59f3073e504643712960fcf3cf,3369a1508281082433c78fe0083966801b3d7085c521919558dc1265ecbee42f,streaming-long-csv-v1,blocked,Solar,256,720,42,1.0,30561,1.0,30561,True,high_window_overlap
1.0,2026-09-20T11:53:36.910358+00:00,1f59f317f6bf1128dd89b7e15750d6c629bb719c,02d6239936467bb3c211e21211456a04736e4b59f3073e504643712960fcf3cf,3369a1508281082433c78fe0083966801b3d7085c521919558dc1265ecbee42f,streaming-long-csv-v1,blocked,Solar,512,96,42,0.0,0,0.0,30929,True,
1.0,2026-09-20T11:53:36.910358+00:00,1f59f317f6bf1128dd89b7e15750d6c629bb719c,02d6239936467bb3c211e21211456a04736e4b59f3073e504643712960fcf3cf,3369a1508281082433c78fe0083966801b3d7085c521919558dc1265ecbee42f,streaming-long-csv-v1,blocked,Solar,512,96,42,0.005,154,0.004979145785508746,30929,True,raw_coverage_much_larger_than_window_rate
1.0,2026-09-20T11:53:36.910358+00:00,1f59f317f6bf1128dd89b7e15750d6c629bb719c,02d6239936467bb3c211e21211456a04736e4b59f3073e504643712960fcf3cf,3369a1508281082433c78fe0083966801b3d7085c521919558dc1265ecbee42f,streaming-long-csv-v1,blocked,Solar,512,96,42,0.01,309,0.009990623686507808,30929,True,raw_coverage_much_larger_than_window_rate
1.0,2026-09-20T11:53:36.910358+00:00,1f59f317f6bf1128dd89b7e15750d6c629bb719c,02d6239936467bb3c211e21211456a04736e4b59f3073e504643712960fcf3cf,3369a1508281082433c78fe0083966801b3d7085c521919558dc1265ecbee42f,streaming-long-csv-v1,blocked,Solar,512,96,42,0.02,618,0.019981247373015616,30929,True,raw_coverage_much_larger_than_window_rate;high_window_overlap
1.0,2026-09-20T11:53:36.910358+00:00,1f59f317f6bf1128dd89b7e15750d6c629bb719c,02d6239936467bb3c211e21211456a04736e4b59f3073e504643712960fcf3cf,3369a1508281082433c78fe0083966801b3d7085c521919558dc1265ecbee42f,streaming-long-csv-v1,blocked,Solar,512,96,42,0.05,1546,0.04998545054802936,30929,True,raw_coverage_much_larger_than_window_rate;high_window_overlap
1.0,2026-09-20T11:53:36.910358+00:00,1f59f317f6bf1128dd89b7e15750d6c629bb719c,02d6239936467bb3c211e21211456a04736e4b59f3073e504643712960fcf3cf,3369a1508281082433c78fe0083966801b3d7085c521919558dc1265ecbee42f,streaming-long-csv-v1,blocked,Solar,512,96,42,0.1,3092,0.09997090109605872,30929,True,raw_coverage_much_larger_than_window_rate;high_window_overlap
1.0,2026-09-20T11:53:36.910358+00:00,1f59f317f6bf1128dd89b7e15750d6c629bb719c,02d6239936467bb3c211e21211456a04736e4b59f3073e504643712960fcf3cf,3369a1508281082433c78fe0083966801b3d7085c521919558dc1265ecbee42f,streaming-long-csv-v1,blocked,Solar,512,96,42,0.2,6185,0.19997413430760774,30929,True,high_window_overlap
1.0,2026-09-20T11:53:36.910358+00:00,1f59f317f6bf1128dd89b7e15750d6c629bb719c,02d6239936467bb3c211e21211456a04736e4b59f3073e504643712960fcf3cf,3369a1508281082433c78fe0083966801b3d7085c521919558dc1265ecbee42f,streaming-long-csv-v1,blocked,Solar,512,96,42,0.5,15464,0.4999838339422548,30929,True,high_window_overlap
1.0,2026-09-20T11:53:36.910358+00:00,1f59f317f6bf1128dd89b7e15750d6c629bb719c,02d6239936467bb3c211e21211456a04736e4b59f3073e504643712960fcf3cf,3369a1508281082433c78fe0083966801b3d7085c521919558dc1265ecbee42f,streaming-long-csv-v1,blocked,Solar,512,96,42,1.0,30929,1.0,30929,True,high_window_overlap
1.0,2026-09-20T11:53:36.910358+00:00,1f59f317f6bf1128dd89b7e15750d6c629bb719c,02d6239936467bb3c211e21211456a04736e4b59f3073e504643712960fcf3cf,3369a1508281082433c78fe0083966801b3d7085c521919558dc1265ecbee42f,streaming-long-csv-v1,blocked,Solar,512,192,42,0.0,0,0.0,30833,True,
1.0,2026-09-20T11:53:36.910358+00:00,1f59f317f6bf1128dd89b7e15750d6c629bb719c,02d6239936467bb3c211e21211456a04736e4b59f3073e504643712960fcf3cf,3369a1508281082433c78fe0083966801b3d7085c521919558dc1265ecbee42f,streaming-long-csv-v1,blocked,Solar,512,192,42,0.005,154,0.0049946485907955765,30833,True,raw_coverage_much_larger_than_window_rate
1.0,2026-09-20T11:53:36.910358+00:00,1f59f317f6bf1128dd89b7e15750d6c629bb719c,02d6239936467bb3c211e21211456a04736e4b59f3073e504643712960fcf3cf,3369a1508281082433c78fe0083966801b3d7085c521919558dc1265ecbee42f,streaming-long-csv-v1,blocked,Solar,512,192,42,0.01,308,0.009989297181591153,30833,True,raw_coverage_much_larger_than_window_rate
1.0,2026-09-20T11:53:36.910358+00:00,1f59f317f6bf1128dd89b7e15750d6c629bb719c,02d6239936467bb3c211e21211456a04736e4b59f3073e504643712960fcf3cf,3369a1508281082433c78fe0083966801b3d7085c521919558dc1265ecbee42f,streaming-long-csv-v1,blocked,Solar,512,192,42,0.02,616,0.019978594363182306,30833,True,raw_coverage_much_larger_than_window_rate;high_window_overlap
1.0,2026-09-20T11:53:36.910358+00:00,1f59f317f6bf1128dd89b7e15750d6c629bb719c,02d6239936467bb3c211e21211456a04736e4b59f3073e504643712960fcf3cf,3369a1508281082433c78fe0083966801b3d7085c521919558dc1265ecbee42f,streaming-long-csv-v1,blocked,Solar,512,192,42,0.05,1541,0.049978918691012876,30833,True,raw_coverage_much_larger_than_window_rate;high_window_overlap
1.0,2026-09-20T11:53:36.910358+00:00,1f59f317f6bf1128dd89b7e15750d6c629bb719c,02d6239936467bb3c211e21211456a04736e4b59f3073e504643712960fcf3cf,3369a1508281082433c78fe0083966801b3d7085c521919558dc1265ecbee42f,streaming-long-csv-v1,blocked,Solar,512,192,42,0.1,3083,0.09999027016508287,30833,True,raw_coverage_much_larger_than_window_rate;high_window_overlap
1.0,2026-09-20T11:53:36.910358+00:00,1f59f317f6bf1128dd89b7e15750d6c629bb719c,02d6239936467bb3c211e21211456a04736e4b59f3073e504643712960fcf3cf,3369a1508281082433c78fe0083966801b3d7085c521919558dc1265ecbee42f,streaming-long-csv-v1,blocked,Solar,512,192,42,0.2,6166,0.19998054033016574,30833,True,high_window_overlap
1.0,2026-09-20T11:53:36.910358+00:00,1f59f317f6bf1128dd89b7e15750d6c629bb719c,02d6239936467bb3c211e21211456a04736e4b59f3073e504643712960fcf3cf,3369a1508281082433c78fe0083966801b3d7085c521919558dc1265ecbee42f,streaming-long-csv-v1,blocked,Solar,512,192,42,0.5,15416,0.49998378360847145,30833,True,high_window_overlap
1.0,2026-09-20T11:53:36.910358+00:00,1f59f317f6bf1128dd89b7e15750d6c629bb719c,02d6239936467bb3c211e21211456a04736e4b59f3073e504643712960fcf3cf,3369a1508281082433c78fe0083966801b3d7085c521919558dc1265ecbee42f,streaming-long-csv-v1,blocked,Solar,512,192,42,1.0,30833,1.0,30833,True,high_window_overlap
1.0,2026-09-20T11:53:36.910358+00:00,1f59f317f6bf1128dd89b7e15750d6c629bb719c,02d6239936467bb3c211e21211456a04736e4b59f3073e504643712960fcf3cf,3369a1508281082433c78fe0083966801b3d7085c521919558dc1265ecbee42f,streaming-long-csv-v1,blocked,Solar,512,336,42,0.0,0,0.0,30689,True,
1.0,2026-09-20T11:53:36.910358+00:00,1f59f317f6bf1128dd89b7e15750d6c629bb719c,02d6239936467bb3c211e21211456a04736e4b59f3073e504643712960fcf3cf,3369a1508281082433c78fe0083966801b3d7085c521919558dc1265ecbee42f,streaming-long-csv-v1,blocked,Solar,512,336,42,0.005,153,0.00498549969044283,30689,True,raw_coverage_much_larger_than_window_rate
1.0,2026-09-20T11:53:36.910358+00:00,1f59f317f6bf1128dd89b7e15750d6c629bb719c,02d6239936467bb3c211e21211456a04736e4b59f3073e504643712960fcf3cf,3369a1508281082433c78fe0083966801b3d7085c521919558dc1265ecbee42f,streaming-long-csv-v1,blocked,Solar,512,336,42,0.01,306,0.00997099938088566,30689,True,raw_coverage_much_larger_than_window_rate
1.0,2026-09-20T11:53:36.910358+00:00,1f59f317f6bf1128dd89b7e15750d6c629bb719c,02d6239936467bb3c211e21211456a04736e4b59f3073e504643712960fcf3cf,3369a1508281082433c78fe0083966801b3d7085c521919558dc1265ecbee42f,streaming-long-csv-v1,blocked,Solar,512,336,42,0.02,613,0.01997458372706833,30689,True,raw_coverage_much_larger_than_window_rate;high_window_overlap
1.0,2026-09-20T11:53:36.910358+00:00,1f59f317f6bf1128dd89b7e15750d6c629bb719c,02d6239936467bb3c211e21211456a04736e4b59f3073e504643712960fcf3cf,3369a1508281082433c78fe0083966801b3d7085c521919558dc1265ecbee42f,streaming-long-csv-v1,blocked,Solar,512,336,42,0.05,1534,0.049985336765616346,30689,True,raw_coverage_much_larger_than_window_rate;high_window_overlap
1.0,2026-09-20T11:53:36.910358+00:00,1f59f317f6bf1128dd89b7e15750d6c629bb719c,02d6239936467bb3c211e21211456a04736e4b59f3073e504643712960fcf3cf,3369a1508281082433c78fe0083966801b3d7085c521919558dc1265ecbee42f,streaming-long-csv-v1,blocked,Solar,512,336,42,0.1,3068,0.09997067353123269,30689,True,raw_coverage_much_larger_than_window_rate;high_window_overlap
1.0,2026-09-20T11:53:36.910358+00:00,1f59f317f6bf1128dd89b7e15750d6c629bb719c,02d6239936467bb3c211e21211456a04736e4b59f3073e504643712960fcf3cf,3369a1508281082433c78fe0083966801b3d7085c521919558dc1265ecbee42f,streaming-long-csv-v1,blocked,Solar,512,336,42,0.2,6137,0.1999739320277624,30689,True,raw_coverage_much_larger_than_window_rate;high_window_overlap
1.0,2026-09-20T11:53:36.910358+00:00,1f59f317f6bf1128dd89b7e15750d6c629bb719c,02d6239936467bb3c211e21211456a04736e4b59f3073e504643712960fcf3cf,3369a1508281082433c78fe0083966801b3d7085c521919558dc1265ecbee42f,streaming-long-csv-v1,blocked,Solar,512,336,42,0.5,15344,0.4999837075173515,30689,True,high_window_overlap
1.0,2026-09-20T11:53:36.910358+00:00,1f59f317f6bf1128dd89b7e15750d6c629bb719c,02d6239936467bb3c211e21211456a04736e4b59f3073e504643712960fcf3cf,3369a1508281082433c78fe0083966801b3d7085c521919558dc1265ecbee42f,streaming-long-csv-v1,blocked,Solar,512,336,42,1.0,30689,1.0,30689,True,high_window_overlap
1.0,2026-09-20T11:53:36.910358+00:00,1f59f317f6bf1128dd89b7e15750d6c629bb719c,02d6239936467bb3c211e21211456a04736e4b59f3073e504643712960fcf3cf,3369a1508281082433c78fe0083966801b3d7085c521919558dc1265ecbee42f,streaming-long-csv-v1,blocked,Solar,512,720,42,0.0,0,0.0,30305,True,
1.0,2026-09-20T11:53:36.910358+00:00,1f59f317f6bf1128dd89b7e15750d6c629bb719c,02d6239936467bb3c211e21211456a04736e4b59f3073e504643712960fcf3cf,3369a1508281082433c78fe0083966801b3d7085c521919558dc1265ecbee42f,streaming-long-csv-v1,blocked,Solar,512,720,42,0.005,151,0.004982676126051806,30305,True,raw_coverage_much_larger_than_window_rate
1.0,2026-09-20T11:53:36.910358+00:00,1f59f317f6bf1128dd89b7e15750d6c629bb719c,02d6239936467bb3c211e21211456a04736e4b59f3073e504643712960fcf3cf,3369a1508281082433c78fe0083966801b3d7085c521919558dc1265ecbee42f,streaming-long-csv-v1,blocked,Solar,512,720,42,0.01,303,0.00999835010724303,30305,True,raw_coverage_much_larger_than_window_rate;high_window_overlap
1.0,2026-09-20T11:53:36.910358+00:00,1f59f317f6bf1128dd89b7e15750d6c629bb719c,02d6239936467bb3c211e21211456a04736e4b59f3073e504643712960fcf3cf,3369a1508281082433c78fe0083966801b3d7085c521919558dc1265ecbee42f,streaming-long-csv-v1,blocked,Solar,512,720,42,0.02,606,0.01999670021448606,30305,True,raw_coverage_much_larger_than_window_rate;high_window_overlap
1.0,2026-09-20T11:53:36.910358+00:00,1f59f317f6bf1128dd89b7e15750d6c629bb719c,02d6239936467bb3c211e21211456a04736e4b59f3073e504643712960fcf3cf,3369a1508281082433c78fe0083966801b3d7085c521919558dc1265ecbee42f,streaming-long-csv-v1,blocked,Solar,512,720,42,0.05,1515,0.04999175053621514,30305,True,raw_coverage_much_larger_than_window_rate;high_window_overlap
1.0,2026-09-20T11:53:36.910358+00:00,1f59f317f6bf1128dd89b7e15750d6c629bb719c,02d6239936467bb3c211e21211456a04736e4b59f3073e504643712960fcf3cf,3369a1508281082433c78fe0083966801b3d7085c521919558dc1265ecbee42f,streaming-long-csv-v1,blocked,Solar,512,720,42,0.1,3030,0.09998350107243029,30305,True,raw_coverage_much_larger_than_window_rate;high_window_overlap
1.0,2026-09-20T11:53:36.910358+00:00,1f59f317f6bf1128dd89b7e15750d6c629bb719c,02d6239936467bb3c211e21211456a04736e4b59f3073e504643712960fcf3cf,3369a1508281082433c78fe0083966801b3d7085c521919558dc1265ecbee42f,streaming-long-csv-v1,blocked,Solar,512,720,42,0.2,6061,0.2,30305,True,high_window_overlap
1.0,2026-09-20T11:53:36.910358+00:00,1f59f317f6bf1128dd89b7e15750d6c629bb719c,02d6239936467bb3c211e21211456a04736e4b59f3073e504643712960fcf3cf,3369a1508281082433c78fe0083966801b3d7085c521919558dc1265ecbee42f,streaming-long-csv-v1,blocked,Solar,512,720,42,0.5,15152,0.4999835010724303,30305,True,high_window_overlap
1.0,2026-09-20T11:53:36.910358+00:00,1f59f317f6bf1128dd89b7e15750d6c629bb719c,02d6239936467bb3c211e21211456a04736e4b59f3073e504643712960fcf3cf,3369a1508281082433c78fe0083966801b3d7085c521919558dc1265ecbee42f,streaming-long-csv-v1,blocked,Solar,512,720,42,1.0,30305,1.0,30305,True,high_window_overlap
1.0,2026-09-20T11:53:36.910358+00:00,1f59f317f6bf1128dd89b7e15750d6c629bb719c,db0b78b5d32440cbeee2fc47dcd6d81f28c33b76da36aa343b28b6dff1c023c7,3369a1508281082433c78fe0083966801b3d7085c521919558dc1265ecbee42f,streaming-long-csv-v1,blocked,Wind,256,96,42,0.0,0,0.0,28852,True,
1.0,2026-09-20T11:53:36.910358+00:00,1f59f317f6bf1128dd89b7e15750d6c629bb719c,db0b78b5d32440cbeee2fc47dcd6d81f28c33b76da36aa343b28b6dff1c023c7,3369a1508281082433c78fe0083966801b3d7085c521919558dc1265ecbee42f,streaming-long-csv-v1,blocked,Wind,256,96,42,0.005,144,0.004990988492998752,28852,True,raw_coverage_much_larger_than_window_rate
1.0,2026-09-20T11:53:36.910358+00:00,1f59f317f6bf1128dd89b7e15750d6c629bb719c,db0b78b5d32440cbeee2fc47dcd6d81f28c33b76da36aa343b28b6dff1c023c7,3369a1508281082433c78fe0083966801b3d7085c521919558dc1265ecbee42f,streaming-long-csv-v1,blocked,Wind,256,96,42,0.01,288,0.009981976985997504,28852,True,raw_coverage_much_larger_than_window_rate
1.0,2026-09-20T11:53:36.910358+00:00,1f59f317f6bf1128dd89b7e15750d6c629bb719c,db0b78b5d32440cbeee2fc47dcd6d81f28c33b76da36aa343b28b6dff1c023c7,3369a1508281082433c78fe0083966801b3d7085c521919558dc1265ecbee42f,streaming-long-csv-v1,blocked,Wind,256,96,42,0.02,577,0.0199986136143075,28852,True,raw_coverage_much_larger_than_window_rate
1.0,2026-09-20T11:53:36.910358+00:00,1f59f317f6bf1128dd89b7e15750d6c629bb719c,db0b78b5d32440cbeee2fc47dcd6d81f28c33b76da36aa343b28b6dff1c023c7,3369a1508281082433c78fe0083966801b3d7085c521919558dc1265ecbee42f,streaming-long-csv-v1,blocked,Wind,256,96,42,0.05,1442,0.04997920421461251,28852,True,raw_coverage_much_larger_than_window_rate;high_window_overlap
1.0,2026-09-20T11:53:36.910358+00:00,1f59f317f6bf1128dd89b7e15750d6c629bb719c,db0b78b5d32440cbeee2fc47dcd6d81f28c33b76da36aa343b28b6dff1c023c7,3369a1508281082433c78fe0083966801b3d7085c521919558dc1265ecbee42f,streaming-long-csv-v1,blocked,Wind,256,96,42,0.1,2885,0.0999930680715375,28852,True,raw_coverage_much_larger_than_window_rate;high_window_overlap
1.0,2026-09-20T11:53:36.910358+00:00,1f59f317f6bf1128dd89b7e15750d6c629bb719c,db0b78b5d32440cbeee2fc47dcd6d81f28c33b76da36aa343b28b6dff1c023c7,3369a1508281082433c78fe0083966801b3d7085c521919558dc1265ecbee42f,streaming-long-csv-v1,blocked,Wind,256,96,42,0.2,5770,0.199986136143075,28852,True,high_window_overlap
1.0,2026-09-20T11:53:36.910358+00:00,1f59f317f6bf1128dd89b7e15750d6c629bb719c,db0b78b5d32440cbeee2fc47dcd6d81f28c33b76da36aa343b28b6dff1c023c7,3369a1508281082433c78fe0083966801b3d7085c521919558dc1265ecbee42f,streaming-long-csv-v1,blocked,Wind,256,96,42,0.5,14426,0.5,28852,True,high_window_overlap
1.0,2026-09-20T11:53:36.910358+00:00,1f59f317f6bf1128dd89b7e15750d6c629bb719c,db0b78b5d32440cbeee2fc47dcd6d81f28c33b76da36aa343b28b6dff1c023c7,3369a1508281082433c78fe0083966801b3d7085c521919558dc1265ecbee42f,streaming-long-csv-v1,blocked,Wind,256,96,42,1.0,28852,1.0,28852,True,high_window_overlap
1.0,2026-09-20T11:53:36.910358+00:00,1f59f317f6bf1128dd89b7e15750d6c629bb719c,db0b78b5d32440cbeee2fc47dcd6d81f28c33b76da36aa343b28b6dff1c023c7,3369a1508281082433c78fe0083966801b3d7085c521919558dc1265ecbee42f,streaming-long-csv-v1,blocked,Wind,256,192,42,0.0,0,0.0,28756,True,
1.0,2026-09-20T11:53:36.910358+00:00,1f59f317f6bf1128dd89b7e15750d6c629bb719c,db0b78b5d32440cbeee2fc47dcd6d81f28c33b76da36aa343b28b6dff1c023c7,3369a1508281082433c78fe0083966801b3d7085c521919558dc1265ecbee42f,streaming-long-csv-v1,blocked,Wind,256,192,42,0.005,143,0.004972875226039783,28756,True,raw_coverage_much_larger_than_window_rate
1.0,2026-09-20T11:53:36.910358+00:00,1f59f317f6bf1128dd89b7e15750d6c629bb719c,db0b78b5d32440cbeee2fc47dcd6d81f28c33b76da36aa343b28b6dff1c023c7,3369a1508281082433c78fe0083966801b3d7085c521919558dc1265ecbee42f,streaming-long-csv-v1,blocked,Wind,256,192,42,0.01,287,0.009980525803310613,28756,True,raw_coverage_much_larger_than_window_rate
1.0,2026-09-20T11:53:36.910358+00:00,1f59f317f6bf1128dd89b7e15750d6c629bb719c,db0b78b5d32440cbeee2fc47dcd6d81f28c33b76da36aa343b28b6dff1c023c7,3369a1508281082433c78fe0083966801b3d7085c521919558dc1265ecbee42f,streaming-long-csv-v1,blocked,Wind,256,192,42,0.02,575,0.019995826957852274,28756,True,raw_coverage_much_larger_than_window_rate
1.0,2026-09-20T11:53:36.910358+00:00,1f59f317f6bf1128dd89b7e15750d6c629bb719c,db0b78b5d32440cbeee2fc47dcd6d81f28c33b76da36aa343b28b6dff1c023c7,3369a1508281082433c78fe0083966801b3d7085c521919558dc1265ecbee42f,streaming-long-csv-v1,blocked,Wind,256,192,42,0.05,1437,0.049972179719015165,28756,True,raw_coverage_much_larger_than_window_rate;high_window_overlap
1.0,2026-09-20T11:53:36.910358+00:00,1f59f317f6bf1128dd89b7e15750d6c629bb719c,db0b78b5d32440cbeee2fc47dcd6d81f28c33b76da36aa343b28b6dff1c023c7,3369a1508281082433c78fe0083966801b3d7085c521919558dc1265ecbee42f,streaming-long-csv-v1,blocked,Wind,256,192,42,0.1,2875,0.09997913478926138,28756,True,raw_coverage_much_larger_than_window_rate;high_window_overlap
1.0,2026-09-20T11:53:36.910358+00:00,1f59f317f6bf1128dd89b7e15750d6c629bb719c,db0b78b5d32440cbeee2fc47dcd6d81f28c33b76da36aa343b28b6dff1c023c7,3369a1508281082433c78fe0083966801b3d7085c521919558dc1265ecbee42f,streaming-long-csv-v1,blocked,Wind,256,192,42,0.2,5751,0.19999304492975378,28756,True,high_window_overlap
1.0,2026-09-20T11:53:36.910358+00:00,1f59f317f6bf1128dd89b7e15750d6c629bb719c,db0b78b5d32440cbeee2fc47dcd6d81f28c33b76da36aa343b28b6dff1c023c7,3369a1508281082433c78fe0083966801b3d7085c521919558dc1265ecbee42f,streaming-long-csv-v1,blocked,Wind,256,192,42,0.5,14378,0.5,28756,True,high_window_overlap
1.0,2026-09-20T11:53:36.910358+00:00,1f59f317f6bf1128dd89b7e15750d6c629bb719c,db0b78b5d32440cbeee2fc47dcd6d81f28c33b76da36aa343b28b6dff1c023c7,3369a1508281082433c78fe0083966801b3d7085c521919558dc1265ecbee42f,streaming-long-csv-v1,blocked,Wind,256,192,42,1.0,28756,1.0,28756,True,high_window_overlap
1.0,2026-09-20T11:53:36.910358+00:00,1f59f317f6bf1128dd89b7e15750d6c629bb719c,db0b78b5d32440cbeee2fc47dcd6d81f28c33b76da36aa343b28b6dff1c023c7,3369a1508281082433c78fe0083966801b3d7085c521919558dc1265ecbee42f,streaming-long-csv-v1,blocked,Wind,256,336,42,0.0,0,0.0,28612,True,
1.0,2026-09-20T11:53:36.910358+00:00,1f59f317f6bf1128dd89b7e15750d6c629bb719c,db0b78b5d32440cbeee2fc47dcd6d81f28c33b76da36aa343b28b6dff1c023c7,3369a1508281082433c78fe0083966801b3d7085c521919558dc1265ecbee42f,streaming-long-csv-v1,blocked,Wind,256,336,42,0.005,143,0.0049979029777715645,28612,True,raw_coverage_much_larger_than_window_rate
1.0,2026-09-20T11:53:36.910358+00:00,1f59f317f6bf1128dd89b7e15750d6c629bb719c,db0b78b5d32440cbeee2fc47dcd6d81f28c33b76da36aa343b28b6dff1c023c7,3369a1508281082433c78fe0083966801b3d7085c521919558dc1265ecbee42f,streaming-long-csv-v1,blocked,Wind,256,336,42,0.01,286,0.009995805955543129,28612,True,raw_coverage_much_larger_than_window_rate
1.0,2026-09-20T11:53:36.910358+00:00,1f59f317f6bf1128dd89b7e15750d6c629bb719c,db0b78b5d32440cbeee2fc47dcd6d81f28c33b76da36aa343b28b6dff1c023c7,3369a1508281082433c78fe0083966801b3d7085c521919558dc1265ecbee42f,streaming-long-csv-v1,blocked,Wind,256,336,42,0.02,572,0.019991611911086258,28612,True,raw_coverage_much_larger_than_window_rate;high_window_overlap
1.0,2026-09-20T11:53:36.910358+00:00,1f59f317f6bf1128dd89b7e15750d6c629bb719c,db0b78b5d32440cbeee2fc47dcd6d81f28c33b76da36aa343b28b6dff1c023c7,3369a1508281082433c78fe0083966801b3d7085c521919558dc1265ecbee42f,streaming-long-csv-v1,blocked,Wind,256,336,42,0.05,1430,0.04997902977771564,28612,True,raw_coverage_much_larger_than_window_rate;high_window_overlap
1.0,2026-09-20T11:53:36.910358+00:00,1f59f317f6bf1128dd89b7e15750d6c629bb719c,db0b78b5d32440cbeee2fc47dcd6d81f28c33b76da36aa343b28b6dff1c023c7,3369a1508281082433c78fe0083966801b3d7085c521919558dc1265ecbee42f,streaming-long-csv-v1,blocked,Wind,256,336,42,0.1,2861,0.09999300992590522,28612,True,raw_coverage_much_larger_than_window_rate;high_window_overlap
1.0,2026-09-20T11:53:36.910358+00:00,1f59f317f6bf1128dd89b7e15750d6c629bb719c,db0b78b5d32440cbeee2fc47dcd6d81f28c33b76da36aa343b28b6dff1c023c7,3369a1508281082433c78fe0083966801b3d7085c521919558dc1265ecbee42f,streaming-long-csv-v1,blocked,Wind,256,336,42,0.2,5722,0.19998601985181044,28612,True,high_window_overlap
1.0,2026-09-20T11:53:36.910358+00:00,1f59f317f6bf1128dd89b7e15750d6c629bb719c,db0b78b5d32440cbeee2fc47dcd6d81f28c33b76da36aa343b28b6dff1c023c7,3369a1508281082433c78fe0083966801b3d7085c521919558dc1265ecbee42f,streaming-long-csv-v1,blocked,Wind,256,336,42,0.5,14306,0.5,28612,True,high_window_overlap
1.0,2026-09-20T11:53:36.910358+00:00,1f59f317f6bf1128dd89b7e15750d6c629bb719c,db0b78b5d32440cbeee2fc47dcd6d81f28c33b76da36aa343b28b6dff1c023c7,3369a1508281082433c78fe0083966801b3d7085c521919558dc1265ecbee42f,streaming-long-csv-v1,blocked,Wind,256,336,42,1.0,28612,1.0,28612,True,high_window_overlap
1.0,2026-09-20T11:53:36.910358+00:00,1f59f317f6bf1128dd89b7e15750d6c629bb719c,db0b78b5d32440cbeee2fc47dcd6d81f28c33b76da36aa343b28b6dff1c023c7,3369a1508281082433c78fe0083966801b3d7085c521919558dc1265ecbee42f,streaming-long-csv-v1,blocked,Wind,256,720,42,0.0,0,0.0,28228,True,
1.0,2026-09-20T11:53:36.910358+00:00,1f59f317f6bf1128dd89b7e15750d6c629bb719c,db0b78b5d32440cbeee2fc47dcd6d81f28c33b76da36aa343b28b6dff1c023c7,3369a1508281082433c78fe0083966801b3d7085c521919558dc1265ecbee42f,streaming-long-csv-v1,blocked,Wind,256,720,42,0.005,141,0.0049950403854329035,28228,True,raw_coverage_much_larger_than_window_rate
1.0,2026-09-20T11:53:36.910358+00:00,1f59f317f6bf1128dd89b7e15750d6c629bb719c,db0b78b5d32440cbeee2fc47dcd6d81f28c33b76da36aa343b28b6dff1c023c7,3369a1508281082433c78fe0083966801b3d7085c521919558dc1265ecbee42f,streaming-long-csv-v1,blocked,Wind,256,720,42,0.01,282,0.009990080770865807,28228,True,raw_coverage_much_larger_than_window_rate
1.0,2026-09-20T11:53:36.910358+00:00,1f59f317f6bf1128dd89b7e15750d6c629bb719c,db0b78b5d32440cbeee2fc47dcd6d81f28c33b76da36aa343b28b6dff1c023c7,3369a1508281082433c78fe0083966801b3d7085c521919558dc1265ecbee42f,streaming-long-csv-v1,blocked,Wind,256,720,42,0.02,564,0.019980161541731614,28228,True,raw_coverage_much_larger_than_window_rate;high_window_overlap
1.0,2026-09-20T11:53:36.910358+00:00,1f59f317f6bf1128dd89b7e15750d6c629bb719c,db0b78b5d32440cbeee2fc47dcd6d81f28c33b76da36aa343b28b6dff1c023c7,3369a1508281082433c78fe0083966801b3d7085c521919558dc1265ecbee42f,streaming-long-csv-v1,blocked,Wind,256,720,42,0.05,1411,0.04998582967266544,28228,True,raw_coverage_much_larger_than_window_rate;high_window_overlap
1.0,2026-09-20T11:53:36.910358+00:00,1f59f317f6bf1128dd89b7e15750d6c629bb719c,db0b78b5d32440cbeee2fc47dcd6d81f28c33b76da36aa343b28b6dff1c023c7,3369a1508281082433c78fe0083966801b3d7085c521919558dc1265ecbee42f,streaming-long-csv-v1,blocked,Wind,256,720,42,0.1,2822,0.09997165934533088,28228,True,raw_coverage_much_larger_than_window_rate;high_window_overlap
1.0,2026-09-20T11:53:36.910358+00:00,1f59f317f6bf1128dd89b7e15750d6c629bb719c,db0b78b5d32440cbeee2fc47dcd6d81f28c33b76da36aa343b28b6dff1c023c7,3369a1508281082433c78fe0083966801b3d7085c521919558dc1265ecbee42f,streaming-long-csv-v1,blocked,Wind,256,720,42,0.2,5645,0.19997874450899816,28228,True,high_window_overlap
1.0,2026-09-20T11:53:36.910358+00:00,1f59f317f6bf1128dd89b7e15750d6c629bb719c,db0b78b5d32440cbeee2fc47dcd6d81f28c33b76da36aa343b28b6dff1c023c7,3369a1508281082433c78fe0083966801b3d7085c521919558dc1265ecbee42f,streaming-long-csv-v1,blocked,Wind,256,720,42,0.5,14114,0.5,28228,True,high_window_overlap
1.0,2026-09-20T11:53:36.910358+00:00,1f59f317f6bf1128dd89b7e15750d6c629bb719c,db0b78b5d32440cbeee2fc47dcd6d81f28c33b76da36aa343b28b6dff1c023c7,3369a1508281082433c78fe0083966801b3d7085c521919558dc1265ecbee42f,streaming-long-csv-v1,blocked,Wind,256,720,42,1.0,28228,1.0,28228,True,high_window_overlap
1.0,2026-09-20T11:53:36.910358+00:00,1f59f317f6bf1128dd89b7e15750d6c629bb719c,db0b78b5d32440cbeee2fc47dcd6d81f28c33b76da36aa343b28b6dff1c023c7,3369a1508281082433c78fe0083966801b3d7085c521919558dc1265ecbee42f,streaming-long-csv-v1,blocked,Wind,512,96,42,0.0,0,0.0,28596,True,
1.0,2026-09-20T11:53:36.910358+00:00,1f59f317f6bf1128dd89b7e15750d6c629bb719c,db0b78b5d32440cbeee2fc47dcd6d81f28c33b76da36aa343b28b6dff1c023c7,3369a1508281082433c78fe0083966801b3d7085c521919558dc1265ecbee42f,streaming-long-csv-v1,blocked,Wind,512,96,42,0.005,142,0.004965729472653518,28596,True,raw_coverage_much_larger_than_window_rate
1.0,2026-09-20T11:53:36.910358+00:00,1f59f317f6bf1128dd89b7e15750d6c629bb719c,db0b78b5d32440cbeee2fc47dcd6d81f28c33b76da36aa343b28b6dff1c023c7,3369a1508281082433c78fe0083966801b3d7085c521919558dc1265ecbee42f,streaming-long-csv-v1,blocked,Wind,512,96,42,0.01,285,0.009966428871170793,28596,True,raw_coverage_much_larger_than_window_rate
1.0,2026-09-20T11:53:36.910358+00:00,1f59f317f6bf1128dd89b7e15750d6c629bb719c,db0b78b5d32440cbeee2fc47dcd6d81f28c33b76da36aa343b28b6dff1c023c7,3369a1508281082433c78fe0083966801b3d7085c521919558dc1265ecbee42f,streaming-long-csv-v1,blocked,Wind,512,96,42,0.02,571,0.019967827668205342,28596,True,raw_coverage_much_larger_than_window_rate;high_window_overlap
1.0,2026-09-20T11:53:36.910358+00:00,1f59f317f6bf1128dd89b7e15750d6c629bb719c,db0b78b5d32440cbeee2fc47dcd6d81f28c33b76da36aa343b28b6dff1c023c7,3369a1508281082433c78fe0083966801b3d7085c521919558dc1265ecbee42f,streaming-long-csv-v1,blocked,Wind,512,96,42,0.05,1429,0.04997202405930899,28596,True,raw_coverage_much_larger_than_window_rate;high_window_overlap
1.0,2026-09-20T11:53:36.910358+00:00,1f59f317f6bf1128dd89b7e15750d6c629bb719c,db0b78b5d32440cbeee2fc47dcd6d81f28c33b76da36aa343b28b6dff1c023c7,3369a1508281082433c78fe0083966801b3d7085c521919558dc1265ecbee42f,streaming-long-csv-v1,blocked,Wind,512,96,42,0.1,2859,0.09997901804448174,28596,True,raw_coverage_much_larger_than_window_rate;high_window_overlap
1.0,2026-09-20T11:53:36.910358+00:00,1f59f317f6bf1128dd89b7e15750d6c629bb719c,db0b78b5d32440cbeee2fc47dcd6d81f28c33b76da36aa343b28b6dff1c023c7,3369a1508281082433c78fe0083966801b3d7085c521919558dc1265ecbee42f,streaming-long-csv-v1,blocked,Wind,512,96,42,0.2,5719,0.19999300601482725,28596,True,high_window_overlap
1.0,2026-09-20T11:53:36.910358+00:00,1f59f317f6bf1128dd89b7e15750d6c629bb719c,db0b78b5d32440cbeee2fc47dcd6d81f28c33b76da36aa343b28b6dff1c023c7,3369a1508281082433c78fe0083966801b3d7085c521919558dc1265ecbee42f,streaming-long-csv-v1,blocked,Wind,512,96,42,0.5,14298,0.5,28596,True,high_window_overlap
1.0,2026-09-20T11:53:36.910358+00:00,1f59f317f6bf1128dd89b7e15750d6c629bb719c,db0b78b5d32440cbeee2fc47dcd6d81f28c33b76da36aa343b28b6dff1c023c7,3369a1508281082433c78fe0083966801b3d7085c521919558dc1265ecbee42f,streaming-long-csv-v1,blocked,Wind,512,96,42,1.0,28596,1.0,28596,True,high_window_overlap
1.0,2026-09-20T11:53:36.910358+00:00,1f59f317f6bf1128dd89b7e15750d6c629bb719c,db0b78b5d32440cbeee2fc47dcd6d81f28c33b76da36aa343b28b6dff1c023c7,3369a1508281082433c78fe0083966801b3d7085c521919558dc1265ecbee42f,streaming-long-csv-v1,blocked,Wind,512,192,42,0.0,0,0.0,28500,True,
1.0,2026-09-20T11:53:36.910358+00:00,1f59f317f6bf1128dd89b7e15750d6c629bb719c,db0b78b5d32440cbeee2fc47dcd6d81f28c33b76da36aa343b28b6dff1c023c7,3369a1508281082433c78fe0083966801b3d7085c521919558dc1265ecbee42f,streaming-long-csv-v1,blocked,Wind,512,192,42,0.005,142,0.004982456140350877,28500,True,raw_coverage_much_larger_than_window_rate
1.0,2026-09-20T11:53:36.910358+00:00,1f59f317f6bf1128dd89b7e15750d6c629bb719c,db0b78b5d32440cbeee2fc47dcd6d81f28c33b76da36aa343b28b6dff1c023c7,3369a1508281082433c78fe0083966801b3d7085c521919558dc1265ecbee42f,streaming-long-csv-v1,blocked,Wind,512,192,42,0.01,285,0.01,28500,True,raw_coverage_much_larger_than_window_rate
1.0,2026-09-20T11:53:36.910358+00:00,1f59f317f6bf1128dd89b7e15750d6c629bb719c,db0b78b5d32440cbeee2fc47dcd6d81f28c33b76da36aa343b28b6dff1c023c7,3369a1508281082433c78fe0083966801b3d7085c521919558dc1265ecbee42f,streaming-long-csv-v1,blocked,Wind,512,192,42,0.02,570,0.02,28500,True,raw_coverage_much_larger_than_window_rate;high_window_overlap
1.0,2026-09-20T11:53:36.910358+00:00,1f59f317f6bf1128dd89b7e15750d6c629bb719c,db0b78b5d32440cbeee2fc47dcd6d81f28c33b76da36aa343b28b6dff1c023c7,3369a1508281082433c78fe0083966801b3d7085c521919558dc1265ecbee42f,streaming-long-csv-v1,blocked,Wind,512,192,42,0.05,1425,0.05,28500,True,raw_coverage_much_larger_than_window_rate;high_window_overlap
1.0,2026-09-20T11:53:36.910358+00:00,1f59f317f6bf1128dd89b7e15750d6c629bb719c,db0b78b5d32440cbeee2fc47dcd6d81f28c33b76da36aa343b28b6dff1c023c7,3369a1508281082433c78fe0083966801b3d7085c521919558dc1265ecbee42f,streaming-long-csv-v1,blocked,Wind,512,192,42,0.1,2850,0.1,28500,True,raw_coverage_much_larger_than_window_rate;high_window_overlap
1.0,2026-09-20T11:53:36.910358+00:00,1f59f317f6bf1128dd89b7e15750d6c629bb719c,db0b78b5d32440cbeee2fc47dcd6d81f28c33b76da36aa343b28b6dff1c023c7,3369a1508281082433c78fe0083966801b3d7085c521919558dc1265ecbee42f,streaming-long-csv-v1,blocked,Wind,512,192,42,0.2,5700,0.2,28500,True,high_window_overlap
1.0,2026-09-20T11:53:36.910358+00:00,1f59f317f6bf1128dd89b7e15750d6c629bb719c,db0b78b5d32440cbeee2fc47dcd6d81f28c33b76da36aa343b28b6dff1c023c7,3369a1508281082433c78fe0083966801b3d7085c521919558dc1265ecbee42f,streaming-long-csv-v1,blocked,Wind,512,192,42,0.5,14250,0.5,28500,True,high_window_overlap
1.0,2026-09-20T11:53:36.910358+00:00,1f59f317f6bf1128dd89b7e15750d6c629bb719c,db0b78b5d32440cbeee2fc47dcd6d81f28c33b76da36aa343b28b6dff1c023c7,3369a1508281082433c78fe0083966801b3d7085c521919558dc1265ecbee42f,streaming-long-csv-v1,blocked,Wind,512,192,42,1.0,28500,1.0,28500,True,high_window_overlap
1.0,2026-09-20T11:53:36.910358+00:00,1f59f317f6bf1128dd89b7e15750d6c629bb719c,db0b78b5d32440cbeee2fc47dcd6d81f28c33b76da36aa343b28b6dff1c023c7,3369a1508281082433c78fe0083966801b3d7085c521919558dc1265ecbee42f,streaming-long-csv-v1,blocked,Wind,512,336,42,0.0,0,0.0,28356,True,
1.0,2026-09-20T11:53:36.910358+00:00,1f59f317f6bf1128dd89b7e15750d6c629bb719c,db0b78b5d32440cbeee2fc47dcd6d81f28c33b76da36aa343b28b6dff1c023c7,3369a1508281082433c78fe0083966801b3d7085c521919558dc1265ecbee42f,streaming-long-csv-v1,blocked,Wind,512,336,42,0.005,141,0.004972492594159966,28356,True,raw_coverage_much_larger_than_window_rate
1.0,2026-09-20T11:53:36.910358+00:00,1f59f317f6bf1128dd89b7e15750d6c629bb719c,db0b78b5d32440cbeee2fc47dcd6d81f28c33b76da36aa343b28b6dff1c023c7,3369a1508281082433c78fe0083966801b3d7085c521919558dc1265ecbee42f,streaming-long-csv-v1,blocked,Wind,512,336,42,0.01,283,0.009980251093243053,28356,True,raw_coverage_much_larger_than_window_rate
1.0,2026-09-20T11:53:36.910358+00:00,1f59f317f6bf1128dd89b7e15750d6c629bb719c,db0b78b5d32440cbeee2fc47dcd6d81f28c33b76da36aa343b28b6dff1c023c7,3369a1508281082433c78fe0083966801b3d7085c521919558dc1265ecbee42f,streaming-long-csv-v1,blocked,Wind,512,336,42,0.02,567,0.019995768091409225,28356,True,raw_coverage_much_larger_than_window_rate;high_window_overlap
1.0,2026-09-20T11:53:36.910358+00:00,1f59f317f6bf1128dd89b7e15750d6c629bb719c,db0b78b5d32440cbeee2fc47dcd6d81f28c33b76da36aa343b28b6dff1c023c7,3369a1508281082433c78fe0083966801b3d7085c521919558dc1265ecbee42f,streaming-long-csv-v1,blocked,Wind,512,336,42,0.05,1417,0.049971787276061504,28356,True,raw_coverage_much_larger_than_window_rate;high_window_overlap
1.0,2026-09-20T11:53:36.910358+00:00,1f59f317f6bf1128dd89b7e15750d6c629bb719c,db0b78b5d32440cbeee2fc47dcd6d81f28c33b76da36aa343b28b6dff1c023c7,3369a1508281082433c78fe0083966801b3d7085c521919558dc1265ecbee42f,streaming-long-csv-v1,blocked,Wind,512,336,42,0.1,2835,0.09997884045704612,28356,True,raw_coverage_much_larger_than_window_rate;high_window_overlap
1.0,2026-09-20T11:53:36.910358+00:00,1f59f317f6bf1128dd89b7e15750d6c629bb719c,db0b78b5d32440cbeee2fc47dcd6d81f28c33b76da36aa343b28b6dff1c023c7,3369a1508281082433c78fe0083966801b3d7085c521919558dc1265ecbee42f,streaming-long-csv-v1,blocked,Wind,512,336,42,0.2,5671,0.1999929468190154,28356,True,high_window_overlap
1.0,2026-09-20T11:53:36.910358+00:00,1f59f317f6bf1128dd89b7e15750d6c629bb719c,db0b78b5d32440cbeee2fc47dcd6d81f28c33b76da36aa343b28b6dff1c023c7,3369a1508281082433c78fe0083966801b3d7085c521919558dc1265ecbee42f,streaming-long-csv-v1,blocked,Wind,512,336,42,0.5,14178,0.5,28356,True,high_window_overlap
1.0,2026-09-20T11:53:36.910358+00:00,1f59f317f6bf1128dd89b7e15750d6c629bb719c,db0b78b5d32440cbeee2fc47dcd6d81f28c33b76da36aa343b28b6dff1c023c7,3369a1508281082433c78fe0083966801b3d7085c521919558dc1265ecbee42f,streaming-long-csv-v1,blocked,Wind,512,336,42,1.0,28356,1.0,28356,True,high_window_overlap
1.0,2026-09-20T11:53:36.910358+00:00,1f59f317f6bf1128dd89b7e15750d6c629bb719c,db0b78b5d32440cbeee2fc47dcd6d81f28c33b76da36aa343b28b6dff1c023c7,3369a1508281082433c78fe0083966801b3d7085c521919558dc1265ecbee42f,streaming-long-csv-v1,blocked,Wind,512,720,42,0.0,0,0.0,27972,True,
1.0,2026-09-20T11:53:36.910358+00:00,1f59f317f6bf1128dd89b7e15750d6c629bb719c,db0b78b5d32440cbeee2fc47dcd6d81f28c33b76da36aa343b28b6dff1c023c7,3369a1508281082433c78fe0083966801b3d7085c521919558dc1265ecbee42f,streaming-long-csv-v1,blocked,Wind,512,720,42,0.005,139,0.004969254969254969,27972,True,raw_coverage_much_larger_than_window_rate
1.0,2026-09-20T11:53:36.910358+00:00,1f59f317f6bf1128dd89b7e15750d6c629bb719c,db0b78b5d32440cbeee2fc47dcd6d81f28c33b76da36aa343b28b6dff1c023c7,3369a1508281082433c78fe0083966801b3d7085c521919558dc1265ecbee42f,streaming-long-csv-v1,blocked,Wind,512,720,42,0.01,279,0.009974259974259974,27972,True,raw_coverage_much_larger_than_window_rate;high_window_overlap
1.0,2026-09-20T11:53:36.910358+00:00,1f59f317f6bf1128dd89b7e15750d6c629bb719c,db0b78b5d32440cbeee2fc47dcd6d81f28c33b76da36aa343b28b6dff1c023c7,3369a1508281082433c78fe0083966801b3d7085c521919558dc1265ecbee42f,streaming-long-csv-v1,blocked,Wind,512,720,42,0.02,559,0.019984269984269984,27972,True,raw_coverage_much_larger_than_window_rate;high_window_overlap
1.0,2026-09-20T11:53:36.910358+00:00,1f59f317f6bf1128dd89b7e15750d6c629bb719c,db0b78b5d32440cbeee2fc47dcd6d81f28c33b76da36aa343b28b6dff1c023c7,3369a1508281082433c78fe0083966801b3d7085c521919558dc1265ecbee42f,streaming-long-csv-v1,blocked,Wind,512,720,42,0.05,1398,0.04997854997854998,27972,True,raw_coverage_much_larger_than_window_rate;high_window_overlap
1.0,2026-09-20T11:53:36.910358+00:00,1f59f317f6bf1128dd89b7e15750d6c629bb719c,db0b78b5d32440cbeee2fc47dcd6d81f28c33b76da36aa343b28b6dff1c023c7,3369a1508281082433c78fe0083966801b3d7085c521919558dc1265ecbee42f,streaming-long-csv-v1,blocked,Wind,512,720,42,0.1,2797,0.09999284999284999,27972,True,raw_coverage_much_larger_than_window_rate;high_window_overlap
1.0,2026-09-20T11:53:36.910358+00:00,1f59f317f6bf1128dd89b7e15750d6c629bb719c,db0b78b5d32440cbeee2fc47dcd6d81f28c33b76da36aa343b28b6dff1c023c7,3369a1508281082433c78fe0083966801b3d7085c521919558dc1265ecbee42f,streaming-long-csv-v1,blocked,Wind,512,720,42,0.2,5594,0.19998569998569998,27972,True,high_window_overlap
1.0,2026-09-20T11:53:36.910358+00:00,1f59f317f6bf1128dd89b7e15750d6c629bb719c,db0b78b5d32440cbeee2fc47dcd6d81f28c33b76da36aa343b28b6dff1c023c7,3369a1508281082433c78fe0083966801b3d7085c521919558dc1265ecbee42f,streaming-long-csv-v1,blocked,Wind,512,720,42,0.5,13986,0.5,27972,True,high_window_overlap
1.0,2026-09-20T11:53:36.910358+00:00,1f59f317f6bf1128dd89b7e15750d6c629bb719c,db0b78b5d32440cbeee2fc47dcd6d81f28c33b76da36aa343b28b6dff1c023c7,3369a1508281082433c78fe0083966801b3d7085c521919558dc1265ecbee42f,streaming-long-csv-v1,blocked,Wind,512,720,42,1.0,27972,1.0,27972,True,high_window_overlap
1.0,2026-09-20T11:53:36.910358+00:00,1f59f317f6bf1128dd89b7e15750d6c629bb719c,54036c36dd00e728af571e143fd1c6cd4d0634bd17fbf97e07fed324a3500568,3369a1508281082433c78fe0083966801b3d7085c521919558dc1265ecbee42f,streaming-long-csv-v1,blocked,Weather,256,96,42,0.0,0,0.0,31266,True,
1.0,2026-09-20T11:53:36.910358+00:00,1f59f317f6bf1128dd89b7e15750d6c629bb719c,54036c36dd00e728af571e143fd1c6cd4d0634bd17fbf97e07fed324a3500568,3369a1508281082433c78fe0083966801b3d7085c521919558dc1265ecbee42f,streaming-long-csv-v1,blocked,Weather,256,96,42,0.005,156,0.004989445403953176,31266,True,raw_coverage_much_larger_than_window_rate
1.0,2026-09-20T11:53:36.910358+00:00,1f59f317f6bf1128dd89b7e15750d6c629bb719c,54036c36dd00e728af571e143fd1c6cd4d0634bd17fbf97e07fed324a3500568,3369a1508281082433c78fe0083966801b3d7085c521919558dc1265ecbee42f,streaming-long-csv-v1,blocked,Weather,256,96,42,0.01,312,0.009978890807906352,31266,True,raw_coverage_much_larger_than_window_rate
1.0,2026-09-20T11:53:36.910358+00:00,1f59f317f6bf1128dd89b7e15750d6c629bb719c,54036c36dd00e728af571e143fd1c6cd4d0634bd17fbf97e07fed324a3500568,3369a1508281082433c78fe0083966801b3d7085c521919558dc1265ecbee42f,streaming-long-csv-v1,blocked,Weather,256,96,42,0.02,625,0.019989765240197018,31266,True,raw_coverage_much_larger_than_window_rate
1.0,2026-09-20T11:53:36.910358+00:00,1f59f317f6bf1128dd89b7e15750d6c629bb719c,54036c36dd00e728af571e143fd1c6cd4d0634bd17fbf97e07fed324a3500568,3369a1508281082433c78fe0083966801b3d7085c521919558dc1265ecbee42f,streaming-long-csv-v1,blocked,Weather,256,96,42,0.05,1563,0.04999040491268471,31266,True,raw_coverage_much_larger_than_window_rate;high_window_overlap
1.0,2026-09-20T11:53:36.910358+00:00,1f59f317f6bf1128dd89b7e15750d6c629bb719c,54036c36dd00e728af571e143fd1c6cd4d0634bd17fbf97e07fed324a3500568,3369a1508281082433c78fe0083966801b3d7085c521919558dc1265ecbee42f,streaming-long-csv-v1,blocked,Weather,256,96,42,0.1,3126,0.09998080982536942,31266,True,raw_coverage_much_larger_than_window_rate;high_window_overlap
1.0,2026-09-20T11:53:36.910358+00:00,1f59f317f6bf1128dd89b7e15750d6c629bb719c,54036c36dd00e728af571e143fd1c6cd4d0634bd17fbf97e07fed324a3500568,3369a1508281082433c78fe0083966801b3d7085c521919558dc1265ecbee42f,streaming-long-csv-v1,blocked,Weather,256,96,42,0.2,6253,0.19999360327512314,31266,True,raw_coverage_much_larger_than_window_rate;high_window_overlap
1.0,2026-09-20T11:53:36.910358+00:00,1f59f317f6bf1128dd89b7e15750d6c629bb719c,54036c36dd00e728af571e143fd1c6cd4d0634bd17fbf97e07fed324a3500568,3369a1508281082433c78fe0083966801b3d7085c521919558dc1265ecbee42f,streaming-long-csv-v1,blocked,Weather,256,96,42,0.5,15633,0.5,31266,True,high_window_overlap
1.0,2026-09-20T11:53:36.910358+00:00,1f59f317f6bf1128dd89b7e15750d6c629bb719c,54036c36dd00e728af571e143fd1c6cd4d0634bd17fbf97e07fed324a3500568,3369a1508281082433c78fe0083966801b3d7085c521919558dc1265ecbee42f,streaming-long-csv-v1,blocked,Weather,256,96,42,1.0,31266,1.0,31266,True,high_window_overlap
1.0,2026-09-20T11:53:36.910358+00:00,1f59f317f6bf1128dd89b7e15750d6c629bb719c,54036c36dd00e728af571e143fd1c6cd4d0634bd17fbf97e07fed324a3500568,3369a1508281082433c78fe0083966801b3d7085c521919558dc1265ecbee42f,streaming-long-csv-v1,blocked,Weather,256,192,42,0.0,0,0.0,31170,True,
1.0,2026-09-20T11:53:36.910358+00:00,1f59f317f6bf1128dd89b7e15750d6c629bb719c,54036c36dd00e728af571e143fd1c6cd4d0634bd17fbf97e07fed324a3500568,3369a1508281082433c78fe0083966801b3d7085c521919558dc1265ecbee42f,streaming-long-csv-v1,blocked,Weather,256,192,42,0.005,155,0.004972730189284569,31170,True,raw_coverage_much_larger_than_window_rate
1.0,2026-09-20T11:53:36.910358+00:00,1f59f317f6bf1128dd89b7e15750d6c629bb719c,54036c36dd00e728af571e143fd1c6cd4d0634bd17fbf97e07fed324a3500568,3369a1508281082433c78fe0083966801b3d7085c521919558dc1265ecbee42f,streaming-long-csv-v1,blocked,Weather,256,192,42,0.01,311,0.009977542508822585,31170,True,raw_coverage_much_larger_than_window_rate
1.0,2026-09-20T11:53:36.910358+00:00,1f59f317f6bf1128dd89b7e15750d6c629bb719c,54036c36dd00e728af571e143fd1c6cd4d0634bd17fbf97e07fed324a3500568,3369a1508281082433c78fe0083966801b3d7085c521919558dc1265ecbee42f,streaming-long-csv-v1,blocked,Weather,256,192,42,0.02,623,0.01998716714789862,31170,True,raw_coverage_much_larger_than_window_rate
1.0,2026-09-20T11:53:36.910358+00:00,1f59f317f6bf1128dd89b7e15750d6c629bb719c,54036c36dd00e728af571e143fd1c6cd4d0634bd17fbf97e07fed324a3500568,3369a1508281082433c78fe0083966801b3d7085c521919558dc1265ecbee42f,streaming-long-csv-v1,blocked,Weather,256,192,42,0.05,1558,0.04998395893487328,31170,True,raw_coverage_much_larger_than_window_rate;high_window_overlap
1.0,2026-09-20T11:53:36.910358+00:00,1f59f317f6bf1128dd89b7e15750d6c629bb719c,54036c36dd00e728af571e143fd1c6cd4d0634bd17fbf97e07fed324a3500568,3369a1508281082433c78fe0083966801b3d7085c521919558dc1265ecbee42f,streaming-long-csv-v1,blocked,Weather,256,192,42,0.1,3117,0.1,31170,True,raw_coverage_much_larger_than_window_rate;high_window_overlap
1.0,2026-09-20T11:53:36.910358+00:00,1f59f317f6bf1128dd89b7e15750d6c629bb719c,54036c36dd00e728af571e143fd1c6cd4d0634bd17fbf97e07fed324a3500568,3369a1508281082433c78fe0083966801b3d7085c521919558dc1265ecbee42f,streaming-long-csv-v1,blocked,Weather,256,192,42,0.2,6234,0.2,31170,True,high_window_overlap
1.0,2026-09-20T11:53:36.910358+00:00,1f59f317f6bf1128dd89b7e15750d6c629bb719c,54036c36dd00e728af571e143fd1c6cd4d0634bd17fbf97e07fed324a3500568,3369a1508281082433c78fe0083966801b3d7085c521919558dc1265ecbee42f,streaming-long-csv-v1,blocked,Weather,256,192,42,0.5,15585,0.5,31170,True,high_window_overlap
1.0,2026-09-20T11:53:36.910358+00:00,1f59f317f6bf1128dd89b7e15750d6c629bb719c,54036c36dd00e728af571e143fd1c6cd4d0634bd17fbf97e07fed324a3500568,3369a1508281082433c78fe0083966801b3d7085c521919558dc1265ecbee42f,streaming-long-csv-v1,blocked,Weather,256,192,42,1.0,31170,1.0,31170,True,high_window_overlap
1.0,2026-09-20T11:53:36.910358+00:00,1f59f317f6bf1128dd89b7e15750d6c629bb719c,54036c36dd00e728af571e143fd1c6cd4d0634bd17fbf97e07fed324a3500568,3369a1508281082433c78fe0083966801b3d7085c521919558dc1265ecbee42f,streaming-long-csv-v1,blocked,Weather,256,336,42,0.0,0,0.0,31026,True,
1.0,2026-09-20T11:53:36.910358+00:00,1f59f317f6bf1128dd89b7e15750d6c629bb719c,54036c36dd00e728af571e143fd1c6cd4d0634bd17fbf97e07fed324a3500568,3369a1508281082433c78fe0083966801b3d7085c521919558dc1265ecbee42f,streaming-long-csv-v1,blocked,Weather,256,336,42,0.005,155,0.004995809965835106,31026,True,raw_coverage_much_larger_than_window_rate
1.0,2026-09-20T11:53:36.910358+00:00,1f59f317f6bf1128dd89b7e15750d6c629bb719c,54036c36dd00e728af571e143fd1c6cd4d0634bd17fbf97e07fed324a3500568,3369a1508281082433c78fe0083966801b3d7085c521919558dc1265ecbee42f,streaming-long-csv-v1,blocked,Weather,256,336,42,0.01,310,0.009991619931670212,31026,True,raw_coverage_much_larger_than_window_rate
1.0,2026-09-20T11:53:36.910358+00:00,1f59f317f6bf1128dd89b7e15750d6c629bb719c,54036c36dd00e728af571e143fd1c6cd4d0634bd17fbf97e07fed324a3500568,3369a1508281082433c78fe0083966801b3d7085c521919558dc1265ecbee42f,streaming-long-csv-v1,blocked,Weather,256,336,42,0.02,620,0.019983239863340423,31026,True,raw_coverage_much_larger_than_window_rate;high_window_overlap
1.0,2026-09-20T11:53:36.910358+00:00,1f59f317f6bf1128dd89b7e15750d6c629bb719c,54036c36dd00e728af571e143fd1c6cd4d0634bd17fbf97e07fed324a3500568,3369a1508281082433c78fe0083966801b3d7085c521919558dc1265ecbee42f,streaming-long-csv-v1,blocked,Weather,256,336,42,0.05,1551,0.049990330690388704,31026,True,raw_coverage_much_larger_than_window_rate;high_window_overlap
1.0,2026-09-20T11:53:36.910358+00:00,1f59f317f6bf1128dd89b7e15750d6c629bb719c,54036c36dd00e728af571e143fd1c6cd4d0634bd17fbf97e07fed324a3500568,3369a1508281082433c78fe0083966801b3d7085c521919558dc1265ecbee42f,streaming-long-csv-v1,blocked,Weather,256,336,42,0.1,3102,0.09998066138077741,31026,True,raw_coverage_much_larger_than_window_rate;high_window_overlap
1.0,2026-09-20T11:53:36.910358+00:00,1f59f317f6bf1128dd89b7e15750d6c629bb719c,54036c36dd00e728af571e143fd1c6cd4d0634bd17fbf97e07fed324a3500568,3369a1508281082433c78fe0083966801b3d7085c521919558dc1265ecbee42f,streaming-long-csv-v1,blocked,Weather,256,336,42,0.2,6205,0.19999355379359246,31026,True,high_window_overlap
1.0,2026-09-20T11:53:36.910358+00:00,1f59f317f6bf1128dd89b7e15750d6c629bb719c,54036c36dd00e728af571e143fd1c6cd4d0634bd17fbf97e07fed324a3500568,3369a1508281082433c78fe0083966801b3d7085c521919558dc1265ecbee42f,streaming-long-csv-v1,blocked,Weather,256,336,42,0.5,15513,0.5,31026,True,high_window_overlap
1.0,2026-09-20T11:53:36.910358+00:00,1f59f317f6bf1128dd89b7e15750d6c629bb719c,54036c36dd00e728af571e143fd1c6cd4d0634bd17fbf97e07fed324a3500568,3369a1508281082433c78fe0083966801b3d7085c521919558dc1265ecbee42f,streaming-long-csv-v1,blocked,Weather,256,336,42,1.0,31026,1.0,31026,True,high_window_overlap
1.0,2026-09-20T11:53:36.910358+00:00,1f59f317f6bf1128dd89b7e15750d6c629bb719c,54036c36dd00e728af571e143fd1c6cd4d0634bd17fbf97e07fed324a3500568,3369a1508281082433c78fe0083966801b3d7085c521919558dc1265ecbee42f,streaming-long-csv-v1,blocked,Weather,256,720,42,0.0,0,0.0,30642,True,
1.0,2026-09-20T11:53:36.910358+00:00,1f59f317f6bf1128dd89b7e15750d6c629bb719c,54036c36dd00e728af571e143fd1c6cd4d0634bd17fbf97e07fed324a3500568,3369a1508281082433c78fe0083966801b3d7085c521919558dc1265ecbee42f,streaming-long-csv-v1,blocked,Weather,256,720,42,0.005,153,0.004993146661445075,30642,True,raw_coverage_much_larger_than_window_rate
1.0,2026-09-20T11:53:36.910358+00:00,1f59f317f6bf1128dd89b7e15750d6c629bb719c,54036c36dd00e728af571e143fd1c6cd4d0634bd17fbf97e07fed324a3500568,3369a1508281082433c78fe0083966801b3d7085c521919558dc1265ecbee42f,streaming-long-csv-v1,blocked,Weather,256,720,42,0.01,306,0.00998629332289015,30642,True,raw_coverage_much_larger_than_window_rate
1.0,2026-09-20T11:53:36.910358+00:00,1f59f317f6bf1128dd89b7e15750d6c629bb719c,54036c36dd00e728af571e143fd1c6cd4d0634bd17fbf97e07fed324a3500568,3369a1508281082433c78fe0083966801b3d7085c521919558dc1265ecbee42f,streaming-long-csv-v1,blocked,Weather,256,720,42,0.02,612,0.0199725866457803,30642,True,raw_coverage_much_larger_than_window_rate;high_window_overlap
1.0,2026-09-20T11:53:36.910358+00:00,1f59f317f6bf1128dd89b7e15750d6c629bb719c,54036c36dd00e728af571e143fd1c6cd4d0634bd17fbf97e07fed324a3500568,3369a1508281082433c78fe0083966801b3d7085c521919558dc1265ecbee42f,streaming-long-csv-v1,blocked,Weather,256,720,42,0.05,1532,0.049996736505450036,30642,True,raw_coverage_much_larger_than_window_rate;high_window_overlap
1.0,2026-09-20T11:53:36.910358+00:00,1f59f317f6bf1128dd89b7e15750d6c629bb719c,54036c36dd00e728af571e143fd1c6cd4d0634bd17fbf97e07fed324a3500568,3369a1508281082433c78fe0083966801b3d7085c521919558dc1265ecbee42f,streaming-long-csv-v1,blocked,Weather,256,720,42,0.1,3064,0.09999347301090007,30642,True,raw_coverage_much_larger_than_window_rate;high_window_overlap
1.0,2026-09-20T11:53:36.910358+00:00,1f59f317f6bf1128dd89b7e15750d6c629bb719c,54036c36dd00e728af571e143fd1c6cd4d0634bd17fbf97e07fed324a3500568,3369a1508281082433c78fe0083966801b3d7085c521919558dc1265ecbee42f,streaming-long-csv-v1,blocked,Weather,256,720,42,0.2,6128,0.19998694602180014,30642,True,high_window_overlap
1.0,2026-09-20T11:53:36.910358+00:00,1f59f317f6bf1128dd89b7e15750d6c629bb719c,54036c36dd00e728af571e143fd1c6cd4d0634bd17fbf97e07fed324a3500568,3369a1508281082433c78fe0083966801b3d7085c521919558dc1265ecbee42f,streaming-long-csv-v1,blocked,Weather,256,720,42,0.5,15321,0.5,30642,True,high_window_overlap
1.0,2026-09-20T11:53:36.910358+00:00,1f59f317f6bf1128dd89b7e15750d6c629bb719c,54036c36dd00e728af571e143fd1c6cd4d0634bd17fbf97e07fed324a3500568,3369a1508281082433c78fe0083966801b3d7085c521919558dc1265ecbee42f,streaming-long-csv-v1,blocked,Weather,256,720,42,1.0,30642,1.0,30642,True,high_window_overlap
1.0,2026-09-20T11:53:36.910358+00:00,1f59f317f6bf1128dd89b7e15750d6c629bb719c,54036c36dd00e728af571e143fd1c6cd4d0634bd17fbf97e07fed324a3500568,3369a1508281082433c78fe0083966801b3d7085c521919558dc1265ecbee42f,streaming-long-csv-v1,blocked,Weather,512,96,42,0.0,0,0.0,31010,True,
1.0,2026-09-20T11:53:36.910358+00:00,1f59f317f6bf1128dd89b7e15750d6c629bb719c,54036c36dd00e728af571e143fd1c6cd4d0634bd17fbf97e07fed324a3500568,3369a1508281082433c78fe0083966801b3d7085c521919558dc1265ecbee42f,streaming-long-csv-v1,blocked,Weather,512,96,42,0.005,155,0.004998387616897775,31010,True,raw_coverage_much_larger_than_window_rate
1.0,2026-09-20T11:53:36.910358+00:00,1f59f317f6bf1128dd89b7e15750d6c629bb719c,54036c36dd00e728af571e143fd1c6cd4d0634bd17fbf97e07fed324a3500568,3369a1508281082433c78fe0083966801b3d7085c521919558dc1265ecbee42f,streaming-long-csv-v1,blocked,Weather,512,96,42,0.01,310,0.00999677523379555,31010,True,raw_coverage_much_larger_than_window_rate
1.0,2026-09-20T11:53:36.910358+00:00,1f59f317f6bf1128dd89b7e15750d6c629bb719c,54036c36dd00e728af571e143fd1c6cd4d0634bd17fbf97e07fed324a3500568,3369a1508281082433c78fe0083966801b3d7085c521919558dc1265ecbee42f,streaming-long-csv-v1,blocked,Weather,512,96,42,0.02,620,0.0199935504675911,31010,True,raw_coverage_much_larger_than_window_rate;high_window_overlap
1.0,2026-09-20T11:53:36.910358+00:00,1f59f317f6bf1128dd89b7e15750d6c629bb719c,54036c36dd00e728af571e143fd1c6cd4d0634bd17fbf97e07fed324a3500568,3369a1508281082433c78fe0083966801b3d7085c521919558dc1265ecbee42f,streaming-long-csv-v1,blocked,Weather,512,96,42,0.05,1550,0.04998387616897775,31010,True,raw_coverage_much_larger_than_window_rate;high_window_overlap
1.0,2026-09-20T11:53:36.910358+00:00,1f59f317f6bf1128dd89b7e15750d6c629bb719c,54036c36dd00e728af571e143fd1c6cd4d0634bd17fbf97e07fed324a3500568,3369a1508281082433c78fe0083966801b3d7085c521919558dc1265ecbee42f,streaming-long-csv-v1,blocked,Weather,512,96,42,0.1,3101,0.1,31010,True,raw_coverage_much_larger_than_window_rate;high_window_overlap
1.0,2026-09-20T11:53:36.910358+00:00,1f59f317f6bf1128dd89b7e15750d6c629bb719c,54036c36dd00e728af571e143fd1c6cd4d0634bd17fbf97e07fed324a3500568,3369a1508281082433c78fe0083966801b3d7085c521919558dc1265ecbee42f,streaming-long-csv-v1,blocked,Weather,512,96,42,0.2,6202,0.2,31010,True,high_window_overlap
1.0,2026-09-20T11:53:36.910358+00:00,1f59f317f6bf1128dd89b7e15750d6c629bb719c,54036c36dd00e728af571e143fd1c6cd4d0634bd17fbf97e07fed324a3500568,3369a1508281082433c78fe0083966801b3d7085c521919558dc1265ecbee42f,streaming-long-csv-v1,blocked,Weather,512,96,42,0.5,15505,0.5,31010,True,high_window_overlap
1.0,2026-09-20T11:53:36.910358+00:00,1f59f317f6bf1128dd89b7e15750d6c629bb719c,54036c36dd00e728af571e143fd1c6cd4d0634bd17fbf97e07fed324a3500568,3369a1508281082433c78fe0083966801b3d7085c521919558dc1265ecbee42f,streaming-long-csv-v1,blocked,Weather,512,96,42,1.0,31010,1.0,31010,True,high_window_overlap
1.0,2026-09-20T11:53:36.910358+00:00,1f59f317f6bf1128dd89b7e15750d6c629bb719c,54036c36dd00e728af571e143fd1c6cd4d0634bd17fbf97e07fed324a3500568,3369a1508281082433c78fe0083966801b3d7085c521919558dc1265ecbee42f,streaming-long-csv-v1,blocked,Weather,512,192,42,0.0,0,0.0,30914,True,
1.0,2026-09-20T11:53:36.910358+00:00,1f59f317f6bf1128dd89b7e15750d6c629bb719c,54036c36dd00e728af571e143fd1c6cd4d0634bd17fbf97e07fed324a3500568,3369a1508281082433c78fe0083966801b3d7085c521919558dc1265ecbee42f,streaming-long-csv-v1,blocked,Weather,512,192,42,0.005,154,0.0049815617519570424,30914,True,raw_coverage_much_larger_than_window_rate
1.0,2026-09-20T11:53:36.910358+00:00,1f59f317f6bf1128dd89b7e15750d6c629bb719c,54036c36dd00e728af571e143fd1c6cd4d0634bd17fbf97e07fed324a3500568,3369a1508281082433c78fe0083966801b3d7085c521919558dc1265ecbee42f,streaming-long-csv-v1,blocked,Weather,512,192,42,0.01,309,0.00999547130749822,30914,True,raw_coverage_much_larger_than_window_rate
1.0,2026-09-20T11:53:36.910358+00:00,1f59f317f6bf1128dd89b7e15750d6c629bb719c,54036c36dd00e728af571e143fd1c6cd4d0634bd17fbf97e07fed324a3500568,3369a1508281082433c78fe0083966801b3d7085c521919558dc1265ecbee42f,streaming-long-csv-v1,blocked,Weather,512,192,42,0.02,618,0.01999094261499644,30914,True,raw_coverage_much_larger_than_window_rate;high_window_overlap
1.0,2026-09-20T11:53:36.910358+00:00,1f59f317f6bf1128dd89b7e15750d6c629bb719c,54036c36dd00e728af571e143fd1c6cd4d0634bd17fbf97e07fed324a3500568,3369a1508281082433c78fe0083966801b3d7085c521919558dc1265ecbee42f,streaming-long-csv-v1,blocked,Weather,512,192,42,0.05,1545,0.04997735653749111,30914,True,raw_coverage_much_larger_than_window_rate;high_window_overlap
1.0,2026-09-20T11:53:36.910358+00:00,1f59f317f6bf1128dd89b7e15750d6c629bb719c,54036c36dd00e728af571e143fd1c6cd4d0634bd17fbf97e07fed324a3500568,3369a1508281082433c78fe0083966801b3d7085c521919558dc1265ecbee42f,streaming-long-csv-v1,blocked,Weather,512,192,42,0.1,3091,0.09998706087856635,30914,True,raw_coverage_much_larger_than_window_rate;high_window_overlap
1.0,2026-09-20T11:53:36.910358+00:00,1f59f317f6bf1128dd89b7e15750d6c629bb719c,54036c36dd00e728af571e143fd1c6cd4d0634bd17fbf97e07fed324a3500568,3369a1508281082433c78fe0083966801b3d7085c521919558dc1265ecbee42f,streaming-long-csv-v1,blocked,Weather,512,192,42,0.2,6182,0.1999741217571327,30914,True,high_window_overlap
1.0,2026-09-20T11:53:36.910358+00:00,1f59f317f6bf1128dd89b7e15750d6c629bb719c,54036c36dd00e728af571e143fd1c6cd4d0634bd17fbf97e07fed324a3500568,3369a1508281082433c78fe0083966801b3d7085c521919558dc1265ecbee42f,streaming-long-csv-v1,blocked,Weather,512,192,42,0.5,15457,0.5,30914,True,high_window_overlap
1.0,2026-09-20T11:53:36.910358+00:00,1f59f317f6bf1128dd89b7e15750d6c629bb719c,54036c36dd00e728af571e143fd1c6cd4d0634bd17fbf97e07fed324a3500568,3369a1508281082433c78fe0083966801b3d7085c521919558dc1265ecbee42f,streaming-long-csv-v1,blocked,Weather,512,192,42,1.0,30914,1.0,30914,True,high_window_overlap
1.0,2026-09-20T11:53:36.910358+00:00,1f59f317f6bf1128dd89b7e15750d6c629bb719c,54036c36dd00e728af571e143fd1c6cd4d0634bd17fbf97e07fed324a3500568,3369a1508281082433c78fe0083966801b3d7085c521919558dc1265ecbee42f,streaming-long-csv-v1,blocked,Weather,512,336,42,0.0,0,0.0,30770,True,
1.0,2026-09-20T11:53:36.910358+00:00,1f59f317f6bf1128dd89b7e15750d6c629bb719c,54036c36dd00e728af571e143fd1c6cd4d0634bd17fbf97e07fed324a3500568,3369a1508281082433c78fe0083966801b3d7085c521919558dc1265ecbee42f,streaming-long-csv-v1,blocked,Weather,512,336,42,0.005,153,0.004972375690607734,30770,True,raw_coverage_much_larger_than_window_rate
1.0,2026-09-20T11:53:36.910358+00:00,1f59f317f6bf1128dd89b7e15750d6c629bb719c,54036c36dd00e728af571e143fd1c6cd4d0634bd17fbf97e07fed324a3500568,3369a1508281082433c78fe0083966801b3d7085c521919558dc1265ecbee42f,streaming-long-csv-v1,blocked,Weather,512,336,42,0.01,307,0.009977250568735782,30770,True,raw_coverage_much_larger_than_window_rate
1.0,2026-09-20T11:53:36.910358+00:00,1f59f317f6bf1128dd89b7e15750d6c629bb719c,54036c36dd00e728af571e143fd1c6cd4d0634bd17fbf97e07fed324a3500568,3369a1508281082433c78fe0083966801b3d7085c521919558dc1265ecbee42f,streaming-long-csv-v1,blocked,Weather,512,336,42,0.02,615,0.019987000324991875,30770,True,raw_coverage_much_larger_than_window_rate;high_window_overlap
1.0,2026-09-20T11:53:36.910358+00:00,1f59f317f6bf1128dd89b7e15750d6c629bb719c,54036c36dd00e728af571e143fd1c6cd4d0634bd17fbf97e07fed324a3500568,3369a1508281082433c78fe0083966801b3d7085c521919558dc1265ecbee42f,streaming-long-csv-v1,blocked,Weather,512,336,42,0.05,1538,0.04998375040623984,30770,True,raw_coverage_much_larger_than_window_rate;high_window_overlap
1.0,2026-09-20T11:53:36.910358+00:00,1f59f317f6bf1128dd89b7e15750d6c629bb719c,54036c36dd00e728af571e143fd1c6cd4d0634bd17fbf97e07fed324a3500568,3369a1508281082433c78fe0083966801b3d7085c521919558dc1265ecbee42f,streaming-long-csv-v1,blocked,Weather,512,336,42,0.1,3077,0.1,30770,True,raw_coverage_much_larger_than_window_rate;high_window_overlap
1.0,2026-09-20T11:53:36.910358+00:00,1f59f317f6bf1128dd89b7e15750d6c629bb719c,54036c36dd00e728af571e143fd1c6cd4d0634bd17fbf97e07fed324a3500568,3369a1508281082433c78fe0083966801b3d7085c521919558dc1265ecbee42f,streaming-long-csv-v1,blocked,Weather,512,336,42,0.2,6154,0.2,30770,True,high_window_overlap
1.0,2026-09-20T11:53:36.910358+00:00,1f59f317f6bf1128dd89b7e15750d6c629bb719c,54036c36dd00e728af571e143fd1c6cd4d0634bd17fbf97e07fed324a3500568,3369a1508281082433c78fe0083966801b3d7085c521919558dc1265ecbee42f,streaming-long-csv-v1,blocked,Weather,512,336,42,0.5,15385,0.5,30770,True,high_window_overlap
1.0,2026-09-20T11:53:36.910358+00:00,1f59f317f6bf1128dd89b7e15750d6c629bb719c,54036c36dd00e728af571e143fd1c6cd4d0634bd17fbf97e07fed324a3500568,3369a1508281082433c78fe0083966801b3d7085c521919558dc1265ecbee42f,streaming-long-csv-v1,blocked,Weather,512,336,42,1.0,30770,1.0,30770,True,high_window_overlap
1.0,2026-09-20T11:53:36.910358+00:00,1f59f317f6bf1128dd89b7e15750d6c629bb719c,54036c36dd00e728af571e143fd1c6cd4d0634bd17fbf97e07fed324a3500568,3369a1508281082433c78fe0083966801b3d7085c521919558dc1265ecbee42f,streaming-long-csv-v1,blocked,Weather,512,720,42,0.0,0,0.0,30386,True,
1.0,2026-09-20T11:53:36.910358+00:00,1f59f317f6bf1128dd89b7e15750d6c629bb719c,54036c36dd00e728af571e143fd1c6cd4d0634bd17fbf97e07fed324a3500568,3369a1508281082433c78fe0083966801b3d7085c521919558dc1265ecbee42f,streaming-long-csv-v1,blocked,Weather,512,720,42,0.005,151,0.004969393799776213,30386,True,raw_coverage_much_larger_than_window_rate
1.0,2026-09-20T11:53:36.910358+00:00,1f59f317f6bf1128dd89b7e15750d6c629bb719c,54036c36dd00e728af571e143fd1c6cd4d0634bd17fbf97e07fed324a3500568,3369a1508281082433c78fe0083966801b3d7085c521919558dc1265ecbee42f,streaming-long-csv-v1,blocked,Weather,512,720,42,0.01,303,0.009971697492266176,30386,True,raw_coverage_much_larger_than_window_rate;high_window_overlap
1.0,2026-09-20T11:53:36.910358+00:00,1f59f317f6bf1128dd89b7e15750d6c629bb719c,54036c36dd00e728af571e143fd1c6cd4d0634bd17fbf97e07fed324a3500568,3369a1508281082433c78fe0083966801b3d7085c521919558dc1265ecbee42f,streaming-long-csv-v1,blocked,Weather,512,720,42,0.02,607,0.0199763048772461,30386,True,raw_coverage_much_larger_than_window_rate;high_window_overlap
1.0,2026-09-20T11:53:36.910358+00:00,1f59f317f6bf1128dd89b7e15750d6c629bb719c,54036c36dd00e728af571e143fd1c6cd4d0634bd17fbf97e07fed324a3500568,3369a1508281082433c78fe0083966801b3d7085c521919558dc1265ecbee42f,streaming-long-csv-v1,blocked,Weather,512,720,42,0.05,1519,0.049990127032185874,30386,True,raw_coverage_much_larger_than_window_rate;high_window_overlap
1.0,2026-09-20T11:53:36.910358+00:00,1f59f317f6bf1128dd89b7e15750d6c629bb719c,54036c36dd00e728af571e143fd1c6cd4d0634bd17fbf97e07fed324a3500568,3369a1508281082433c78fe0083966801b3d7085c521919558dc1265ecbee42f,streaming-long-csv-v1,blocked,Weather,512,720,42,0.1,3038,0.09998025406437175,30386,True,raw_coverage_much_larger_than_window_rate;high_window_overlap
1.0,2026-09-20T11:53:36.910358+00:00,1f59f317f6bf1128dd89b7e15750d6c629bb719c,54036c36dd00e728af571e143fd1c6cd4d0634bd17fbf97e07fed324a3500568,3369a1508281082433c78fe0083966801b3d7085c521919558dc1265ecbee42f,streaming-long-csv-v1,blocked,Weather,512,720,42,0.2,6077,0.19999341802145726,30386,True,raw_coverage_much_larger_than_window_rate;high_window_overlap
1.0,2026-09-20T11:53:36.910358+00:00,1f59f317f6bf1128dd89b7e15750d6c629bb719c,54036c36dd00e728af571e143fd1c6cd4d0634bd17fbf97e07fed324a3500568,3369a1508281082433c78fe0083966801b3d7085c521919558dc1265ecbee42f,streaming-long-csv-v1,blocked,Weather,512,720,42,0.5,15193,0.5,30386,True,high_window_overlap
1.0,2026-09-20T11:53:36.910358+00:00,1f59f317f6bf1128dd89b7e15750d6c629bb719c,54036c36dd00e728af571e143fd1c6cd4d0634bd17fbf97e07fed324a3500568,3369a1508281082433c78fe0083966801b3d7085c521919558dc1265ecbee42f,streaming-long-csv-v1,blocked,Weather,512,720,42,1.0,30386,1.0,30386,True,high_window_overlap
1.0,2026-09-20T11:53:36.910358+00:00,1f59f317f6bf1128dd89b7e15750d6c629bb719c,c4e3ecefc53c3ff4da545b5da15d19e3a1342e31251444a91821073000a77d7e,3369a1508281082433c78fe0083966801b3d7085c521919558dc1265ecbee42f,streaming-long-csv-v1,blocked,AQShunyi,256,96,42,0.0,0,0.0,20687,True,
1.0,2026-09-20T11:53:36.910358+00:00,1f59f317f6bf1128dd89b7e15750d6c629bb719c,c4e3ecefc53c3ff4da545b5da15d19e3a1342e31251444a91821073000a77d7e,3369a1508281082433c78fe0083966801b3d7085c521919558dc1265ecbee42f,streaming-long-csv-v1,blocked,AQShunyi,256,96,42,0.005,103,0.004978972301445352,20687,True,raw_coverage_much_larger_than_window_rate
1.0,2026-09-20T11:53:36.910358+00:00,1f59f317f6bf1128dd89b7e15750d6c629bb719c,c4e3ecefc53c3ff4da545b5da15d19e3a1342e31251444a91821073000a77d7e,3369a1508281082433c78fe0083966801b3d7085c521919558dc1265ecbee42f,streaming-long-csv-v1,blocked,AQShunyi,256,96,42,0.01,206,0.009957944602890704,20687,True,raw_coverage_much_larger_than_window_rate
1.0,2026-09-20T11:53:36.910358+00:00,1f59f317f6bf1128dd89b7e15750d6c629bb719c,c4e3ecefc53c3ff4da545b5da15d19e3a1342e31251444a91821073000a77d7e,3369a1508281082433c78fe0083966801b3d7085c521919558dc1265ecbee42f,streaming-long-csv-v1,blocked,AQShunyi,256,96,42,0.02,413,0.019964228742688644,20687,True,raw_coverage_much_larger_than_window_rate
1.0,2026-09-20T11:53:36.910358+00:00,1f59f317f6bf1128dd89b7e15750d6c629bb719c,c4e3ecefc53c3ff4da545b5da15d19e3a1342e31251444a91821073000a77d7e,3369a1508281082433c78fe0083966801b3d7085c521919558dc1265ecbee42f,streaming-long-csv-v1,blocked,AQShunyi,256,96,42,0.05,1034,0.049983081162082464,20687,True,raw_coverage_much_larger_than_window_rate;high_window_overlap
1.0,2026-09-20T11:53:36.910358+00:00,1f59f317f6bf1128dd89b7e15750d6c629bb719c,c4e3ecefc53c3ff4da545b5da15d19e3a1342e31251444a91821073000a77d7e,3369a1508281082433c78fe0083966801b3d7085c521919558dc1265ecbee42f,streaming-long-csv-v1,blocked,AQShunyi,256,96,42,0.1,2068,0.09996616232416493,20687,True,raw_coverage_much_larger_than_window_rate;high_window_overlap
1.0,2026-09-20T11:53:36.910358+00:00,1f59f317f6bf1128dd89b7e15750d6c629bb719c,c4e3ecefc53c3ff4da545b5da15d19e3a1342e31251444a91821073000a77d7e,3369a1508281082433c78fe0083966801b3d7085c521919558dc1265ecbee42f,streaming-long-csv-v1,blocked,AQShunyi,256,96,42,0.2,4137,0.1999806641852371,20687,True,high_window_overlap
1.0,2026-09-20T11:53:36.910358+00:00,1f59f317f6bf1128dd89b7e15750d6c629bb719c,c4e3ecefc53c3ff4da545b5da15d19e3a1342e31251444a91821073000a77d7e,3369a1508281082433c78fe0083966801b3d7085c521919558dc1265ecbee42f,streaming-long-csv-v1,blocked,AQShunyi,256,96,42,0.5,10343,0.4999758302315464,20687,True,high_window_overlap
1.0,2026-09-20T11:53:36.910358+00:00,1f59f317f6bf1128dd89b7e15750d6c629bb719c,c4e3ecefc53c3ff4da545b5da15d19e3a1342e31251444a91821073000a77d7e,3369a1508281082433c78fe0083966801b3d7085c521919558dc1265ecbee42f,streaming-long-csv-v1,blocked,AQShunyi,256,96,42,1.0,20687,1.0,20687,True,high_window_overlap
1.0,2026-09-20T11:53:36.910358+00:00,1f59f317f6bf1128dd89b7e15750d6c629bb719c,c4e3ecefc53c3ff4da545b5da15d19e3a1342e31251444a91821073000a77d7e,3369a1508281082433c78fe0083966801b3d7085c521919558dc1265ecbee42f,streaming-long-csv-v1,blocked,AQShunyi,256,192,42,0.0,0,0.0,20591,True,
1.0,2026-09-20T11:53:36.910358+00:00,1f59f317f6bf1128dd89b7e15750d6c629bb719c,c4e3ecefc53c3ff4da545b5da15d19e3a1342e31251444a91821073000a77d7e,3369a1508281082433c78fe0083966801b3d7085c521919558dc1265ecbee42f,streaming-long-csv-v1,blocked,AQShunyi,256,192,42,0.005,102,0.004953620513816716,20591,True,raw_coverage_much_larger_than_window_rate
1.0,2026-09-20T11:53:36.910358+00:00,1f59f317f6bf1128dd89b7e15750d6c629bb719c,c4e3ecefc53c3ff4da545b5da15d19e3a1342e31251444a91821073000a77d7e,3369a1508281082433c78fe0083966801b3d7085c521919558dc1265ecbee42f,streaming-long-csv-v1,blocked,AQShunyi,256,192,42,0.01,205,0.009955805934631636,20591,True,raw_coverage_much_larger_than_window_rate
1.0,2026-09-20T11:53:36.910358+00:00,1f59f317f6bf1128dd89b7e15750d6c629bb719c,c4e3ecefc53c3ff4da545b5da15d19e3a1342e31251444a91821073000a77d7e,3369a1508281082433c78fe0083966801b3d7085c521919558dc1265ecbee42f,streaming-long-csv-v1,blocked,AQShunyi,256,192,42,0.02,411,0.019960176776261475,20591,True,raw_coverage_much_larger_than_window_rate
1.0,2026-09-20T11:53:36.910358+00:00,1f59f317f6bf1128dd89b7e15750d6c629bb719c,c4e3ecefc53c3ff4da545b5da15d19e3a1342e31251444a91821073000a77d7e,3369a1508281082433c78fe0083966801b3d7085c521919558dc1265ecbee42f,streaming-long-csv-v1,blocked,AQShunyi,256,192,42,0.05,1029,0.04997328930115099,20591,True,raw_coverage_much_larger_than_window_rate;high_window_overlap
1.0,2026-09-20T11:53:36.910358+00:00,1f59f317f6bf1128dd89b7e15750d6c629bb719c,c4e3ecefc53c3ff4da545b5da15d19e3a1342e31251444a91821073000a77d7e,3369a1508281082433c78fe0083966801b3d7085c521919558dc1265ecbee42f,streaming-long-csv-v1,blocked,AQShunyi,256,192,42,0.1,2059,0.09999514350930018,20591,True,raw_coverage_much_larger_than_window_rate;high_window_overlap
1.0,2026-09-20T11:53:36.910358+00:00,1f59f317f6bf1128dd89b7e15750d6c629bb719c,c4e3ecefc53c3ff4da545b5da15d19e3a1342e31251444a91821073000a77d7e,3369a1508281082433c78fe0083966801b3d7085c521919558dc1265ecbee42f,streaming-long-csv-v1,blocked,AQShunyi,256,192,42,0.2,4118,0.19999028701860036,20591,True,high_window_overlap
1.0,2026-09-20T11:53:36.910358+00:00,1f59f317f6bf1128dd89b7e15750d6c629bb719c,c4e3ecefc53c3ff4da545b5da15d19e3a1342e31251444a91821073000a77d7e,3369a1508281082433c78fe0083966801b3d7085c521919558dc1265ecbee42f,streaming-long-csv-v1,blocked,AQShunyi,256,192,42,0.5,10295,0.4999757175465009,20591,True,high_window_overlap
1.0,2026-09-20T11:53:36.910358+00:00,1f59f317f6bf1128dd89b7e15750d6c629bb719c,c4e3ecefc53c3ff4da545b5da15d19e3a1342e31251444a91821073000a77d7e,3369a1508281082433c78fe0083966801b3d7085c521919558dc1265ecbee42f,streaming-long-csv-v1,blocked,AQShunyi,256,192,42,1.0,20591,1.0,20591,True,high_window_overlap
1.0,2026-09-20T11:53:36.910358+00:00,1f59f317f6bf1128dd89b7e15750d6c629bb719c,c4e3ecefc53c3ff4da545b5da15d19e3a1342e31251444a91821073000a77d7e,3369a1508281082433c78fe0083966801b3d7085c521919558dc1265ecbee42f,streaming-long-csv-v1,blocked,AQShunyi,256,336,42,0.0,0,0.0,20447,True,
1.0,2026-09-20T11:53:36.910358+00:00,1f59f317f6bf1128dd89b7e15750d6c629bb719c,c4e3ecefc53c3ff4da545b5da15d19e3a1342e31251444a91821073000a77d7e,3369a1508281082433c78fe0083966801b3d7085c521919558dc1265ecbee42f,streaming-long-csv-v1,blocked,AQShunyi,256,336,42,0.005,102,0.004988506871423681,20447,True,raw_coverage_much_larger_than_window_rate
1.0,2026-09-20T11:53:36.910358+00:00,1f59f317f6bf1128dd89b7e15750d6c629bb719c,c4e3ecefc53c3ff4da545b5da15d19e3a1342e31251444a91821073000a77d7e,3369a1508281082433c78fe0083966801b3d7085c521919558dc1265ecbee42f,streaming-long-csv-v1,blocked,AQShunyi,256,336,42,0.01,204,0.009977013742847362,20447,True,raw_coverage_much_larger_than_window_rate
1.0,2026-09-20T11:53:36.910358+00:00,1f59f317f6bf1128dd89b7e15750d6c629bb719c,c4e3ecefc53c3ff4da545b5da15d19e3a1342e31251444a91821073000a77d7e,3369a1508281082433c78fe0083966801b3d7085c521919558dc1265ecbee42f,streaming-long-csv-v1,blocked,AQShunyi,256,336,42,0.02,408,0.019954027485694723,20447,True,raw_coverage_much_larger_than_window_rate;high_window_overlap
1.0,2026-09-20T11:53:36.910358+00:00,1f59f317f6bf1128dd89b7e15750d6c629bb719c,c4e3ecefc53c3ff4da545b5da15d19e3a1342e31251444a91821073000a77d7e,3369a1508281082433c78fe0083966801b3d7085c521919558dc1265ecbee42f,streaming-long-csv-v1,blocked,AQShunyi,256,336,42,0.05,1022,0.0499828825744608,20447,True,raw_coverage_much_larger_than_window_rate;high_window_overlap
1.0,2026-09-20T11:53:36.910358+00:00,1f59f317f6bf1128dd89b7e15750d6c629bb719c,c4e3ecefc53c3ff4da545b5da15d19e3a1342e31251444a91821073000a77d7e,3369a1508281082433c78fe0083966801b3d7085c521919558dc1265ecbee42f,streaming-long-csv-v1,blocked,AQShunyi,256,336,42,0.1,2044,0.0999657651489216,20447,True,raw_coverage_much_larger_than_window_rate;high_window_overlap
1.0,2026-09-20T11:53:36.910358+00:00,1f59f317f6bf1128dd89b7e15750d6c629bb719c,c4e3ecefc53c3ff4da545b5da15d19e3a1342e31251444a91821073000a77d7e,3369a1508281082433c78fe0083966801b3d7085c521919558dc1265ecbee42f,streaming-long-csv-v1,blocked,AQShunyi,256,336,42,0.2,4089,0.1999804372279552,20447,True,high_window_overlap
1.0,2026-09-20T11:53:36.910358+00:00,1f59f317f6bf1128dd89b7e15750d6c629bb719c,c4e3ecefc53c3ff4da545b5da15d19e3a1342e31251444a91821073000a77d7e,3369a1508281082433c78fe0083966801b3d7085c521919558dc1265ecbee42f,streaming-long-csv-v1,blocked,AQShunyi,256,336,42,0.5,10223,0.499975546534944,20447,True,high_window_overlap
1.0,2026-09-20T11:53:36.910358+00:00,1f59f317f6bf1128dd89b7e15750d6c629bb719c,c4e3ecefc53c3ff4da545b5da15d19e3a1342e31251444a91821073000a77d7e,3369a1508281082433c78fe0083966801b3d7085c521919558dc1265ecbee42f,streaming-long-csv-v1,blocked,AQShunyi,256,336,42,1.0,20447,1.0,20447,True,high_window_overlap
1.0,2026-09-20T11:53:36.910358+00:00,1f59f317f6bf1128dd89b7e15750d6c629bb719c,c4e3ecefc53c3ff4da545b5da15d19e3a1342e31251444a91821073000a77d7e,3369a1508281082433c78fe0083966801b3d7085c521919558dc1265ecbee42f,streaming-long-csv-v1,blocked,AQShunyi,256,720,42,0.0,0,0.0,20063,True,
1.0,2026-09-20T11:53:36.910358+00:00,1f59f317f6bf1128dd89b7e15750d6c629bb719c,c4e3ecefc53c3ff4da545b5da15d19e3a1342e31251444a91821073000a77d7e,3369a1508281082433c78fe0083966801b3d7085c521919558dc1265ecbee42f,streaming-long-csv-v1,blocked,AQShunyi,256,720,42,0.005,100,0.004984299456711359,20063,True,raw_coverage_much_larger_than_window_rate
1.0,2026-09-20T11:53:36.910358+00:00,1f59f317f6bf1128dd89b7e15750d6c629bb719c,c4e3ecefc53c3ff4da545b5da15d19e3a1342e31251444a91821073000a77d7e,3369a1508281082433c78fe0083966801b3d7085c521919558dc1265ecbee42f,streaming-long-csv-v1,blocked,AQShunyi,256,720,42,0.01,200,0.009968598913422718,20063,True,raw_coverage_much_larger_than_window_rate
1.0,2026-09-20T11:53:36.910358+00:00,1f59f317f6bf1128dd89b7e15750d6c629bb719c,c4e3ecefc53c3ff4da545b5da15d19e3a1342e31251444a91821073000a77d7e,3369a1508281082433c78fe0083966801b3d7085c521919558dc1265ecbee42f,streaming-long-csv-v1,blocked,AQShunyi,256,720,42,0.02,401,0.01998704082141255,20063,True,raw_coverage_much_larger_than_window_rate;high_window_overlap
1.0,2026-09-20T11:53:36.910358+00:00,1f59f317f6bf1128dd89b7e15750d6c629bb719c,c4e3ecefc53c3ff4da545b5da15d19e3a1342e31251444a91821073000a77d7e,3369a1508281082433c78fe0083966801b3d7085c521919558dc1265ecbee42f,streaming-long-csv-v1,blocked,AQShunyi,256,720,42,0.05,1003,0.04999252355081493,20063,True,raw_coverage_much_larger_than_window_rate;high_window_overlap
1.0,2026-09-20T11:53:36.910358+00:00,1f59f317f6bf1128dd89b7e15750d6c629bb719c,c4e3ecefc53c3ff4da545b5da15d19e3a1342e31251444a91821073000a77d7e,3369a1508281082433c78fe0083966801b3d7085c521919558dc1265ecbee42f,streaming-long-csv-v1,blocked,AQShunyi,256,720,42,0.1,2006,0.09998504710162986,20063,True,raw_coverage_much_larger_than_window_rate;high_window_overlap
1.0,2026-09-20T11:53:36.910358+00:00,1f59f317f6bf1128dd89b7e15750d6c629bb719c,c4e3ecefc53c3ff4da545b5da15d19e3a1342e31251444a91821073000a77d7e,3369a1508281082433c78fe0083966801b3d7085c521919558dc1265ecbee42f,streaming-long-csv-v1,blocked,AQShunyi,256,720,42,0.2,4012,0.19997009420325973,20063,True,high_window_overlap
1.0,2026-09-20T11:53:36.910358+00:00,1f59f317f6bf1128dd89b7e15750d6c629bb719c,c4e3ecefc53c3ff4da545b5da15d19e3a1342e31251444a91821073000a77d7e,3369a1508281082433c78fe0083966801b3d7085c521919558dc1265ecbee42f,streaming-long-csv-v1,blocked,AQShunyi,256,720,42,0.5,10031,0.49997507850271644,20063,True,high_window_overlap
1.0,2026-09-20T11:53:36.910358+00:00,1f59f317f6bf1128dd89b7e15750d6c629bb719c,c4e3ecefc53c3ff4da545b5da15d19e3a1342e31251444a91821073000a77d7e,3369a1508281082433c78fe0083966801b3d7085c521919558dc1265ecbee42f,streaming-long-csv-v1,blocked,AQShunyi,256,720,42,1.0,20063,1.0,20063,True,high_window_overlap
1.0,2026-09-20T11:53:36.910358+00:00,1f59f317f6bf1128dd89b7e15750d6c629bb719c,c4e3ecefc53c3ff4da545b5da15d19e3a1342e31251444a91821073000a77d7e,3369a1508281082433c78fe0083966801b3d7085c521919558dc1265ecbee42f,streaming-long-csv-v1,blocked,AQShunyi,512,96,42,0.0,0,0.0,20431,True,
1.0,2026-09-20T11:53:36.910358+00:00,1f59f317f6bf1128dd89b7e15750d6c629bb719c,c4e3ecefc53c3ff4da545b5da15d19e3a1342e31251444a91821073000a77d7e,3369a1508281082433c78fe0083966801b3d7085c521919558dc1265ecbee42f,streaming-long-csv-v1,blocked,AQShunyi,512,96,42,0.005,102,0.004992413489305467,20431,True,raw_coverage_much_larger_than_window_rate
1.0,2026-09-20T11:53:36.910358+00:00,1f59f317f6bf1128dd89b7e15750d6c629bb719c,c4e3ecefc53c3ff4da545b5da15d19e3a1342e31251444a91821073000a77d7e,3369a1508281082433c78fe0083966801b3d7085c521919558dc1265ecbee42f,streaming-long-csv-v1,blocked,AQShunyi,512,96,42,0.01,204,0.009984826978610934,20431,True,raw_coverage_much_larger_than_window_rate
1.0,2026-09-20T11:53:36.910358+00:00,1f59f317f6bf1128dd89b7e15750d6c629bb719c,c4e3ecefc53c3ff4da545b5da15d19e3a1342e31251444a91821073000a77d7e,3369a1508281082433c78fe0083966801b3d7085c521919558dc1265ecbee42f,streaming-long-csv-v1,blocked,AQShunyi,512,96,42,0.02,408,0.019969653957221868,20431,True,raw_coverage_much_larger_than_window_rate;high_window_overlap
1.0,2026-09-20T11:53:36.910358+00:00,1f59f317f6bf1128dd89b7e15750d6c629bb719c,c4e3ecefc53c3ff4da545b5da15d19e3a1342e31251444a91821073000a77d7e,3369a1508281082433c78fe0083966801b3d7085c521919558dc1265ecbee42f,streaming-long-csv-v1,blocked,AQShunyi,512,96,42,0.05,1021,0.04997308012334198,20431,True,raw_coverage_much_larger_than_window_rate;high_window_overlap
1.0,2026-09-20T11:53:36.910358+00:00,1f59f317f6bf1128dd89b7e15750d6c629bb719c,c4e3ecefc53c3ff4da545b5da15d19e3a1342e31251444a91821073000a77d7e,3369a1508281082433c78fe0083966801b3d7085c521919558dc1265ecbee42f,streaming-long-csv-v1,blocked,AQShunyi,512,96,42,0.1,2043,0.09999510547697127,20431,True,raw_coverage_much_larger_than_window_rate;high_window_overlap
1.0,2026-09-20T11:53:36.910358+00:00,1f59f317f6bf1128dd89b7e15750d6c629bb719c,c4e3ecefc53c3ff4da545b5da15d19e3a1342e31251444a91821073000a77d7e,3369a1508281082433c78fe0083966801b3d7085c521919558dc1265ecbee42f,streaming-long-csv-v1,blocked,AQShunyi,512,96,42,0.2,4086,0.19999021095394254,20431,True,high_window_overlap
1.0,2026-09-20T11:53:36.910358+00:00,1f59f317f6bf1128dd89b7e15750d6c629bb719c,c4e3ecefc53c3ff4da545b5da15d19e3a1342e31251444a91821073000a77d7e,3369a1508281082433c78fe0083966801b3d7085c521919558dc1265ecbee42f,streaming-long-csv-v1,blocked,AQShunyi,512,96,42,0.5,10215,0.49997552738485634,20431,True,high_window_overlap
1.0,2026-09-20T11:53:36.910358+00:00,1f59f317f6bf1128dd89b7e15750d6c629bb719c,c4e3ecefc53c3ff4da545b5da15d19e3a1342e31251444a91821073000a77d7e,3369a1508281082433c78fe0083966801b3d7085c521919558dc1265ecbee42f,streaming-long-csv-v1,blocked,AQShunyi,512,96,42,1.0,20431,1.0,20431,True,high_window_overlap
1.0,2026-09-20T11:53:36.910358+00:00,1f59f317f6bf1128dd89b7e15750d6c629bb719c,c4e3ecefc53c3ff4da545b5da15d19e3a1342e31251444a91821073000a77d7e,3369a1508281082433c78fe0083966801b3d7085c521919558dc1265ecbee42f,streaming-long-csv-v1,blocked,AQShunyi,512,192,42,0.0,0,0.0,20335,True,
1.0,2026-09-20T11:53:36.910358+00:00,1f59f317f6bf1128dd89b7e15750d6c629bb719c,c4e3ecefc53c3ff4da545b5da15d19e3a1342e31251444a91821073000a77d7e,3369a1508281082433c78fe0083966801b3d7085c521919558dc1265ecbee42f,streaming-long-csv-v1,blocked,AQShunyi,512,192,42,0.005,101,0.004966805999508237,20335,True,raw_coverage_much_larger_than_window_rate
1.0,2026-09-20T11:53:36.910358+00:00,1f59f317f6bf1128dd89b7e15750d6c629bb719c,c4e3ecefc53c3ff4da545b5da15d19e3a1342e31251444a91821073000a77d7e,3369a1508281082433c78fe0083966801b3d7085c521919558dc1265ecbee42f,streaming-long-csv-v1,blocked,AQShunyi,512,192,42,0.01,203,0.009982788296041309,20335,True,raw_coverage_much_larger_than_window_rate
1.0,2026-09-20T11:53:36.910358+00:00,1f59f317f6bf1128dd89b7e15750d6c629bb719c,c4e3ecefc53c3ff4da545b5da15d19e3a1342e31251444a91821073000a77d7e,3369a1508281082433c78fe0083966801b3d7085c521919558dc1265ecbee42f,streaming-long-csv-v1,blocked,AQShunyi,512,192,42,0.02,406,0.019965576592082618,20335,True,raw_coverage_much_larger_than_window_rate;high_window_overlap
1.0,2026-09-20T11:53:36.910358+00:00,1f59f317f6bf1128dd89b7e15750d6c629bb719c,c4e3ecefc53c3ff4da545b5da15d19e3a1342e31251444a91821073000a77d7e,3369a1508281082433c78fe0083966801b3d7085c521919558dc1265ecbee42f,streaming-long-csv-v1,blocked,AQShunyi,512,192,42,0.05,1016,0.04996311777723138,20335,True,raw_coverage_much_larger_than_window_rate;high_window_overlap
1.0,2026-09-20T11:53:36.910358+00:00,1f59f317f6bf1128dd89b7e15750d6c629bb719c,c4e3ecefc53c3ff4da545b5da15d19e3a1342e31251444a91821073000a77d7e,3369a1508281082433c78fe0083966801b3d7085c521919558dc1265ecbee42f,streaming-long-csv-v1,blocked,AQShunyi,512,192,42,0.1,2033,0.09997541185148759,20335,True,raw_coverage_much_larger_than_window_rate;high_window_overlap
1.0,2026-09-20T11:53:36.910358+00:00,1f59f317f6bf1128dd89b7e15750d6c629bb719c,c4e3ecefc53c3ff4da545b5da15d19e3a1342e31251444a91821073000a77d7e,3369a1508281082433c78fe0083966801b3d7085c521919558dc1265ecbee42f,streaming-long-csv-v1,blocked,AQShunyi,512,192,42,0.2,4067,0.2,20335,True,high_window_overlap
1.0,2026-09-20T11:53:36.910358+00:00,1f59f317f6bf1128dd89b7e15750d6c629bb719c,c4e3ecefc53c3ff4da545b5da15d19e3a1342e31251444a91821073000a77d7e,3369a1508281082433c78fe0083966801b3d7085c521919558dc1265ecbee42f,streaming-long-csv-v1,blocked,AQShunyi,512,192,42,0.5,10167,0.4999754118514876,20335,True,high_window_overlap
1.0,2026-09-20T11:53:36.910358+00:00,1f59f317f6bf1128dd89b7e15750d6c629bb719c,c4e3ecefc53c3ff4da545b5da15d19e3a1342e31251444a91821073000a77d7e,3369a1508281082433c78fe0083966801b3d7085c521919558dc1265ecbee42f,streaming-long-csv-v1,blocked,AQShunyi,512,192,42,1.0,20335,1.0,20335,True,high_window_overlap
1.0,2026-09-20T11:53:36.910358+00:00,1f59f317f6bf1128dd89b7e15750d6c629bb719c,c4e3ecefc53c3ff4da545b5da15d19e3a1342e31251444a91821073000a77d7e,3369a1508281082433c78fe0083966801b3d7085c521919558dc1265ecbee42f,streaming-long-csv-v1,blocked,AQShunyi,512,336,42,0.0,0,0.0,20191,True,
1.0,2026-09-20T11:53:36.910358+00:00,1f59f317f6bf1128dd89b7e15750d6c629bb719c,c4e3ecefc53c3ff4da545b5da15d19e3a1342e31251444a91821073000a77d7e,3369a1508281082433c78fe0083966801b3d7085c521919558dc1265ecbee42f,streaming-long-csv-v1,blocked,AQShunyi,512,336,42,0.005,100,0.004952701698776683,20191,True,raw_coverage_much_larger_than_window_rate
1.0,2026-09-20T11:53:36.910358+00:00,1f59f317f6bf1128dd89b7e15750d6c629bb719c,c4e3ecefc53c3ff4da545b5da15d19e3a1342e31251444a91821073000a77d7e,3369a1508281082433c78fe0083966801b3d7085c521919558dc1265ecbee42f,streaming-long-csv-v1,blocked,AQShunyi,512,336,42,0.01,201,0.009954930414541133,20191,True,raw_coverage_much_larger_than_window_rate
1.0,2026-09-20T11:53:36.910358+00:00,1f59f317f6bf1128dd89b7e15750d6c629bb719c,c4e3ecefc53c3ff4da545b5da15d19e3a1342e31251444a91821073000a77d7e,3369a1508281082433c78fe0083966801b3d7085c521919558dc1265ecbee42f,streaming-long-csv-v1,blocked,AQShunyi,512,336,42,0.02,403,0.019959387846070032,20191,True,raw_coverage_much_larger_than_window_rate;high_window_overlap
1.0,2026-09-20T11:53:36.910358+00:00,1f59f317f6bf1128dd89b7e15750d6c629bb719c,c4e3ecefc53c3ff4da545b5da15d19e3a1342e31251444a91821073000a77d7e,3369a1508281082433c78fe0083966801b3d7085c521919558dc1265ecbee42f,streaming-long-csv-v1,blocked,AQShunyi,512,336,42,0.05,1009,0.04997276014065673,20191,True,raw_coverage_much_larger_than_window_rate;high_window_overlap
1.0,2026-09-20T11:53:36.910358+00:00,1f59f317f6bf1128dd89b7e15750d6c629bb719c,c4e3ecefc53c3ff4da545b5da15d19e3a1342e31251444a91821073000a77d7e,3369a1508281082433c78fe0083966801b3d7085c521919558dc1265ecbee42f,streaming-long-csv-v1,blocked,AQShunyi,512,336,42,0.1,2019,0.09999504729830122,20191,True,raw_coverage_much_larger_than_window_rate;high_window_overlap
1.0,2026-09-20T11:53:36.910358+00:00,1f59f317f6bf1128dd89b7e15750d6c629bb719c,c4e3ecefc53c3ff4da545b5da15d19e3a1342e31251444a91821073000a77d7e,3369a1508281082433c78fe0083966801b3d7085c521919558dc1265ecbee42f,streaming-long-csv-v1,blocked,AQShunyi,512,336,42,0.2,4038,0.19999009459660244,20191,True,high_window_overlap
1.0,2026-09-20T11:53:36.910358+00:00,1f59f317f6bf1128dd89b7e15750d6c629bb719c,c4e3ecefc53c3ff4da545b5da15d19e3a1342e31251444a91821073000a77d7e,3369a1508281082433c78fe0083966801b3d7085c521919558dc1265ecbee42f,streaming-long-csv-v1,blocked,AQShunyi,512,336,42,0.5,10095,0.4999752364915061,20191,True,high_window_overlap
1.0,2026-09-20T11:53:36.910358+00:00,1f59f317f6bf1128dd89b7e15750d6c629bb719c,c4e3ecefc53c3ff4da545b5da15d19e3a1342e31251444a91821073000a77d7e,3369a1508281082433c78fe0083966801b3d7085c521919558dc1265ecbee42f,streaming-long-csv-v1,blocked,AQShunyi,512,336,42,1.0,20191,1.0,20191,True,high_window_overlap
1.0,2026-09-20T11:53:36.910358+00:00,1f59f317f6bf1128dd89b7e15750d6c629bb719c,c4e3ecefc53c3ff4da545b5da15d19e3a1342e31251444a91821073000a77d7e,3369a1508281082433c78fe0083966801b3d7085c521919558dc1265ecbee42f,streaming-long-csv-v1,blocked,AQShunyi,512,720,42,0.0,0,0.0,19807,True,
1.0,2026-09-20T11:53:36.910358+00:00,1f59f317f6bf1128dd89b7e15750d6c629bb719c,c4e3ecefc53c3ff4da545b5da15d19e3a1342e31251444a91821073000a77d7e,3369a1508281082433c78fe0083966801b3d7085c521919558dc1265ecbee42f,streaming-long-csv-v1,blocked,AQShunyi,512,720,42,0.005,99,0.004998232947947695,19807,True,raw_coverage_much_larger_than_window_rate
1.0,2026-09-20T11:53:36.910358+00:00,1f59f317f6bf1128dd89b7e15750d6c629bb719c,c4e3ecefc53c3ff4da545b5da15d19e3a1342e31251444a91821073000a77d7e,3369a1508281082433c78fe0083966801b3d7085c521919558dc1265ecbee42f,streaming-long-csv-v1,blocked,AQShunyi,512,720,42,0.01,198,0.00999646589589539,19807,True,raw_coverage_much_larger_than_window_rate;high_window_overlap
1.0,2026-09-20T11:53:36.910358+00:00,1f59f317f6bf1128dd89b7e15750d6c629bb719c,c4e3ecefc53c3ff4da545b5da15d19e3a1342e31251444a91821073000a77d7e,3369a1508281082433c78fe0083966801b3d7085c521919558dc1265ecbee42f,streaming-long-csv-v1,blocked,AQShunyi,512,720,42,0.02,396,0.01999293179179078,19807,True,raw_coverage_much_larger_than_window_rate;high_window_overlap
1.0,2026-09-20T11:53:36.910358+00:00,1f59f317f6bf1128dd89b7e15750d6c629bb719c,c4e3ecefc53c3ff4da545b5da15d19e3a1342e31251444a91821073000a77d7e,3369a1508281082433c78fe0083966801b3d7085c521919558dc1265ecbee42f,streaming-long-csv-v1,blocked,AQShunyi,512,720,42,0.05,990,0.04998232947947695,19807,True,raw_coverage_much_larger_than_window_rate;high_window_overlap
1.0,2026-09-20T11:53:36.910358+00:00,1f59f317f6bf1128dd89b7e15750d6c629bb719c,c4e3ecefc53c3ff4da545b5da15d19e3a1342e31251444a91821073000a77d7e,3369a1508281082433c78fe0083966801b3d7085c521919558dc1265ecbee42f,streaming-long-csv-v1,blocked,AQShunyi,512,720,42,0.1,1980,0.0999646589589539,19807,True,raw_coverage_much_larger_than_window_rate;high_window_overlap
1.0,2026-09-20T11:53:36.910358+00:00,1f59f317f6bf1128dd89b7e15750d6c629bb719c,c4e3ecefc53c3ff4da545b5da15d19e3a1342e31251444a91821073000a77d7e,3369a1508281082433c78fe0083966801b3d7085c521919558dc1265ecbee42f,streaming-long-csv-v1,blocked,AQShunyi,512,720,42,0.2,3961,0.19997980511940222,19807,True,high_window_overlap
1.0,2026-09-20T11:53:36.910358+00:00,1f59f317f6bf1128dd89b7e15750d6c629bb719c,c4e3ecefc53c3ff4da545b5da15d19e3a1342e31251444a91821073000a77d7e,3369a1508281082433c78fe0083966801b3d7085c521919558dc1265ecbee42f,streaming-long-csv-v1,blocked,AQShunyi,512,720,42,0.5,9903,0.49997475639925276,19807,True,high_window_overlap
1.0,2026-09-20T11:53:36.910358+00:00,1f59f317f6bf1128dd89b7e15750d6c629bb719c,c4e3ecefc53c3ff4da545b5da15d19e3a1342e31251444a91821073000a77d7e,3369a1508281082433c78fe0083966801b3d7085c521919558dc1265ecbee42f,streaming-long-csv-v1,blocked,AQShunyi,512,720,42,1.0,19807,1.0,19807,True,high_window_overlap
1.0,2026-09-20T11:53:36.910358+00:00,1f59f317f6bf1128dd89b7e15750d6c629bb719c,5f3af43dbf1e0d89153f191ce1693951932131cad841e94569381861993c20be,3369a1508281082433c78fe0083966801b3d7085c521919558dc1265ecbee42f,streaming-long-csv-v1,blocked,Exchange,256,96,42,0.0,0,0.0,4201,True,
1.0,2026-09-20T11:53:36.910358+00:00,1f59f317f6bf1128dd89b7e15750d6c629bb719c,5f3af43dbf1e0d89153f191ce1693951932131cad841e94569381861993c20be,3369a1508281082433c78fe0083966801b3d7085c521919558dc1265ecbee42f,streaming-long-csv-v1,blocked,Exchange,256,96,42,0.005,21,0.0049988098071887645,4201,True,raw_coverage_much_larger_than_window_rate
1.0,2026-09-20T11:53:36.910358+00:00,1f59f317f6bf1128dd89b7e15750d6c629bb719c,5f3af43dbf1e0d89153f191ce1693951932131cad841e94569381861993c20be,3369a1508281082433c78fe0083966801b3d7085c521919558dc1265ecbee42f,streaming-long-csv-v1,blocked,Exchange,256,96,42,0.01,42,0.009997619614377529,4201,True,raw_coverage_much_larger_than_window_rate
1.0,2026-09-20T11:53:36.910358+00:00,1f59f317f6bf1128dd89b7e15750d6c629bb719c,5f3af43dbf1e0d89153f191ce1693951932131cad841e94569381861993c20be,3369a1508281082433c78fe0083966801b3d7085c521919558dc1265ecbee42f,streaming-long-csv-v1,blocked,Exchange,256,96,42,0.02,84,0.019995239228755058,4201,True,raw_coverage_much_larger_than_window_rate
1.0,2026-09-20T11:53:36.910358+00:00,1f59f317f6bf1128dd89b7e15750d6c629bb719c,5f3af43dbf1e0d89153f191ce1693951932131cad841e94569381861993c20be,3369a1508281082433c78fe0083966801b3d7085c521919558dc1265ecbee42f,streaming-long-csv-v1,blocked,Exchange,256,96,42,0.05,210,0.04998809807188764,4201,True,raw_coverage_much_larger_than_window_rate;high_window_overlap
1.0,2026-09-20T11:53:36.910358+00:00,1f59f317f6bf1128dd89b7e15750d6c629bb719c,5f3af43dbf1e0d89153f191ce1693951932131cad841e94569381861993c20be,3369a1508281082433c78fe0083966801b3d7085c521919558dc1265ecbee42f,streaming-long-csv-v1,blocked,Exchange,256,96,42,0.1,420,0.09997619614377529,4201,True,raw_coverage_much_larger_than_window_rate;high_window_overlap
1.0,2026-09-20T11:53:36.910358+00:00,1f59f317f6bf1128dd89b7e15750d6c629bb719c,5f3af43dbf1e0d89153f191ce1693951932131cad841e94569381861993c20be,3369a1508281082433c78fe0083966801b3d7085c521919558dc1265ecbee42f,streaming-long-csv-v1,blocked,Exchange,256,96,42,0.2,840,0.19995239228755057,4201,True,high_window_overlap
1.0,2026-09-20T11:53:36.910358+00:00,1f59f317f6bf1128dd89b7e15750d6c629bb719c,5f3af43dbf1e0d89153f191ce1693951932131cad841e94569381861993c20be,3369a1508281082433c78fe0083966801b3d7085c521919558dc1265ecbee42f,streaming-long-csv-v1,blocked,Exchange,256,96,42,0.5,2100,0.49988098071887643,4201,True,high_window_overlap
1.0,2026-09-20T11:53:36.910358+00:00,1f59f317f6bf1128dd89b7e15750d6c629bb719c,5f3af43dbf1e0d89153f191ce1693951932131cad841e94569381861993c20be,3369a1508281082433c78fe0083966801b3d7085c521919558dc1265ecbee42f,streaming-long-csv-v1,blocked,Exchange,256,96,42,1.0,4201,1.0,4201,True,high_window_overlap
1.0,2026-09-20T11:53:36.910358+00:00,1f59f317f6bf1128dd89b7e15750d6c629bb719c,5f3af43dbf1e0d89153f191ce1693951932131cad841e94569381861993c20be,3369a1508281082433c78fe0083966801b3d7085c521919558dc1265ecbee42f,streaming-long-csv-v1,blocked,Exchange,256,192,42,0.0,0,0.0,4105,True,
1.0,2026-09-20T11:53:36.910358+00:00,1f59f317f6bf1128dd89b7e15750d6c629bb719c,5f3af43dbf1e0d89153f191ce1693951932131cad841e94569381861993c20be,3369a1508281082433c78fe0083966801b3d7085c521919558dc1265ecbee42f,streaming-long-csv-v1,blocked,Exchange,256,192,42,0.005,20,0.0048721071863581,4105,True,raw_coverage_much_larger_than_window_rate
1.0,2026-09-20T11:53:36.910358+00:00,1f59f317f6bf1128dd89b7e15750d6c629bb719c,5f3af43dbf1e0d89153f191ce1693951932131cad841e94569381861993c20be,3369a1508281082433c78fe0083966801b3d7085c521919558dc1265ecbee42f,streaming-long-csv-v1,blocked,Exchange,256,192,42,0.01,41,0.009987819732034105,4105,True,raw_coverage_much_larger_than_window_rate
1.0,2026-09-20T11:53:36.910358+00:00,1f59f317f6bf1128dd89b7e15750d6c629bb719c,5f3af43dbf1e0d89153f191ce1693951932131cad841e94569381861993c20be,3369a1508281082433c78fe0083966801b3d7085c521919558dc1265ecbee42f,streaming-long-csv-v1,blocked,Exchange,256,192,42,0.02,82,0.01997563946406821,4105,True,raw_coverage_much_larger_than_window_rate
1.0,2026-09-20T11:53:36.910358+00:00,1f59f317f6bf1128dd89b7e15750d6c629bb719c,5f3af43dbf1e0d89153f191ce1693951932131cad841e94569381861993c20be,3369a1508281082433c78fe0083966801b3d7085c521919558dc1265ecbee42f,streaming-long-csv-v1,blocked,Exchange,256,192,42,0.05,205,0.049939098660170524,4105,True,raw_coverage_much_larger_than_window_rate;high_window_overlap
1.0,2026-09-20T11:53:36.910358+00:00,1f59f317f6bf1128dd89b7e15750d6c629bb719c,5f3af43dbf1e0d89153f191ce1693951932131cad841e94569381861993c20be,3369a1508281082433c78fe0083966801b3d7085c521919558dc1265ecbee42f,streaming-long-csv-v1,blocked,Exchange,256,192,42,0.1,410,0.09987819732034105,4105,True,raw_coverage_much_larger_than_window_rate;high_window_overlap
1.0,2026-09-20T11:53:36.910358+00:00,1f59f317f6bf1128dd89b7e15750d6c629bb719c,5f3af43dbf1e0d89153f191ce1693951932131cad841e94569381861993c20be,3369a1508281082433c78fe0083966801b3d7085c521919558dc1265ecbee42f,streaming-long-csv-v1,blocked,Exchange,256,192,42,0.2,821,0.2,4105,True,high_window_overlap
1.0,2026-09-20T11:53:36.910358+00:00,1f59f317f6bf1128dd89b7e15750d6c629bb719c,5f3af43dbf1e0d89153f191ce1693951932131cad841e94569381861993c20be,3369a1508281082433c78fe0083966801b3d7085c521919558dc1265ecbee42f,streaming-long-csv-v1,blocked,Exchange,256,192,42,0.5,2052,0.49987819732034106,4105,True,high_window_overlap
1.0,2026-09-20T11:53:36.910358+00:00,1f59f317f6bf1128dd89b7e15750d6c629bb719c,5f3af43dbf1e0d89153f191ce1693951932131cad841e94569381861993c20be,3369a1508281082433c78fe0083966801b3d7085c521919558dc1265ecbee42f,streaming-long-csv-v1,blocked,Exchange,256,192,42,1.0,4105,1.0,4105,True,high_window_overlap
1.0,2026-09-20T11:53:36.910358+00:00,1f59f317f6bf1128dd89b7e15750d6c629bb719c,5f3af43dbf1e0d89153f191ce1693951932131cad841e94569381861993c20be,3369a1508281082433c78fe0083966801b3d7085c521919558dc1265ecbee42f,streaming-long-csv-v1,blocked,Exchange,256,336,42,0.0,0,0.0,3961,True,
1.0,2026-09-20T11:53:36.910358+00:00,1f59f317f6bf1128dd89b7e15750d6c629bb719c,5f3af43dbf1e0d89153f191ce1693951932131cad841e94569381861993c20be,3369a1508281082433c78fe0083966801b3d7085c521919558dc1265ecbee42f,streaming-long-csv-v1,blocked,Exchange,256,336,42,0.005,19,0.004796768492804847,3961,True,raw_coverage_much_larger_than_window_rate
1.0,2026-09-20T11:53:36.910358+00:00,1f59f317f6bf1128dd89b7e15750d6c629bb719c,5f3af43dbf1e0d89153f191ce1693951932131cad841e94569381861993c20be,3369a1508281082433c78fe0083966801b3d7085c521919558dc1265ecbee42f,streaming-long-csv-v1,blocked,Exchange,256,336,42,0.01,39,0.009845998485231003,3961,True,raw_coverage_much_larger_than_window_rate
1.0,2026-09-20T11:53:36.910358+00:00,1f59f317f6bf1128dd89b7e15750d6c629bb719c,5f3af43dbf1e0d89153f191ce1693951932131cad841e94569381861993c20be,3369a1508281082433c78fe0083966801b3d7085c521919558dc1265ecbee42f,streaming-long-csv-v1,blocked,Exchange,256,336,42,0.02,79,0.01994445847008331,3961,True,raw_coverage_much_larger_than_window_rate;high_window_overlap
1.0,2026-09-20T11:53:36.910358+00:00,1f59f317f6bf1128dd89b7e15750d6c629bb719c,5f3af43dbf1e0d89153f191ce1693951932131cad841e94569381861993c20be,3369a1508281082433c78fe0083966801b3d7085c521919558dc1265ecbee42f,streaming-long-csv-v1,blocked,Exchange,256,336,42,0.05,198,0.049987376925018936,3961,True,raw_coverage_much_larger_than_window_rate;high_window_overlap
1.0,2026-09-20T11:53:36.910358+00:00,1f59f317f6bf1128dd89b7e15750d6c629bb719c,5f3af43dbf1e0d89153f191ce1693951932131cad841e94569381861993c20be,3369a1508281082433c78fe0083966801b3d7085c521919558dc1265ecbee42f,streaming-long-csv-v1,blocked,Exchange,256,336,42,0.1,396,0.09997475385003787,3961,True,raw_coverage_much_larger_than_window_rate;high_window_overlap
1.0,2026-09-20T11:53:36.910358+00:00,1f59f317f6bf1128dd89b7e15750d6c629bb719c,5f3af43dbf1e0d89153f191ce1693951932131cad841e94569381861993c20be,3369a1508281082433c78fe0083966801b3d7085c521919558dc1265ecbee42f,streaming-long-csv-v1,blocked,Exchange,256,336,42,0.2,792,0.19994950770007575,3961,True,high_window_overlap
1.0,2026-09-20T11:53:36.910358+00:00,1f59f317f6bf1128dd89b7e15750d6c629bb719c,5f3af43dbf1e0d89153f191ce1693951932131cad841e94569381861993c20be,3369a1508281082433c78fe0083966801b3d7085c521919558dc1265ecbee42f,streaming-long-csv-v1,blocked,Exchange,256,336,42,0.5,1980,0.49987376925018934,3961,True,high_window_overlap
1.0,2026-09-20T11:53:36.910358+00:00,1f59f317f6bf1128dd89b7e15750d6c629bb719c,5f3af43dbf1e0d89153f191ce1693951932131cad841e94569381861993c20be,3369a1508281082433c78fe0083966801b3d7085c521919558dc1265ecbee42f,streaming-long-csv-v1,blocked,Exchange,256,336,42,1.0,3961,1.0,3961,True,high_window_overlap
1.0,2026-09-20T11:53:36.910358+00:00,1f59f317f6bf1128dd89b7e15750d6c629bb719c,5f3af43dbf1e0d89153f191ce1693951932131cad841e94569381861993c20be,3369a1508281082433c78fe0083966801b3d7085c521919558dc1265ecbee42f,streaming-long-csv-v1,blocked,Exchange,256,720,42,0.0,0,0.0,3577,True,
1.0,2026-09-20T11:53:36.910358+00:00,1f59f317f6bf1128dd89b7e15750d6c629bb719c,5f3af43dbf1e0d89153f191ce1693951932131cad841e94569381861993c20be,3369a1508281082433c78fe0083966801b3d7085c521919558dc1265ecbee42f,streaming-long-csv-v1,blocked,Exchange,256,720,42,0.005,17,0.004752585965893207,3577,True,raw_coverage_much_larger_than_window_rate
1.0,2026-09-20T11:53:36.910358+00:00,1f59f317f6bf1128dd89b7e15750d6c629bb719c,5f3af43dbf1e0d89153f191ce1693951932131cad841e94569381861993c20be,3369a1508281082433c78fe0083966801b3d7085c521919558dc1265ecbee42f,streaming-long-csv-v1,blocked,Exchange,256,720,42,0.01,35,0.009784735812133072,3577,True,raw_coverage_much_larger_than_window_rate
1.0,2026-09-20T11:53:36.910358+00:00,1f59f317f6bf1128dd89b7e15750d6c629bb719c,5f3af43dbf1e0d89153f191ce1693951932131cad841e94569381861993c20be,3369a1508281082433c78fe0083966801b3d7085c521919558dc1265ecbee42f,streaming-long-csv-v1,blocked,Exchange,256,720,42,0.02,71,0.019849035504612804,3577,True,raw_coverage_much_larger_than_window_rate;high_window_overlap
1.0,2026-09-20T11:53:36.910358+00:00,1f59f317f6bf1128dd89b7e15750d6c629bb719c,5f3af43dbf1e0d89153f191ce1693951932131cad841e94569381861993c20be,3369a1508281082433c78fe0083966801b3d7085c521919558dc1265ecbee42f,streaming-long-csv-v1,blocked,Exchange,256,720,42,0.05,178,0.04976237070170534,3577,True,raw_coverage_much_larger_than_window_rate;high_window_overlap
1.0,2026-09-20T11:53:36.910358+00:00,1f59f317f6bf1128dd89b7e15750d6c629bb719c,5f3af43dbf1e0d89153f191ce1693951932131cad841e94569381861993c20be,3369a1508281082433c78fe0083966801b3d7085c521919558dc1265ecbee42f,streaming-long-csv-v1,blocked,Exchange,256,720,42,0.1,357,0.09980430528375733,3577,True,raw_coverage_much_larger_than_window_rate;high_window_overlap
1.0,2026-09-20T11:53:36.910358+00:00,1f59f317f6bf1128dd89b7e15750d6c629bb719c,5f3af43dbf1e0d89153f191ce1693951932131cad841e94569381861993c20be,3369a1508281082433c78fe0083966801b3d7085c521919558dc1265ecbee42f,streaming-long-csv-v1,blocked,Exchange,256,720,42,0.2,715,0.19988817444786133,3577,True,high_window_overlap
1.0,2026-09-20T11:53:36.910358+00:00,1f59f317f6bf1128dd89b7e15750d6c629bb719c,5f3af43dbf1e0d89153f191ce1693951932131cad841e94569381861993c20be,3369a1508281082433c78fe0083966801b3d7085c521919558dc1265ecbee42f,streaming-long-csv-v1,blocked,Exchange,256,720,42,0.5,1788,0.49986021805982667,3577,True,high_window_overlap
1.0,2026-09-20T11:53:36.910358+00:00,1f59f317f6bf1128dd89b7e15750d6c629bb719c,5f3af43dbf1e0d89153f191ce1693951932131cad841e94569381861993c20be,3369a1508281082433c78fe0083966801b3d7085c521919558dc1265ecbee42f,streaming-long-csv-v1,blocked,Exchange,256,720,42,1.0,3577,1.0,3577,True,high_window_overlap
1.0,2026-09-20T11:53:36.910358+00:00,1f59f317f6bf1128dd89b7e15750d6c629bb719c,5f3af43dbf1e0d89153f191ce1693951932131cad841e94569381861993c20be,3369a1508281082433c78fe0083966801b3d7085c521919558dc1265ecbee42f,streaming-long-csv-v1,blocked,Exchange,512,96,42,0.0,0,0.0,3945,True,
1.0,2026-09-20T11:53:36.910358+00:00,1f59f317f6bf1128dd89b7e15750d6c629bb719c,5f3af43dbf1e0d89153f191ce1693951932131cad841e94569381861993c20be,3369a1508281082433c78fe0083966801b3d7085c521919558dc1265ecbee42f,streaming-long-csv-v1,blocked,Exchange,512,96,42,0.005,19,0.004816223067173638,3945,True,raw_coverage_much_larger_than_window_rate
1.0,2026-09-20T11:53:36.910358+00:00,1f59f317f6bf1128dd89b7e15750d6c629bb719c,5f3af43dbf1e0d89153f191ce1693951932131cad841e94569381861993c20be,3369a1508281082433c78fe0083966801b3d7085c521919558dc1265ecbee42f,streaming-long-csv-v1,blocked,Exchange,512,96,42,0.01,39,0.00988593155893536,3945,True,raw_coverage_much_larger_than_window_rate
1.0,2026-09-20T11:53:36.910358+00:00,1f59f317f6bf1128dd89b7e15750d6c629bb719c,5f3af43dbf1e0d89153f191ce1693951932131cad841e94569381861993c20be,3369a1508281082433c78fe0083966801b3d7085c521919558dc1265ecbee42f,streaming-long-csv-v1,blocked,Exchange,512,96,42,0.02,78,0.01977186311787072,3945,True,raw_coverage_much_larger_than_window_rate;high_window_overlap
1.0,2026-09-20T11:53:36.910358+00:00,1f59f317f6bf1128dd89b7e15750d6c629bb719c,5f3af43dbf1e0d89153f191ce1693951932131cad841e94569381861993c20be,3369a1508281082433c78fe0083966801b3d7085c521919558dc1265ecbee42f,streaming-long-csv-v1,blocked,Exchange,512,96,42,0.05,197,0.04993662864385298,3945,True,raw_coverage_much_larger_than_window_rate;high_window_overlap
1.0,2026-09-20T11:53:36.910358+00:00,1f59f317f6bf1128dd89b7e15750d6c629bb719c,5f3af43dbf1e0d89153f191ce1693951932131cad841e94569381861993c20be,3369a1508281082433c78fe0083966801b3d7085c521919558dc1265ecbee42f,streaming-long-csv-v1,blocked,Exchange,512,96,42,0.1,394,0.09987325728770596,3945,True,raw_coverage_much_larger_than_window_rate;high_window_overlap
1.0,2026-09-20T11:53:36.910358+00:00,1f59f317f6bf1128dd89b7e15750d6c629bb719c,5f3af43dbf1e0d89153f191ce1693951932131cad841e94569381861993c20be,3369a1508281082433c78fe0083966801b3d7085c521919558dc1265ecbee42f,streaming-long-csv-v1,blocked,Exchange,512,96,42,0.2,789,0.2,3945,True,high_window_overlap
1.0,2026-09-20T11:53:36.910358+00:00,1f59f317f6bf1128dd89b7e15750d6c629bb719c,5f3af43dbf1e0d89153f191ce1693951932131cad841e94569381861993c20be,3369a1508281082433c78fe0083966801b3d7085c521919558dc1265ecbee42f,streaming-long-csv-v1,blocked,Exchange,512,96,42,0.5,1972,0.49987325728770593,3945,True,high_window_overlap
1.0,2026-09-20T11:53:36.910358+00:00,1f59f317f6bf1128dd89b7e15750d6c629bb719c,5f3af43dbf1e0d89153f191ce1693951932131cad841e94569381861993c20be,3369a1508281082433c78fe0083966801b3d7085c521919558dc1265ecbee42f,streaming-long-csv-v1,blocked,Exchange,512,96,42,1.0,3945,1.0,3945,True,high_window_overlap
1.0,2026-09-20T11:53:36.910358+00:00,1f59f317f6bf1128dd89b7e15750d6c629bb719c,5f3af43dbf1e0d89153f191ce1693951932131cad841e94569381861993c20be,3369a1508281082433c78fe0083966801b3d7085c521919558dc1265ecbee42f,streaming-long-csv-v1,blocked,Exchange,512,192,42,0.0,0,0.0,3849,True,
1.0,2026-09-20T11:53:36.910358+00:00,1f59f317f6bf1128dd89b7e15750d6c629bb719c,5f3af43dbf1e0d89153f191ce1693951932131cad841e94569381861993c20be,3369a1508281082433c78fe0083966801b3d7085c521919558dc1265ecbee42f,streaming-long-csv-v1,blocked,Exchange,512,192,42,0.005,19,0.004936347103143674,3849,True,raw_coverage_much_larger_than_window_rate
1.0,2026-09-20T11:53:36.910358+00:00,1f59f317f6bf1128dd89b7e15750d6c629bb719c,5f3af43dbf1e0d89153f191ce1693951932131cad841e94569381861993c20be,3369a1508281082433c78fe0083966801b3d7085c521919558dc1265ecbee42f,streaming-long-csv-v1,blocked,Exchange,512,192,42,0.01,38,0.009872694206287348,3849,True,raw_coverage_much_larger_than_window_rate
1.0,2026-09-20T11:53:36.910358+00:00,1f59f317f6bf1128dd89b7e15750d6c629bb719c,5f3af43dbf1e0d89153f191ce1693951932131cad841e94569381861993c20be,3369a1508281082433c78fe0083966801b3d7085c521919558dc1265ecbee42f,streaming-long-csv-v1,blocked,Exchange,512,192,42,0.02,76,0.019745388412574696,3849,True,raw_coverage_much_larger_than_window_rate;high_window_overlap
1.0,2026-09-20T11:53:36.910358+00:00,1f59f317f6bf1128dd89b7e15750d6c629bb719c,5f3af43dbf1e0d89153f191ce1693951932131cad841e94569381861993c20be,3369a1508281082433c78fe0083966801b3d7085c521919558dc1265ecbee42f,streaming-long-csv-v1,blocked,Exchange,512,192,42,0.05,192,0.04988308651597818,3849,True,raw_coverage_much_larger_than_window_rate;high_window_overlap
1.0,2026-09-20T11:53:36.910358+00:00,1f59f317f6bf1128dd89b7e15750d6c629bb719c,5f3af43dbf1e0d89153f191ce1693951932131cad841e94569381861993c20be,3369a1508281082433c78fe0083966801b3d7085c521919558dc1265ecbee42f,streaming-long-csv-v1,blocked,Exchange,512,192,42,0.1,384,0.09976617303195635,3849,True,raw_coverage_much_larger_than_window_rate;high_window_overlap
1.0,2026-09-20T11:53:36.910358+00:00,1f59f317f6bf1128dd89b7e15750d6c629bb719c,5f3af43dbf1e0d89153f191ce1693951932131cad841e94569381861993c20be,3369a1508281082433c78fe0083966801b3d7085c521919558dc1265ecbee42f,streaming-long-csv-v1,blocked,Exchange,512,192,42,0.2,769,0.19979215380618343,3849,True,high_window_overlap
1.0,2026-09-20T11:53:36.910358+00:00,1f59f317f6bf1128dd89b7e15750d6c629bb719c,5f3af43dbf1e0d89153f191ce1693951932131cad841e94569381861993c20be,3369a1508281082433c78fe0083966801b3d7085c521919558dc1265ecbee42f,streaming-long-csv-v1,blocked,Exchange,512,192,42,0.5,1924,0.4998700961288646,3849,True,high_window_overlap
1.0,2026-09-20T11:53:36.910358+00:00,1f59f317f6bf1128dd89b7e15750d6c629bb719c,5f3af43dbf1e0d89153f191ce1693951932131cad841e94569381861993c20be,3369a1508281082433c78fe0083966801b3d7085c521919558dc1265ecbee42f,streaming-long-csv-v1,blocked,Exchange,512,192,42,1.0,3849,1.0,3849,True,high_window_overlap
1.0,2026-09-20T11:53:36.910358+00:00,1f59f317f6bf1128dd89b7e15750d6c629bb719c,5f3af43dbf1e0d89153f191ce1693951932131cad841e94569381861993c20be,3369a1508281082433c78fe0083966801b3d7085c521919558dc1265ecbee42f,streaming-long-csv-v1,blocked,Exchange,512,336,42,0.0,0,0.0,3705,True,
1.0,2026-09-20T11:53:36.910358+00:00,1f59f317f6bf1128dd89b7e15750d6c629bb719c,5f3af43dbf1e0d89153f191ce1693951932131cad841e94569381861993c20be,3369a1508281082433c78fe0083966801b3d7085c521919558dc1265ecbee42f,streaming-long-csv-v1,blocked,Exchange,512,336,42,0.005,18,0.004858299595141701,3705,True,raw_coverage_much_larger_than_window_rate
1.0,2026-09-20T11:53:36.910358+00:00,1f59f317f6bf1128dd89b7e15750d6c629bb719c,5f3af43dbf1e0d89153f191ce1693951932131cad841e94569381861993c20be,3369a1508281082433c78fe0083966801b3d7085c521919558dc1265ecbee42f,streaming-long-csv-v1,blocked,Exchange,512,336,42,0.01,37,0.009986504723346829,3705,True,raw_coverage_much_larger_than_window_rate
1.0,2026-09-20T11:53:36.910358+00:00,1f59f317f6bf1128dd89b7e15750d6c629bb719c,5f3af43dbf1e0d89153f191ce1693951932131cad841e94569381861993c20be,3369a1508281082433c78fe0083966801b3d7085c521919558dc1265ecbee42f,streaming-long-csv-v1,blocked,Exchange,512,336,42,0.02,74,0.019973009446693658,3705,True,raw_coverage_much_larger_than_window_rate;high_window_overlap
1.0,2026-09-20T11:53:36.910358+00:00,1f59f317f6bf1128dd89b7e15750d6c629bb719c,5f3af43dbf1e0d89153f191ce1693951932131cad841e94569381861993c20be,3369a1508281082433c78fe0083966801b3d7085c521919558dc1265ecbee42f,streaming-long-csv-v1,blocked,Exchange,512,336,42,0.05,185,0.04993252361673414,3705,True,raw_coverage_much_larger_than_window_rate;high_window_overlap
1.0,2026-09-20T11:53:36.910358+00:00,1f59f317f6bf1128dd89b7e15750d6c629bb719c,5f3af43dbf1e0d89153f191ce1693951932131cad841e94569381861993c20be,3369a1508281082433c78fe0083966801b3d7085c521919558dc1265ecbee42f,streaming-long-csv-v1,blocked,Exchange,512,336,42,0.1,370,0.09986504723346828,3705,True,raw_coverage_much_larger_than_window_rate;high_window_overlap
1.0,2026-09-20T11:53:36.910358+00:00,1f59f317f6bf1128dd89b7e15750d6c629bb719c,5f3af43dbf1e0d89153f191ce1693951932131cad841e94569381861993c20be,3369a1508281082433c78fe0083966801b3d7085c521919558dc1265ecbee42f,streaming-long-csv-v1,blocked,Exchange,512,336,42,0.2,741,0.2,3705,True,high_window_overlap
1.0,2026-09-20T11:53:36.910358+00:00,1f59f317f6bf1128dd89b7e15750d6c629bb719c,5f3af43dbf1e0d89153f191ce1693951932131cad841e94569381861993c20be,3369a1508281082433c78fe0083966801b3d7085c521919558dc1265ecbee42f,streaming-long-csv-v1,blocked,Exchange,512,336,42,0.5,1852,0.4998650472334683,3705,True,high_window_overlap
1.0,2026-09-20T11:53:36.910358+00:00,1f59f317f6bf1128dd89b7e15750d6c629bb719c,5f3af43dbf1e0d89153f191ce1693951932131cad841e94569381861993c20be,3369a1508281082433c78fe0083966801b3d7085c521919558dc1265ecbee42f,streaming-long-csv-v1,blocked,Exchange,512,336,42,1.0,3705,1.0,3705,True,high_window_overlap
1.0,2026-09-20T11:53:36.910358+00:00,1f59f317f6bf1128dd89b7e15750d6c629bb719c,5f3af43dbf1e0d89153f191ce1693951932131cad841e94569381861993c20be,3369a1508281082433c78fe0083966801b3d7085c521919558dc1265ecbee42f,streaming-long-csv-v1,blocked,Exchange,512,720,42,0.0,0,0.0,3321,True,
1.0,2026-09-20T11:53:36.910358+00:00,1f59f317f6bf1128dd89b7e15750d6c629bb719c,5f3af43dbf1e0d89153f191ce1693951932131cad841e94569381861993c20be,3369a1508281082433c78fe0083966801b3d7085c521919558dc1265ecbee42f,streaming-long-csv-v1,blocked,Exchange,512,720,42,0.005,16,0.004817825956037338,3321,True,raw_coverage_much_larger_than_window_rate
1.0,2026-09-20T11:53:36.910358+00:00,1f59f317f6bf1128dd89b7e15750d6c629bb719c,5f3af43dbf1e0d89153f191ce1693951932131cad841e94569381861993c20be,3369a1508281082433c78fe0083966801b3d7085c521919558dc1265ecbee42f,streaming-long-csv-v1,blocked,Exchange,512,720,42,0.01,33,0.00993676603432701,3321,True,raw_coverage_much_larger_than_window_rate
1.0,2026-09-20T11:53:36.910358+00:00,1f59f317f6bf1128dd89b7e15750d6c629bb719c,5f3af43dbf1e0d89153f191ce1693951932131cad841e94569381861993c20be,3369a1508281082433c78fe0083966801b3d7085c521919558dc1265ecbee42f,streaming-long-csv-v1,blocked,Exchange,512,720,42,0.02,66,0.01987353206865402,3321,True,raw_coverage_much_larger_than_window_rate;high_window_overlap
1.0,2026-09-20T11:53:36.910358+00:00,1f59f317f6bf1128dd89b7e15750d6c629bb719c,5f3af43dbf1e0d89153f191ce1693951932131cad841e94569381861993c20be,3369a1508281082433c78fe0083966801b3d7085c521919558dc1265ecbee42f,streaming-long-csv-v1,blocked,Exchange,512,720,42,0.05,166,0.04998494429388738,3321,True,raw_coverage_much_larger_than_window_rate;high_window_overlap
1.0,2026-09-20T11:53:36.910358+00:00,1f59f317f6bf1128dd89b7e15750d6c629bb719c,5f3af43dbf1e0d89153f191ce1693951932131cad841e94569381861993c20be,3369a1508281082433c78fe0083966801b3d7085c521919558dc1265ecbee42f,streaming-long-csv-v1,blocked,Exchange,512,720,42,0.1,332,0.09996988858777477,3321,True,raw_coverage_much_larger_than_window_rate;high_window_overlap
1.0,2026-09-20T11:53:36.910358+00:00,1f59f317f6bf1128dd89b7e15750d6c629bb719c,5f3af43dbf1e0d89153f191ce1693951932131cad841e94569381861993c20be,3369a1508281082433c78fe0083966801b3d7085c521919558dc1265ecbee42f,streaming-long-csv-v1,blocked,Exchange,512,720,42,0.2,664,0.19993977717554953,3321,True,high_window_overlap
1.0,2026-09-20T11:53:36.910358+00:00,1f59f317f6bf1128dd89b7e15750d6c629bb719c,5f3af43dbf1e0d89153f191ce1693951932131cad841e94569381861993c20be,3369a1508281082433c78fe0083966801b3d7085c521919558dc1265ecbee42f,streaming-long-csv-v1,blocked,Exchange,512,720,42,0.5,1660,0.49984944293887384,3321,True,high_window_overlap
1.0,2026-09-20T11:53:36.910358+00:00,1f59f317f6bf1128dd89b7e15750d6c629bb719c,5f3af43dbf1e0d89153f191ce1693951932131cad841e94569381861993c20be,3369a1508281082433c78fe0083966801b3d7085c521919558dc1265ecbee42f,streaming-long-csv-v1,blocked,Exchange,512,720,42,1.0,3321,1.0,3321,True,high_window_overlap
1.0,2026-09-20T11:53:36.910358+00:00,1f59f317f6bf1128dd89b7e15750d6c629bb719c,7dffc18f7655fcf191fa424b5c720eac888c233e6e639819406f460d4fdf62e3,3369a1508281082433c78fe0083966801b3d7085c521919558dc1265ecbee42f,streaming-long-csv-v1,blocked,ZafNoo,256,96,42,0.0,0,0.0,11184,True,
1.0,2026-09-20T11:53:36.910358+00:00,1f59f317f6bf1128dd89b7e15750d6c629bb719c,7dffc18f7655fcf191fa424b5c720eac888c233e6e639819406f460d4fdf62e3,3369a1508281082433c78fe0083966801b3d7085c521919558dc1265ecbee42f,streaming-long-csv-v1,blocked,ZafNoo,256,96,42,0.005,55,0.004917739628040057,11184,True,raw_coverage_much_larger_than_window_rate
1.0,2026-09-20T11:53:36.910358+00:00,1f59f317f6bf1128dd89b7e15750d6c629bb719c,7dffc18f7655fcf191fa424b5c720eac888c233e6e639819406f460d4fdf62e3,3369a1508281082433c78fe0083966801b3d7085c521919558dc1265ecbee42f,streaming-long-csv-v1,blocked,ZafNoo,256,96,42,0.01,111,0.00992489270386266,11184,True,raw_coverage_much_larger_than_window_rate
1.0,2026-09-20T11:53:36.910358+00:00,1f59f317f6bf1128dd89b7e15750d6c629bb719c,7dffc18f7655fcf191fa424b5c720eac888c233e6e639819406f460d4fdf62e3,3369a1508281082433c78fe0083966801b3d7085c521919558dc1265ecbee42f,streaming-long-csv-v1,blocked,ZafNoo,256,96,42,0.02,223,0.019939198855507868,11184,True,raw_coverage_much_larger_than_window_rate
1.0,2026-09-20T11:53:36.910358+00:00,1f59f317f6bf1128dd89b7e15750d6c629bb719c,7dffc18f7655fcf191fa424b5c720eac888c233e6e639819406f460d4fdf62e3,3369a1508281082433c78fe0083966801b3d7085c521919558dc1265ecbee42f,streaming-long-csv-v1,blocked,ZafNoo,256,96,42,0.05,559,0.04998211731044349,11184,True,raw_coverage_much_larger_than_window_rate;high_window_overlap
1.0,2026-09-20T11:53:36.910358+00:00,1f59f317f6bf1128dd89b7e15750d6c629bb719c,7dffc18f7655fcf191fa424b5c720eac888c233e6e639819406f460d4fdf62e3,3369a1508281082433c78fe0083966801b3d7085c521919558dc1265ecbee42f,streaming-long-csv-v1,blocked,ZafNoo,256,96,42,0.1,1118,0.09996423462088698,11184,True,raw_coverage_much_larger_than_window_rate;high_window_overlap
1.0,2026-09-20T11:53:36.910358+00:00,1f59f317f6bf1128dd89b7e15750d6c629bb719c,7dffc18f7655fcf191fa424b5c720eac888c233e6e639819406f460d4fdf62e3,3369a1508281082433c78fe0083966801b3d7085c521919558dc1265ecbee42f,streaming-long-csv-v1,blocked,ZafNoo,256,96,42,0.2,2236,0.19992846924177396,11184,True,high_window_overlap
1.0,2026-09-20T11:53:36.910358+00:00,1f59f317f6bf1128dd89b7e15750d6c629bb719c,7dffc18f7655fcf191fa424b5c720eac888c233e6e639819406f460d4fdf62e3,3369a1508281082433c78fe0083966801b3d7085c521919558dc1265ecbee42f,streaming-long-csv-v1,blocked,ZafNoo,256,96,42,0.5,5592,0.5,11184,True,high_window_overlap
1.0,2026-09-20T11:53:36.910358+00:00,1f59f317f6bf1128dd89b7e15750d6c629bb719c,7dffc18f7655fcf191fa424b5c720eac888c233e6e639819406f460d4fdf62e3,3369a1508281082433c78fe0083966801b3d7085c521919558dc1265ecbee42f,streaming-long-csv-v1,blocked,ZafNoo,256,96,42,1.0,11184,1.0,11184,True,high_window_overlap
1.0,2026-09-20T11:53:36.910358+00:00,1f59f317f6bf1128dd89b7e15750d6c629bb719c,7dffc18f7655fcf191fa424b5c720eac888c233e6e639819406f460d4fdf62e3,3369a1508281082433c78fe0083966801b3d7085c521919558dc1265ecbee42f,streaming-long-csv-v1,blocked,ZafNoo,256,192,42,0.0,0,0.0,11088,True,
1.0,2026-09-20T11:53:36.910358+00:00,1f59f317f6bf1128dd89b7e15750d6c629bb719c,7dffc18f7655fcf191fa424b5c720eac888c233e6e639819406f460d4fdf62e3,3369a1508281082433c78fe0083966801b3d7085c521919558dc1265ecbee42f,streaming-long-csv-v1,blocked,ZafNoo,256,192,42,0.005,55,0.00496031746031746,11088,True,raw_coverage_much_larger_than_window_rate
1.0,2026-09-20T11:53:36.910358+00:00,1f59f317f6bf1128dd89b7e15750d6c629bb719c,7dffc18f7655fcf191fa424b5c720eac888c233e6e639819406f460d4fdf62e3,3369a1508281082433c78fe0083966801b3d7085c521919558dc1265ecbee42f,streaming-long-csv-v1,blocked,ZafNoo,256,192,42,0.01,110,0.00992063492063492,11088,True,raw_coverage_much_larger_than_window_rate
1.0,2026-09-20T11:53:36.910358+00:00,1f59f317f6bf1128dd89b7e15750d6c629bb719c,7dffc18f7655fcf191fa424b5c720eac888c233e6e639819406f460d4fdf62e3,3369a1508281082433c78fe0083966801b3d7085c521919558dc1265ecbee42f,streaming-long-csv-v1,blocked,ZafNoo,256,192,42,0.02,221,0.019931457431457432,11088,True,raw_coverage_much_larger_than_window_rate
1.0,2026-09-20T11:53:36.910358+00:00,1f59f317f6bf1128dd89b7e15750d6c629bb719c,7dffc18f7655fcf191fa424b5c720eac888c233e6e639819406f460d4fdf62e3,3369a1508281082433c78fe0083966801b3d7085c521919558dc1265ecbee42f,streaming-long-csv-v1,blocked,ZafNoo,256,192,42,0.05,554,0.04996392496392496,11088,True,raw_coverage_much_larger_than_window_rate;high_window_overlap
1.0,2026-09-20T11:53:36.910358+00:00,1f59f317f6bf1128dd89b7e15750d6c629bb719c,7dffc18f7655fcf191fa424b5c720eac888c233e6e639819406f460d4fdf62e3,3369a1508281082433c78fe0083966801b3d7085c521919558dc1265ecbee42f,streaming-long-csv-v1,blocked,ZafNoo,256,192,42,0.1,1108,0.09992784992784992,11088,True,raw_coverage_much_larger_than_window_rate;high_window_overlap
1.0,2026-09-20T11:53:36.910358+00:00,1f59f317f6bf1128dd89b7e15750d6c629bb719c,7dffc18f7655fcf191fa424b5c720eac888c233e6e639819406f460d4fdf62e3,3369a1508281082433c78fe0083966801b3d7085c521919558dc1265ecbee42f,streaming-long-csv-v1,blocked,ZafNoo,256,192,42,0.2,2217,0.19994588744588745,11088,True,high_window_overlap
1.0,2026-09-20T11:53:36.910358+00:00,1f59f317f6bf1128dd89b7e15750d6c629bb719c,7dffc18f7655fcf191fa424b5c720eac888c233e6e639819406f460d4fdf62e3,3369a1508281082433c78fe0083966801b3d7085c521919558dc1265ecbee42f,streaming-long-csv-v1,blocked,ZafNoo,256,192,42,0.5,5544,0.5,11088,True,high_window_overlap
1.0,2026-09-20T11:53:36.910358+00:00,1f59f317f6bf1128dd89b7e15750d6c629bb719c,7dffc18f7655fcf191fa424b5c720eac888c233e6e639819406f460d4fdf62e3,3369a1508281082433c78fe0083966801b3d7085c521919558dc1265ecbee42f,streaming-long-csv-v1,blocked,ZafNoo,256,192,42,1.0,11088,1.0,11088,True,high_window_overlap
1.0,2026-09-20T11:53:36.910358+00:00,1f59f317f6bf1128dd89b7e15750d6c629bb719c,7dffc18f7655fcf191fa424b5c720eac888c233e6e639819406f460d4fdf62e3,3369a1508281082433c78fe0083966801b3d7085c521919558dc1265ecbee42f,streaming-long-csv-v1,blocked,ZafNoo,256,336,42,0.0,0,0.0,10944,True,
1.0,2026-09-20T11:53:36.910358+00:00,1f59f317f6bf1128dd89b7e15750d6c629bb719c,7dffc18f7655fcf191fa424b5c720eac888c233e6e639819406f460d4fdf62e3,3369a1508281082433c78fe0083966801b3d7085c521919558dc1265ecbee42f,streaming-long-csv-v1,blocked,ZafNoo,256,336,42,0.005,54,0.004934210526315789,10944,True,raw_coverage_much_larger_than_window_rate
1.0,2026-09-20T11:53:36.910358+00:00,1f59f317f6bf1128dd89b7e15750d6c629bb719c,7dffc18f7655fcf191fa424b5c720eac888c233e6e639819406f460d4fdf62e3,3369a1508281082433c78fe0083966801b3d7085c521919558dc1265ecbee42f,streaming-long-csv-v1,blocked,ZafNoo,256,336,42,0.01,109,0.009959795321637427,10944,True,raw_coverage_much_larger_than_window_rate
1.0,2026-09-20T11:53:36.910358+00:00,1f59f317f6bf1128dd89b7e15750d6c629bb719c,7dffc18f7655fcf191fa424b5c720eac888c233e6e639819406f460d4fdf62e3,3369a1508281082433c78fe0083966801b3d7085c521919558dc1265ecbee42f,streaming-long-csv-v1,blocked,ZafNoo,256,336,42,0.02,218,0.019919590643274854,10944,True,raw_coverage_much_larger_than_window_rate;high_window_overlap
1.0,2026-09-20T11:53:36.910358+00:00,1f59f317f6bf1128dd89b7e15750d6c629bb719c,7dffc18f7655fcf191fa424b5c720eac888c233e6e639819406f460d4fdf62e3,3369a1508281082433c78fe0083966801b3d7085c521919558dc1265ecbee42f,streaming-long-csv-v1,blocked,ZafNoo,256,336,42,0.05,547,0.04998172514619883,10944,True,raw_coverage_much_larger_than_window_rate;high_window_overlap
1.0,2026-09-20T11:53:36.910358+00:00,1f59f317f6bf1128dd89b7e15750d6c629bb719c,7dffc18f7655fcf191fa424b5c720eac888c233e6e639819406f460d4fdf62e3,3369a1508281082433c78fe0083966801b3d7085c521919558dc1265ecbee42f,streaming-long-csv-v1,blocked,ZafNoo,256,336,42,0.1,1094,0.09996345029239766,10944,True,raw_coverage_much_larger_than_window_rate;high_window_overlap
1.0,2026-09-20T11:53:36.910358+00:00,1f59f317f6bf1128dd89b7e15750d6c629bb719c,7dffc18f7655fcf191fa424b5c720eac888c233e6e639819406f460d4fdf62e3,3369a1508281082433c78fe0083966801b3d7085c521919558dc1265ecbee42f,streaming-long-csv-v1,blocked,ZafNoo,256,336,42,0.2,2188,0.19992690058479531,10944,True,high_window_overlap
1.0,2026-09-20T11:53:36.910358+00:00,1f59f317f6bf1128dd89b7e15750d6c629bb719c,7dffc18f7655fcf191fa424b5c720eac888c233e6e639819406f460d4fdf62e3,3369a1508281082433c78fe0083966801b3d7085c521919558dc1265ecbee42f,streaming-long-csv-v1,blocked,ZafNoo,256,336,42,0.5,5472,0.5,10944,True,high_window_overlap
1.0,2026-09-20T11:53:36.910358+00:00,1f59f317f6bf1128dd89b7e15750d6c629bb719c,7dffc18f7655fcf191fa424b5c720eac888c233e6e639819406f460d4fdf62e3,3369a1508281082433c78fe0083966801b3d7085c521919558dc1265ecbee42f,streaming-long-csv-v1,blocked,ZafNoo,256,336,42,1.0,10944,1.0,10944,True,high_window_overlap
1.0,2026-09-20T11:53:36.910358+00:00,1f59f317f6bf1128dd89b7e15750d6c629bb719c,7dffc18f7655fcf191fa424b5c720eac888c233e6e639819406f460d4fdf62e3,3369a1508281082433c78fe0083966801b3d7085c521919558dc1265ecbee42f,streaming-long-csv-v1,blocked,ZafNoo,256,720,42,0.0,0,0.0,10560,True,
1.0,2026-09-20T11:53:36.910358+00:00,1f59f317f6bf1128dd89b7e15750d6c629bb719c,7dffc18f7655fcf191fa424b5c720eac888c233e6e639819406f460d4fdf62e3,3369a1508281082433c78fe0083966801b3d7085c521919558dc1265ecbee42f,streaming-long-csv-v1,blocked,ZafNoo,256,720,42,0.005,52,0.004924242424242424,10560,True,raw_coverage_much_larger_than_window_rate
1.0,2026-09-20T11:53:36.910358+00:00,1f59f317f6bf1128dd89b7e15750d6c629bb719c,7dffc18f7655fcf191fa424b5c720eac888c233e6e639819406f460d4fdf62e3,3369a1508281082433c78fe0083966801b3d7085c521919558dc1265ecbee42f,streaming-long-csv-v1,blocked,ZafNoo,256,720,42,0.01,105,0.009943181818181818,10560,True,raw_coverage_much_larger_than_window_rate
1.0,2026-09-20T11:53:36.910358+00:00,1f59f317f6bf1128dd89b7e15750d6c629bb719c,7dffc18f7655fcf191fa424b5c720eac888c233e6e639819406f460d4fdf62e3,3369a1508281082433c78fe0083966801b3d7085c521919558dc1265ecbee42f,streaming-long-csv-v1,blocked,ZafNoo,256,720,42,0.02,211,0.019981060606060606,10560,True,raw_coverage_much_larger_than_window_rate;high_window_overlap
1.0,2026-09-20T11:53:36.910358+00:00,1f59f317f6bf1128dd89b7e15750d6c629bb719c,7dffc18f7655fcf191fa424b5c720eac888c233e6e639819406f460d4fdf62e3,3369a1508281082433c78fe0083966801b3d7085c521919558dc1265ecbee42f,streaming-long-csv-v1,blocked,ZafNoo,256,720,42,0.05,528,0.05,10560,True,raw_coverage_much_larger_than_window_rate;high_window_overlap
1.0,2026-09-20T11:53:36.910358+00:00,1f59f317f6bf1128dd89b7e15750d6c629bb719c,7dffc18f7655fcf191fa424b5c720eac888c233e6e639819406f460d4fdf62e3,3369a1508281082433c78fe0083966801b3d7085c521919558dc1265ecbee42f,streaming-long-csv-v1,blocked,ZafNoo,256,720,42,0.1,1056,0.1,10560,True,raw_coverage_much_larger_than_window_rate;high_window_overlap
1.0,2026-09-20T11:53:36.910358+00:00,1f59f317f6bf1128dd89b7e15750d6c629bb719c,7dffc18f7655fcf191fa424b5c720eac888c233e6e639819406f460d4fdf62e3,3369a1508281082433c78fe0083966801b3d7085c521919558dc1265ecbee42f,streaming-long-csv-v1,blocked,ZafNoo,256,720,42,0.2,2112,0.2,10560,True,high_window_overlap
1.0,2026-09-20T11:53:36.910358+00:00,1f59f317f6bf1128dd89b7e15750d6c629bb719c,7dffc18f7655fcf191fa424b5c720eac888c233e6e639819406f460d4fdf62e3,3369a1508281082433c78fe0083966801b3d7085c521919558dc1265ecbee42f,streaming-long-csv-v1,blocked,ZafNoo,256,720,42,0.5,5280,0.5,10560,True,high_window_overlap
1.0,2026-09-20T11:53:36.910358+00:00,1f59f317f6bf1128dd89b7e15750d6c629bb719c,7dffc18f7655fcf191fa424b5c720eac888c233e6e639819406f460d4fdf62e3,3369a1508281082433c78fe0083966801b3d7085c521919558dc1265ecbee42f,streaming-long-csv-v1,blocked,ZafNoo,256,720,42,1.0,10560,1.0,10560,True,high_window_overlap
1.0,2026-09-20T11:53:36.910358+00:00,1f59f317f6bf1128dd89b7e15750d6c629bb719c,7dffc18f7655fcf191fa424b5c720eac888c233e6e639819406f460d4fdf62e3,3369a1508281082433c78fe0083966801b3d7085c521919558dc1265ecbee42f,streaming-long-csv-v1,blocked,ZafNoo,512,96,42,0.0,0,0.0,10928,True,
1.0,2026-09-20T11:53:36.910358+00:00,1f59f317f6bf1128dd89b7e15750d6c629bb719c,7dffc18f7655fcf191fa424b5c720eac888c233e6e639819406f460d4fdf62e3,3369a1508281082433c78fe0083966801b3d7085c521919558dc1265ecbee42f,streaming-long-csv-v1,blocked,ZafNoo,512,96,42,0.005,54,0.004941434846266472,10928,True,raw_coverage_much_larger_than_window_rate
1.0,2026-09-20T11:53:36.910358+00:00,1f59f317f6bf1128dd89b7e15750d6c629bb719c,7dffc18f7655fcf191fa424b5c720eac888c233e6e639819406f460d4fdf62e3,3369a1508281082433c78fe0083966801b3d7085c521919558dc1265ecbee42f,streaming-long-csv-v1,blocked,ZafNoo,512,96,42,0.01,109,0.009974377745241582,10928,True,raw_coverage_much_larger_than_window_rate
1.0,2026-09-20T11:53:36.910358+00:00,1f59f317f6bf1128dd89b7e15750d6c629bb719c,7dffc18f7655fcf191fa424b5c720eac888c233e6e639819406f460d4fdf62e3,3369a1508281082433c78fe0083966801b3d7085c521919558dc1265ecbee42f,streaming-long-csv-v1,blocked,ZafNoo,512,96,42,0.02,218,0.019948755490483163,10928,True,raw_coverage_much_larger_than_window_rate;high_window_overlap
1.0,2026-09-20T11:53:36.910358+00:00,1f59f317f6bf1128dd89b7e15750d6c629bb719c,7dffc18f7655fcf191fa424b5c720eac888c233e6e639819406f460d4fdf62e3,3369a1508281082433c78fe0083966801b3d7085c521919558dc1265ecbee42f,streaming-long-csv-v1,blocked,ZafNoo,512,96,42,0.05,546,0.04996339677891654,10928,True,raw_coverage_much_larger_than_window_rate;high_window_overlap
1.0,2026-09-20T11:53:36.910358+00:00,1f59f317f6bf1128dd89b7e15750d6c629bb719c,7dffc18f7655fcf191fa424b5c720eac888c233e6e639819406f460d4fdf62e3,3369a1508281082433c78fe0083966801b3d7085c521919558dc1265ecbee42f,streaming-long-csv-v1,blocked,ZafNoo,512,96,42,0.1,1092,0.09992679355783309,10928,True,raw_coverage_much_larger_than_window_rate;high_window_overlap
1.0,2026-09-20T11:53:36.910358+00:00,1f59f317f6bf1128dd89b7e15750d6c629bb719c,7dffc18f7655fcf191fa424b5c720eac888c233e6e639819406f460d4fdf62e3,3369a1508281082433c78fe0083966801b3d7085c521919558dc1265ecbee42f,streaming-long-csv-v1,blocked,ZafNoo,512,96,42,0.2,2185,0.1999450951683748,10928,True,high_window_overlap
1.0,2026-09-20T11:53:36.910358+00:00,1f59f317f6bf1128dd89b7e15750d6c629bb719c,7dffc18f7655fcf191fa424b5c720eac888c233e6e639819406f460d4fdf62e3,3369a1508281082433c78fe0083966801b3d7085c521919558dc1265ecbee42f,streaming-long-csv-v1,blocked,ZafNoo,512,96,42,0.5,5464,0.5,10928,True,high_window_overlap
1.0,2026-09-20T11:53:36.910358+00:00,1f59f317f6bf1128dd89b7e15750d6c629bb719c,7dffc18f7655fcf191fa424b5c720eac888c233e6e639819406f460d4fdf62e3,3369a1508281082433c78fe0083966801b3d7085c521919558dc1265ecbee42f,streaming-long-csv-v1,blocked,ZafNoo,512,96,42,1.0,10928,1.0,10928,True,high_window_overlap
1.0,2026-09-20T11:53:36.910358+00:00,1f59f317f6bf1128dd89b7e15750d6c629bb719c,7dffc18f7655fcf191fa424b5c720eac888c233e6e639819406f460d4fdf62e3,3369a1508281082433c78fe0083966801b3d7085c521919558dc1265ecbee42f,streaming-long-csv-v1,blocked,ZafNoo,512,192,42,0.0,0,0.0,10832,True,
1.0,2026-09-20T11:53:36.910358+00:00,1f59f317f6bf1128dd89b7e15750d6c629bb719c,7dffc18f7655fcf191fa424b5c720eac888c233e6e639819406f460d4fdf62e3,3369a1508281082433c78fe0083966801b3d7085c521919558dc1265ecbee42f,streaming-long-csv-v1,blocked,ZafNoo,512,192,42,0.005,54,0.004985228951255539,10832,True,raw_coverage_much_larger_than_window_rate
1.0,2026-09-20T11:53:36.910358+00:00,1f59f317f6bf1128dd89b7e15750d6c629bb719c,7dffc18f7655fcf191fa424b5c720eac888c233e6e639819406f460d4fdf62e3,3369a1508281082433c78fe0083966801b3d7085c521919558dc1265ecbee42f,streaming-long-csv-v1,blocked,ZafNoo,512,192,42,0.01,108,0.009970457902511078,10832,True,raw_coverage_much_larger_than_window_rate
1.0,2026-09-20T11:53:36.910358+00:00,1f59f317f6bf1128dd89b7e15750d6c629bb719c,7dffc18f7655fcf191fa424b5c720eac888c233e6e639819406f460d4fdf62e3,3369a1508281082433c78fe0083966801b3d7085c521919558dc1265ecbee42f,streaming-long-csv-v1,blocked,ZafNoo,512,192,42,0.02,216,0.019940915805022157,10832,True,raw_coverage_much_larger_than_window_rate;high_window_overlap
1.0,2026-09-20T11:53:36.910358+00:00,1f59f317f6bf1128dd89b7e15750d6c629bb719c,7dffc18f7655fcf191fa424b5c720eac888c233e6e639819406f460d4fdf62e3,3369a1508281082433c78fe0083966801b3d7085c521919558dc1265ecbee42f,streaming-long-csv-v1,blocked,ZafNoo,512,192,42,0.05,541,0.049944608567208275,10832,True,raw_coverage_much_larger_than_window_rate;high_window_overlap
1.0,2026-09-20T11:53:36.910358+00:00,1f59f317f6bf1128dd89b7e15750d6c629bb719c,7dffc18f7655fcf191fa424b5c720eac888c233e6e639819406f460d4fdf62e3,3369a1508281082433c78fe0083966801b3d7085c521919558dc1265ecbee42f,streaming-long-csv-v1,blocked,ZafNoo,512,192,42,0.1,1083,0.09998153618906942,10832,True,raw_coverage_much_larger_than_window_rate;high_window_overlap
1.0,2026-09-20T11:53:36.910358+00:00,1f59f317f6bf1128dd89b7e15750d6c629bb719c,7dffc18f7655fcf191fa424b5c720eac888c233e6e639819406f460d4fdf62e3,3369a1508281082433c78fe0083966801b3d7085c521919558dc1265ecbee42f,streaming-long-csv-v1,blocked,ZafNoo,512,192,42,0.2,2166,0.19996307237813885,10832,True,high_window_overlap
1.0,2026-09-20T11:53:36.910358+00:00,1f59f317f6bf1128dd89b7e15750d6c629bb719c,7dffc18f7655fcf191fa424b5c720eac888c233e6e639819406f460d4fdf62e3,3369a1508281082433c78fe0083966801b3d7085c521919558dc1265ecbee42f,streaming-long-csv-v1,blocked,ZafNoo,512,192,42,0.5,5416,0.5,10832,True,high_window_overlap
1.0,2026-09-20T11:53:36.910358+00:00,1f59f317f6bf1128dd89b7e15750d6c629bb719c,7dffc18f7655fcf191fa424b5c720eac888c233e6e639819406f460d4fdf62e3,3369a1508281082433c78fe0083966801b3d7085c521919558dc1265ecbee42f,streaming-long-csv-v1,blocked,ZafNoo,512,192,42,1.0,10832,1.0,10832,True,high_window_overlap
1.0,2026-09-20T11:53:36.910358+00:00,1f59f317f6bf1128dd89b7e15750d6c629bb719c,7dffc18f7655fcf191fa424b5c720eac888c233e6e639819406f460d4fdf62e3,3369a1508281082433c78fe0083966801b3d7085c521919558dc1265ecbee42f,streaming-long-csv-v1,blocked,ZafNoo,512,336,42,0.0,0,0.0,10688,True,
1.0,2026-09-20T11:53:36.910358+00:00,1f59f317f6bf1128dd89b7e15750d6c629bb719c,7dffc18f7655fcf191fa424b5c720eac888c233e6e639819406f460d4fdf62e3,3369a1508281082433c78fe0083966801b3d7085c521919558dc1265ecbee42f,streaming-long-csv-v1,blocked,ZafNoo,512,336,42,0.005,53,0.004958832335329341,10688,True,raw_coverage_much_larger_than_window_rate
1.0,2026-09-20T11:53:36.910358+00:00,1f59f317f6bf1128dd89b7e15750d6c629bb719c,7dffc18f7655fcf191fa424b5c720eac888c233e6e639819406f460d4fdf62e3,3369a1508281082433c78fe0083966801b3d7085c521919558dc1265ecbee42f,streaming-long-csv-v1,blocked,ZafNoo,512,336,42,0.01,106,0.009917664670658683,10688,True,raw_coverage_much_larger_than_window_rate
1.0,2026-09-20T11:53:36.910358+00:00,1f59f317f6bf1128dd89b7e15750d6c629bb719c,7dffc18f7655fcf191fa424b5c720eac888c233e6e639819406f460d4fdf62e3,3369a1508281082433c78fe0083966801b3d7085c521919558dc1265ecbee42f,streaming-long-csv-v1,blocked,ZafNoo,512,336,42,0.02,213,0.01992889221556886,10688,True,raw_coverage_much_larger_than_window_rate;high_window_overlap
1.0,2026-09-20T11:53:36.910358+00:00,1f59f317f6bf1128dd89b7e15750d6c629bb719c,7dffc18f7655fcf191fa424b5c720eac888c233e6e639819406f460d4fdf62e3,3369a1508281082433c78fe0083966801b3d7085c521919558dc1265ecbee42f,streaming-long-csv-v1,blocked,ZafNoo,512,336,42,0.05,534,0.0499625748502994,10688,True,raw_coverage_much_larger_than_window_rate;high_window_overlap
1.0,2026-09-20T11:53:36.910358+00:00,1f59f317f6bf1128dd89b7e15750d6c629bb719c,7dffc18f7655fcf191fa424b5c720eac888c233e6e639819406f460d4fdf62e3,3369a1508281082433c78fe0083966801b3d7085c521919558dc1265ecbee42f,streaming-long-csv-v1,blocked,ZafNoo,512,336,42,0.1,1068,0.0999251497005988,10688,True,raw_coverage_much_larger_than_window_rate;high_window_overlap
1.0,2026-09-20T11:53:36.910358+00:00,1f59f317f6bf1128dd89b7e15750d6c629bb719c,7dffc18f7655fcf191fa424b5c720eac888c233e6e639819406f460d4fdf62e3,3369a1508281082433c78fe0083966801b3d7085c521919558dc1265ecbee42f,streaming-long-csv-v1,blocked,ZafNoo,512,336,42,0.2,2137,0.1999438622754491,10688,True,high_window_overlap
1.0,2026-09-20T11:53:36.910358+00:00,1f59f317f6bf1128dd89b7e15750d6c629bb719c,7dffc18f7655fcf191fa424b5c720eac888c233e6e639819406f460d4fdf62e3,3369a1508281082433c78fe0083966801b3d7085c521919558dc1265ecbee42f,streaming-long-csv-v1,blocked,ZafNoo,512,336,42,0.5,5344,0.5,10688,True,high_window_overlap
1.0,2026-09-20T11:53:36.910358+00:00,1f59f317f6bf1128dd89b7e15750d6c629bb719c,7dffc18f7655fcf191fa424b5c720eac888c233e6e639819406f460d4fdf62e3,3369a1508281082433c78fe0083966801b3d7085c521919558dc1265ecbee42f,streaming-long-csv-v1,blocked,ZafNoo,512,336,42,1.0,10688,1.0,10688,True,high_window_overlap
1.0,2026-09-20T11:53:36.910358+00:00,1f59f317f6bf1128dd89b7e15750d6c629bb719c,7dffc18f7655fcf191fa424b5c720eac888c233e6e639819406f460d4fdf62e3,3369a1508281082433c78fe0083966801b3d7085c521919558dc1265ecbee42f,streaming-long-csv-v1,blocked,ZafNoo,512,720,42,0.0,0,0.0,10304,True,
1.0,2026-09-20T11:53:36.910358+00:00,1f59f317f6bf1128dd89b7e15750d6c629bb719c,7dffc18f7655fcf191fa424b5c720eac888c233e6e639819406f460d4fdf62e3,3369a1508281082433c78fe0083966801b3d7085c521919558dc1265ecbee42f,streaming-long-csv-v1,blocked,ZafNoo,512,720,42,0.005,51,0.004949534161490683,10304,True,raw_coverage_much_larger_than_window_rate
1.0,2026-09-20T11:53:36.910358+00:00,1f59f317f6bf1128dd89b7e15750d6c629bb719c,7dffc18f7655fcf191fa424b5c720eac888c233e6e639819406f460d4fdf62e3,3369a1508281082433c78fe0083966801b3d7085c521919558dc1265ecbee42f,streaming-long-csv-v1,blocked,ZafNoo,512,720,42,0.01,103,0.00999611801242236,10304,True,raw_coverage_much_larger_than_window_rate;high_window_overlap
1.0,2026-09-20T11:53:36.910358+00:00,1f59f317f6bf1128dd89b7e15750d6c629bb719c,7dffc18f7655fcf191fa424b5c720eac888c233e6e639819406f460d4fdf62e3,3369a1508281082433c78fe0083966801b3d7085c521919558dc1265ecbee42f,streaming-long-csv-v1,blocked,ZafNoo,512,720,42,0.02,206,0.01999223602484472,10304,True,raw_coverage_much_larger_than_window_rate;high_window_overlap
1.0,2026-09-20T11:53:36.910358+00:00,1f59f317f6bf1128dd89b7e15750d6c629bb719c,7dffc18f7655fcf191fa424b5c720eac888c233e6e639819406f460d4fdf62e3,3369a1508281082433c78fe0083966801b3d7085c521919558dc1265ecbee42f,streaming-long-csv-v1,blocked,ZafNoo,512,720,42,0.05,515,0.0499805900621118,10304,True,raw_coverage_much_larger_than_window_rate;high_window_overlap
1.0,2026-09-20T11:53:36.910358+00:00,1f59f317f6bf1128dd89b7e15750d6c629bb719c,7dffc18f7655fcf191fa424b5c720eac888c233e6e639819406f460d4fdf62e3,3369a1508281082433c78fe0083966801b3d7085c521919558dc1265ecbee42f,streaming-long-csv-v1,blocked,ZafNoo,512,720,42,0.1,1030,0.0999611801242236,10304,True,raw_coverage_much_larger_than_window_rate;high_window_overlap
1.0,2026-09-20T11:53:36.910358+00:00,1f59f317f6bf1128dd89b7e15750d6c629bb719c,7dffc18f7655fcf191fa424b5c720eac888c233e6e639819406f460d4fdf62e3,3369a1508281082433c78fe0083966801b3d7085c521919558dc1265ecbee42f,streaming-long-csv-v1,blocked,ZafNoo,512,720,42,0.2,2060,0.1999223602484472,10304,True,high_window_overlap
1.0,2026-09-20T11:53:36.910358+00:00,1f59f317f6bf1128dd89b7e15750d6c629bb719c,7dffc18f7655fcf191fa424b5c720eac888c233e6e639819406f460d4fdf62e3,3369a1508281082433c78fe0083966801b3d7085c521919558dc1265ecbee42f,streaming-long-csv-v1,blocked,ZafNoo,512,720,42,0.5,5152,0.5,10304,True,high_window_overlap
1.0,2026-09-20T11:53:36.910358+00:00,1f59f317f6bf1128dd89b7e15750d6c629bb719c,7dffc18f7655fcf191fa424b5c720eac888c233e6e639819406f460d4fdf62e3,3369a1508281082433c78fe0083966801b3d7085c521919558dc1265ecbee42f,streaming-long-csv-v1,blocked,ZafNoo,512,720,42,1.0,10304,1.0,10304,True,high_window_overlap
1.0,2026-09-20T11:53:36.910358+00:00,1f59f317f6bf1128dd89b7e15750d6c629bb719c,b09c1dfa7279eff3aa53c883f0be71ebf2ef58d2980863ec01c38316a4beb15d,3369a1508281082433c78fe0083966801b3d7085c521919558dc1265ecbee42f,streaming-long-csv-v1,blocked,CzeLan,256,96,42,0.0,0,0.0,11609,True,
1.0,2026-09-20T11:53:36.910358+00:00,1f59f317f6bf1128dd89b7e15750d6c629bb719c,b09c1dfa7279eff3aa53c883f0be71ebf2ef58d2980863ec01c38316a4beb15d,3369a1508281082433c78fe0083966801b3d7085c521919558dc1265ecbee42f,streaming-long-csv-v1,blocked,CzeLan,256,96,42,0.005,58,0.0049961236971315355,11609,True,raw_coverage_much_larger_than_window_rate
1.0,2026-09-20T11:53:36.910358+00:00,1f59f317f6bf1128dd89b7e15750d6c629bb719c,b09c1dfa7279eff3aa53c883f0be71ebf2ef58d2980863ec01c38316a4beb15d,3369a1508281082433c78fe0083966801b3d7085c521919558dc1265ecbee42f,streaming-long-csv-v1,blocked,CzeLan,256,96,42,0.01,116,0.009992247394263071,11609,True,raw_coverage_much_larger_than_window_rate
1.0,2026-09-20T11:53:36.910358+00:00,1f59f317f6bf1128dd89b7e15750d6c629bb719c,b09c1dfa7279eff3aa53c883f0be71ebf2ef58d2980863ec01c38316a4beb15d,3369a1508281082433c78fe0083966801b3d7085c521919558dc1265ecbee42f,streaming-long-csv-v1,blocked,CzeLan,256,96,42,0.02,232,0.019984494788526142,11609,True,raw_coverage_much_larger_than_window_rate
1.0,2026-09-20T11:53:36.910358+00:00,1f59f317f6bf1128dd89b7e15750d6c629bb719c,b09c1dfa7279eff3aa53c883f0be71ebf2ef58d2980863ec01c38316a4beb15d,3369a1508281082433c78fe0083966801b3d7085c521919558dc1265ecbee42f,streaming-long-csv-v1,blocked,CzeLan,256,96,42,0.05,580,0.04996123697131536,11609,True,raw_coverage_much_larger_than_window_rate;high_window_overlap
1.0,2026-09-20T11:53:36.910358+00:00,1f59f317f6bf1128dd89b7e15750d6c629bb719c,b09c1dfa7279eff3aa53c883f0be71ebf2ef58d2980863ec01c38316a4beb15d,3369a1508281082433c78fe0083966801b3d7085c521919558dc1265ecbee42f,streaming-long-csv-v1,blocked,CzeLan,256,96,42,0.1,1160,0.09992247394263072,11609,True,raw_coverage_much_larger_than_window_rate;high_window_overlap
1.0,2026-09-20T11:53:36.910358+00:00,1f59f317f6bf1128dd89b7e15750d6c629bb719c,b09c1dfa7279eff3aa53c883f0be71ebf2ef58d2980863ec01c38316a4beb15d,3369a1508281082433c78fe0083966801b3d7085c521919558dc1265ecbee42f,streaming-long-csv-v1,blocked,CzeLan,256,96,42,0.2,2321,0.19993108794900508,11609,True,high_window_overlap
1.0,2026-09-20T11:53:36.910358+00:00,1f59f317f6bf1128dd89b7e15750d6c629bb719c,b09c1dfa7279eff3aa53c883f0be71ebf2ef58d2980863ec01c38316a4beb15d,3369a1508281082433c78fe0083966801b3d7085c521919558dc1265ecbee42f,streaming-long-csv-v1,blocked,CzeLan,256,96,42,0.5,5804,0.4999569299681282,11609,True,high_window_overlap
1.0,2026-09-20T11:53:36.910358+00:00,1f59f317f6bf1128dd89b7e15750d6c629bb719c,b09c1dfa7279eff3aa53c883f0be71ebf2ef58d2980863ec01c38316a4beb15d,3369a1508281082433c78fe0083966801b3d7085c521919558dc1265ecbee42f,streaming-long-csv-v1,blocked,CzeLan,256,96,42,1.0,11609,1.0,11609,True,high_window_overlap
1.0,2026-09-20T11:53:36.910358+00:00,1f59f317f6bf1128dd89b7e15750d6c629bb719c,b09c1dfa7279eff3aa53c883f0be71ebf2ef58d2980863ec01c38316a4beb15d,3369a1508281082433c78fe0083966801b3d7085c521919558dc1265ecbee42f,streaming-long-csv-v1,blocked,CzeLan,256,192,42,0.0,0,0.0,11513,True,
1.0,2026-09-20T11:53:36.910358+00:00,1f59f317f6bf1128dd89b7e15750d6c629bb719c,b09c1dfa7279eff3aa53c883f0be71ebf2ef58d2980863ec01c38316a4beb15d,3369a1508281082433c78fe0083966801b3d7085c521919558dc1265ecbee42f,streaming-long-csv-v1,blocked,CzeLan,256,192,42,0.005,57,0.004950925041257708,11513,True,raw_coverage_much_larger_than_window_rate
1.0,2026-09-20T11:53:36.910358+00:00,1f59f317f6bf1128dd89b7e15750d6c629bb719c,b09c1dfa7279eff3aa53c883f0be71ebf2ef58d2980863ec01c38316a4beb15d,3369a1508281082433c78fe0083966801b3d7085c521919558dc1265ecbee42f,streaming-long-csv-v1,blocked,CzeLan,256,192,42,0.01,115,0.00998870841657257,11513,True,raw_coverage_much_larger_than_window_rate
1.0,2026-09-20T11:53:36.910358+00:00,1f59f317f6bf1128dd89b7e15750d6c629bb719c,b09c1dfa7279eff3aa53c883f0be71ebf2ef58d2980863ec01c38316a4beb15d,3369a1508281082433c78fe0083966801b3d7085c521919558dc1265ecbee42f,streaming-long-csv-v1,blocked,CzeLan,256,192,42,0.02,230,0.01997741683314514,11513,True,raw_coverage_much_larger_than_window_rate
1.0,2026-09-20T11:53:36.910358+00:00,1f59f317f6bf1128dd89b7e15750d6c629bb719c,b09c1dfa7279eff3aa53c883f0be71ebf2ef58d2980863ec01c38316a4beb15d,3369a1508281082433c78fe0083966801b3d7085c521919558dc1265ecbee42f,streaming-long-csv-v1,blocked,CzeLan,256,192,42,0.05,575,0.04994354208286285,11513,True,raw_coverage_much_larger_than_window_rate;high_window_overlap
1.0,2026-09-20T11:53:36.910358+00:00,1f59f317f6bf1128dd89b7e15750d6c629bb719c,b09c1dfa7279eff3aa53c883f0be71ebf2ef58d2980863ec01c38316a4beb15d,3369a1508281082433c78fe0083966801b3d7085c521919558dc1265ecbee42f,streaming-long-csv-v1,blocked,CzeLan,256,192,42,0.1,1151,0.09997394249978285,11513,True,raw_coverage_much_larger_than_window_rate;high_window_overlap
1.0,2026-09-20T11:53:36.910358+00:00,1f59f317f6bf1128dd89b7e15750d6c629bb719c,b09c1dfa7279eff3aa53c883f0be71ebf2ef58d2980863ec01c38316a4beb15d,3369a1508281082433c78fe0083966801b3d7085c521919558dc1265ecbee42f,streaming-long-csv-v1,blocked,CzeLan,256,192,42,0.2,2302,0.1999478849995657,11513,True,high_window_overlap
1.0,2026-09-20T11:53:36.910358+00:00,1f59f317f6bf1128dd89b7e15750d6c629bb719c,b09c1dfa7279eff3aa53c883f0be71ebf2ef58d2980863ec01c38316a4beb15d,3369a1508281082433c78fe0083966801b3d7085c521919558dc1265ecbee42f,streaming-long-csv-v1,blocked,CzeLan,256,192,42,0.5,5756,0.4999565708329714,11513,True,high_window_overlap
1.0,2026-09-20T11:53:36.910358+00:00,1f59f317f6bf1128dd89b7e15750d6c629bb719c,b09c1dfa7279eff3aa53c883f0be71ebf2ef58d2980863ec01c38316a4beb15d,3369a1508281082433c78fe0083966801b3d7085c521919558dc1265ecbee42f,streaming-long-csv-v1,blocked,CzeLan,256,192,42,1.0,11513,1.0,11513,True,high_window_overlap
1.0,2026-09-20T11:53:36.910358+00:00,1f59f317f6bf1128dd89b7e15750d6c629bb719c,b09c1dfa7279eff3aa53c883f0be71ebf2ef58d2980863ec01c38316a4beb15d,3369a1508281082433c78fe0083966801b3d7085c521919558dc1265ecbee42f,streaming-long-csv-v1,blocked,CzeLan,256,336,42,0.0,0,0.0,11369,True,
1.0,2026-09-20T11:53:36.910358+00:00,1f59f317f6bf1128dd89b7e15750d6c629bb719c,b09c1dfa7279eff3aa53c883f0be71ebf2ef58d2980863ec01c38316a4beb15d,3369a1508281082433c78fe0083966801b3d7085c521919558dc1265ecbee42f,streaming-long-csv-v1,blocked,CzeLan,256,336,42,0.005,56,0.004925675081361597,11369,True,raw_coverage_much_larger_than_window_rate
1.0,2026-09-20T11:53:36.910358+00:00,1f59f317f6bf1128dd89b7e15750d6c629bb719c,b09c1dfa7279eff3aa53c883f0be71ebf2ef58d2980863ec01c38316a4beb15d,3369a1508281082433c78fe0083966801b3d7085c521919558dc1265ecbee42f,streaming-long-csv-v1,blocked,CzeLan,256,336,42,0.01,113,0.009939308646318937,11369,True,raw_coverage_much_larger_than_window_rate
1.0,2026-09-20T11:53:36.910358+00:00,1f59f317f6bf1128dd89b7e15750d6c629bb719c,b09c1dfa7279eff3aa53c883f0be71ebf2ef58d2980863ec01c38316a4beb15d,3369a1508281082433c78fe0083966801b3d7085c521919558dc1265ecbee42f,streaming-long-csv-v1,blocked,CzeLan,256,336,42,0.02,227,0.01996657577623362,11369,True,raw_coverage_much_larger_than_window_rate;high_window_overlap
1.0,2026-09-20T11:53:36.910358+00:00,1f59f317f6bf1128dd89b7e15750d6c629bb719c,b09c1dfa7279eff3aa53c883f0be71ebf2ef58d2980863ec01c38316a4beb15d,3369a1508281082433c78fe0083966801b3d7085c521919558dc1265ecbee42f,streaming-long-csv-v1,blocked,CzeLan,256,336,42,0.05,568,0.049960418682381914,11369,True,raw_coverage_much_larger_than_window_rate;high_window_overlap
1.0,2026-09-20T11:53:36.910358+00:00,1f59f317f6bf1128dd89b7e15750d6c629bb719c,b09c1dfa7279eff3aa53c883f0be71ebf2ef58d2980863ec01c38316a4beb15d,3369a1508281082433c78fe0083966801b3d7085c521919558dc1265ecbee42f,streaming-long-csv-v1,blocked,CzeLan,256,336,42,0.1,1136,0.09992083736476383,11369,True,raw_coverage_much_larger_than_window_rate;high_window_overlap
1.0,2026-09-20T11:53:36.910358+00:00,1f59f317f6bf1128dd89b7e15750d6c629bb719c,b09c1dfa7279eff3aa53c883f0be71ebf2ef58d2980863ec01c38316a4beb15d,3369a1508281082433c78fe0083966801b3d7085c521919558dc1265ecbee42f,streaming-long-csv-v1,blocked,CzeLan,256,336,42,0.2,2273,0.1999296332131234,11369,True,high_window_overlap
1.0,2026-09-20T11:53:36.910358+00:00,1f59f317f6bf1128dd89b7e15750d6c629bb719c,b09c1dfa7279eff3aa53c883f0be71ebf2ef58d2980863ec01c38316a4beb15d,3369a1508281082433c78fe0083966801b3d7085c521919558dc1265ecbee42f,streaming-long-csv-v1,blocked,CzeLan,256,336,42,0.5,5684,0.4999560207582021,11369,True,high_window_overlap
1.0,2026-09-20T11:53:36.910358+00:00,1f59f317f6bf1128dd89b7e15750d6c629bb719c,b09c1dfa7279eff3aa53c883f0be71ebf2ef58d2980863ec01c38316a4beb15d,3369a1508281082433c78fe0083966801b3d7085c521919558dc1265ecbee42f,streaming-long-csv-v1,blocked,CzeLan,256,336,42,1.0,11369,1.0,11369,True,high_window_overlap
1.0,2026-09-20T11:53:36.910358+00:00,1f59f317f6bf1128dd89b7e15750d6c629bb719c,b09c1dfa7279eff3aa53c883f0be71ebf2ef58d2980863ec01c38316a4beb15d,3369a1508281082433c78fe0083966801b3d7085c521919558dc1265ecbee42f,streaming-long-csv-v1,blocked,CzeLan,256,720,42,0.0,0,0.0,10985,True,
1.0,2026-09-20T11:53:36.910358+00:00,1f59f317f6bf1128dd89b7e15750d6c629bb719c,b09c1dfa7279eff3aa53c883f0be71ebf2ef58d2980863ec01c38316a4beb15d,3369a1508281082433c78fe0083966801b3d7085c521919558dc1265ecbee42f,streaming-long-csv-v1,blocked,CzeLan,256,720,42,0.005,54,0.004915794264906691,10985,True,raw_coverage_much_larger_than_window_rate
1.0,2026-09-20T11:53:36.910358+00:00,1f59f317f6bf1128dd89b7e15750d6c629bb719c,b09c1dfa7279eff3aa53c883f0be71ebf2ef58d2980863ec01c38316a4beb15d,3369a1508281082433c78fe0083966801b3d7085c521919558dc1265ecbee42f,streaming-long-csv-v1,blocked,CzeLan,256,720,42,0.01,109,0.009922621756941283,10985,True,raw_coverage_much_larger_than_window_rate
1.0,2026-09-20T11:53:36.910358+00:00,1f59f317f6bf1128dd89b7e15750d6c629bb719c,b09c1dfa7279eff3aa53c883f0be71ebf2ef58d2980863ec01c38316a4beb15d,3369a1508281082433c78fe0083966801b3d7085c521919558dc1265ecbee42f,streaming-long-csv-v1,blocked,CzeLan,256,720,42,0.02,219,0.019936276741010468,10985,True,raw_coverage_much_larger_than_window_rate;high_window_overlap
1.0,2026-09-20T11:53:36.910358+00:00,1f59f317f6bf1128dd89b7e15750d6c629bb719c,b09c1dfa7279eff3aa53c883f0be71ebf2ef58d2980863ec01c38316a4beb15d,3369a1508281082433c78fe0083966801b3d7085c521919558dc1265ecbee42f,streaming-long-csv-v1,blocked,CzeLan,256,720,42,0.05,549,0.04997724169321802,10985,True,raw_coverage_much_larger_than_window_rate;high_window_overlap
1.0,2026-09-20T11:53:36.910358+00:00,1f59f317f6bf1128dd89b7e15750d6c629bb719c,b09c1dfa7279eff3aa53c883f0be71ebf2ef58d2980863ec01c38316a4beb15d,3369a1508281082433c78fe0083966801b3d7085c521919558dc1265ecbee42f,streaming-long-csv-v1,blocked,CzeLan,256,720,42,0.1,1098,0.09995448338643605,10985,True,raw_coverage_much_larger_than_window_rate;high_window_overlap
1.0,2026-09-20T11:53:36.910358+00:00,1f59f317f6bf1128dd89b7e15750d6c629bb719c,b09c1dfa7279eff3aa53c883f0be71ebf2ef58d2980863ec01c38316a4beb15d,3369a1508281082433c78fe0083966801b3d7085c521919558dc1265ecbee42f,streaming-long-csv-v1,blocked,CzeLan,256,720,42,0.2,2197,0.2,10985,True,high_window_overlap
1.0,2026-09-20T11:53:36.910358+00:00,1f59f317f6bf1128dd89b7e15750d6c629bb719c,b09c1dfa7279eff3aa53c883f0be71ebf2ef58d2980863ec01c38316a4beb15d,3369a1508281082433c78fe0083966801b3d7085c521919558dc1265ecbee42f,streaming-long-csv-v1,blocked,CzeLan,256,720,42,0.5,5492,0.49995448338643605,10985,True,high_window_overlap
1.0,2026-09-20T11:53:36.910358+00:00,1f59f317f6bf1128dd89b7e15750d6c629bb719c,b09c1dfa7279eff3aa53c883f0be71ebf2ef58d2980863ec01c38316a4beb15d,3369a1508281082433c78fe0083966801b3d7085c521919558dc1265ecbee42f,streaming-long-csv-v1,blocked,CzeLan,256,720,42,1.0,10985,1.0,10985,True,high_window_overlap
1.0,2026-09-20T11:53:36.910358+00:00,1f59f317f6bf1128dd89b7e15750d6c629bb719c,b09c1dfa7279eff3aa53c883f0be71ebf2ef58d2980863ec01c38316a4beb15d,3369a1508281082433c78fe0083966801b3d7085c521919558dc1265ecbee42f,streaming-long-csv-v1,blocked,CzeLan,512,96,42,0.0,0,0.0,11353,True,
1.0,2026-09-20T11:53:36.910358+00:00,1f59f317f6bf1128dd89b7e15750d6c629bb719c,b09c1dfa7279eff3aa53c883f0be71ebf2ef58d2980863ec01c38316a4beb15d,3369a1508281082433c78fe0083966801b3d7085c521919558dc1265ecbee42f,streaming-long-csv-v1,blocked,CzeLan,512,96,42,0.005,56,0.004932616929445961,11353,True,raw_coverage_much_larger_than_window_rate
1.0,2026-09-20T11:53:36.910358+00:00,1f59f317f6bf1128dd89b7e15750d6c629bb719c,b09c1dfa7279eff3aa53c883f0be71ebf2ef58d2980863ec01c38316a4beb15d,3369a1508281082433c78fe0083966801b3d7085c521919558dc1265ecbee42f,streaming-long-csv-v1,blocked,CzeLan,512,96,42,0.01,113,0.0099533163040606,11353,True,raw_coverage_much_larger_than_window_rate
1.0,2026-09-20T11:53:36.910358+00:00,1f59f317f6bf1128dd89b7e15750d6c629bb719c,b09c1dfa7279eff3aa53c883f0be71ebf2ef58d2980863ec01c38316a4beb15d,3369a1508281082433c78fe0083966801b3d7085c521919558dc1265ecbee42f,streaming-long-csv-v1,blocked,CzeLan,512,96,42,0.02,227,0.01999471505328988,11353,True,raw_coverage_much_larger_than_window_rate;high_window_overlap
1.0,2026-09-20T11:53:36.910358+00:00,1f59f317f6bf1128dd89b7e15750d6c629bb719c,b09c1dfa7279eff3aa53c883f0be71ebf2ef58d2980863ec01c38316a4beb15d,3369a1508281082433c78fe0083966801b3d7085c521919558dc1265ecbee42f,streaming-long-csv-v1,blocked,CzeLan,512,96,42,0.05,567,0.04994274641064036,11353,True,raw_coverage_much_larger_than_window_rate;high_window_overlap
1.0,2026-09-20T11:53:36.910358+00:00,1f59f317f6bf1128dd89b7e15750d6c629bb719c,b09c1dfa7279eff3aa53c883f0be71ebf2ef58d2980863ec01c38316a4beb15d,3369a1508281082433c78fe0083966801b3d7085c521919558dc1265ecbee42f,streaming-long-csv-v1,blocked,CzeLan,512,96,42,0.1,1135,0.0999735752664494,11353,True,raw_coverage_much_larger_than_window_rate;high_window_overlap
1.0,2026-09-20T11:53:36.910358+00:00,1f59f317f6bf1128dd89b7e15750d6c629bb719c,b09c1dfa7279eff3aa53c883f0be71ebf2ef58d2980863ec01c38316a4beb15d,3369a1508281082433c78fe0083966801b3d7085c521919558dc1265ecbee42f,streaming-long-csv-v1,blocked,CzeLan,512,96,42,0.2,2270,0.1999471505328988,11353,True,high_window_overlap
1.0,2026-09-20T11:53:36.910358+00:00,1f59f317f6bf1128dd89b7e15750d6c629bb719c,b09c1dfa7279eff3aa53c883f0be71ebf2ef58d2980863ec01c38316a4beb15d,3369a1508281082433c78fe0083966801b3d7085c521919558dc1265ecbee42f,streaming-long-csv-v1,blocked,CzeLan,512,96,42,0.5,5676,0.49995595877741567,11353,True,high_window_overlap
1.0,2026-09-20T11:53:36.910358+00:00,1f59f317f6bf1128dd89b7e15750d6c629bb719c,b09c1dfa7279eff3aa53c883f0be71ebf2ef58d2980863ec01c38316a4beb15d,3369a1508281082433c78fe0083966801b3d7085c521919558dc1265ecbee42f,streaming-long-csv-v1,blocked,CzeLan,512,96,42,1.0,11353,1.0,11353,True,high_window_overlap
1.0,2026-09-20T11:53:36.910358+00:00,1f59f317f6bf1128dd89b7e15750d6c629bb719c,b09c1dfa7279eff3aa53c883f0be71ebf2ef58d2980863ec01c38316a4beb15d,3369a1508281082433c78fe0083966801b3d7085c521919558dc1265ecbee42f,streaming-long-csv-v1,blocked,CzeLan,512,192,42,0.0,0,0.0,11257,True,
1.0,2026-09-20T11:53:36.910358+00:00,1f59f317f6bf1128dd89b7e15750d6c629bb719c,b09c1dfa7279eff3aa53c883f0be71ebf2ef58d2980863ec01c38316a4beb15d,3369a1508281082433c78fe0083966801b3d7085c521919558dc1265ecbee42f,streaming-long-csv-v1,blocked,CzeLan,512,192,42,0.005,56,0.0049746824198276625,11257,True,raw_coverage_much_larger_than_window_rate
1.0,2026-09-20T11:53:36.910358+00:00,1f59f317f6bf1128dd89b7e15750d6c629bb719c,b09c1dfa7279eff3aa53c883f0be71ebf2ef58d2980863ec01c38316a4beb15d,3369a1508281082433c78fe0083966801b3d7085c521919558dc1265ecbee42f,streaming-long-csv-v1,blocked,CzeLan,512,192,42,0.01,112,0.009949364839655325,11257,True,raw_coverage_much_larger_than_window_rate
1.0,2026-09-20T11:53:36.910358+00:00,1f59f317f6bf1128dd89b7e15750d6c629bb719c,b09c1dfa7279eff3aa53c883f0be71ebf2ef58d2980863ec01c38316a4beb15d,3369a1508281082433c78fe0083966801b3d7085c521919558dc1265ecbee42f,streaming-long-csv-v1,blocked,CzeLan,512,192,42,0.02,225,0.01998756329395043,11257,True,raw_coverage_much_larger_than_window_rate;high_window_overlap
1.0,2026-09-20T11:53:36.910358+00:00,1f59f317f6bf1128dd89b7e15750d6c629bb719c,b09c1dfa7279eff3aa53c883f0be71ebf2ef58d2980863ec01c38316a4beb15d,3369a1508281082433c78fe0083966801b3d7085c521919558dc1265ecbee42f,streaming-long-csv-v1,blocked,CzeLan,512,192,42,0.05,562,0.049924491427556186,11257,True,raw_coverage_much_larger_than_window_rate;high_window_overlap
1.0,2026-09-20T11:53:36.910358+00:00,1f59f317f6bf1128dd89b7e15750d6c629bb719c,b09c1dfa7279eff3aa53c883f0be71ebf2ef58d2980863ec01c38316a4beb15d,3369a1508281082433c78fe0083966801b3d7085c521919558dc1265ecbee42f,streaming-long-csv-v1,blocked,CzeLan,512,192,42,0.1,1125,0.09993781646975215,11257,True,raw_coverage_much_larger_than_window_rate;high_window_overlap
1.0,2026-09-20T11:53:36.910358+00:00,1f59f317f6bf1128dd89b7e15750d6c629bb719c,b09c1dfa7279eff3aa53c883f0be71ebf2ef58d2980863ec01c38316a4beb15d,3369a1508281082433c78fe0083966801b3d7085c521919558dc1265ecbee42f,streaming-long-csv-v1,blocked,CzeLan,512,192,42,0.2,2251,0.1999644665541441,11257,True,high_window_overlap
1.0,2026-09-20T11:53:36.910358+00:00,1f59f317f6bf1128dd89b7e15750d6c629bb719c,b09c1dfa7279eff3aa53c883f0be71ebf2ef58d2980863ec01c38316a4beb15d,3369a1508281082433c78fe0083966801b3d7085c521919558dc1265ecbee42f,streaming-long-csv-v1,blocked,CzeLan,512,192,42,0.5,5628,0.49995558319268013,11257,True,high_window_overlap
1.0,2026-09-20T11:53:36.910358+00:00,1f59f317f6bf1128dd89b7e15750d6c629bb719c,b09c1dfa7279eff3aa53c883f0be71ebf2ef58d2980863ec01c38316a4beb15d,3369a1508281082433c78fe0083966801b3d7085c521919558dc1265ecbee42f,streaming-long-csv-v1,blocked,CzeLan,512,192,42,1.0,11257,1.0,11257,True,high_window_overlap
1.0,2026-09-20T11:53:36.910358+00:00,1f59f317f6bf1128dd89b7e15750d6c629bb719c,b09c1dfa7279eff3aa53c883f0be71ebf2ef58d2980863ec01c38316a4beb15d,3369a1508281082433c78fe0083966801b3d7085c521919558dc1265ecbee42f,streaming-long-csv-v1,blocked,CzeLan,512,336,42,0.0,0,0.0,11113,True,
1.0,2026-09-20T11:53:36.910358+00:00,1f59f317f6bf1128dd89b7e15750d6c629bb719c,b09c1dfa7279eff3aa53c883f0be71ebf2ef58d2980863ec01c38316a4beb15d,3369a1508281082433c78fe0083966801b3d7085c521919558dc1265ecbee42f,streaming-long-csv-v1,blocked,CzeLan,512,336,42,0.005,55,0.004949158643030685,11113,True,raw_coverage_much_larger_than_window_rate
1.0,2026-09-20T11:53:36.910358+00:00,1f59f317f6bf1128dd89b7e15750d6c629bb719c,b09c1dfa7279eff3aa53c883f0be71ebf2ef58d2980863ec01c38316a4beb15d,3369a1508281082433c78fe0083966801b3d7085c521919558dc1265ecbee42f,streaming-long-csv-v1,blocked,CzeLan,512,336,42,0.01,111,0.009988301988661928,11113,True,raw_coverage_much_larger_than_window_rate
1.0,2026-09-20T11:53:36.910358+00:00,1f59f317f6bf1128dd89b7e15750d6c629bb719c,b09c1dfa7279eff3aa53c883f0be71ebf2ef58d2980863ec01c38316a4beb15d,3369a1508281082433c78fe0083966801b3d7085c521919558dc1265ecbee42f,streaming-long-csv-v1,blocked,CzeLan,512,336,42,0.02,222,0.019976603977323856,11113,True,raw_coverage_much_larger_than_window_rate;high_window_overlap
1.0,2026-09-20T11:53:36.910358+00:00,1f59f317f6bf1128dd89b7e15750d6c629bb719c,b09c1dfa7279eff3aa53c883f0be71ebf2ef58d2980863ec01c38316a4beb15d,3369a1508281082433c78fe0083966801b3d7085c521919558dc1265ecbee42f,streaming-long-csv-v1,blocked,CzeLan,512,336,42,0.05,555,0.04994150994330964,11113,True,raw_coverage_much_larger_than_window_rate;high_window_overlap
1.0,2026-09-20T11:53:36.910358+00:00,1f59f317f6bf1128dd89b7e15750d6c629bb719c,b09c1dfa7279eff3aa53c883f0be71ebf2ef58d2980863ec01c38316a4beb15d,3369a1508281082433c78fe0083966801b3d7085c521919558dc1265ecbee42f,streaming-long-csv-v1,blocked,CzeLan,512,336,42,0.1,1111,0.09997300458921983,11113,True,raw_coverage_much_larger_than_window_rate;high_window_overlap
1.0,2026-09-20T11:53:36.910358+00:00,1f59f317f6bf1128dd89b7e15750d6c629bb719c,b09c1dfa7279eff3aa53c883f0be71ebf2ef58d2980863ec01c38316a4beb15d,3369a1508281082433c78fe0083966801b3d7085c521919558dc1265ecbee42f,streaming-long-csv-v1,blocked,CzeLan,512,336,42,0.2,2222,0.19994600917843966,11113,True,high_window_overlap
1.0,2026-09-20T11:53:36.910358+00:00,1f59f317f6bf1128dd89b7e15750d6c629bb719c,b09c1dfa7279eff3aa53c883f0be71ebf2ef58d2980863ec01c38316a4beb15d,3369a1508281082433c78fe0083966801b3d7085c521919558dc1265ecbee42f,streaming-long-csv-v1,blocked,CzeLan,512,336,42,0.5,5556,0.4999550076486997,11113,True,high_window_overlap
1.0,2026-09-20T11:53:36.910358+00:00,1f59f317f6bf1128dd89b7e15750d6c629bb719c,b09c1dfa7279eff3aa53c883f0be71ebf2ef58d2980863ec01c38316a4beb15d,3369a1508281082433c78fe0083966801b3d7085c521919558dc1265ecbee42f,streaming-long-csv-v1,blocked,CzeLan,512,336,42,1.0,11113,1.0,11113,True,high_window_overlap
1.0,2026-09-20T11:53:36.910358+00:00,1f59f317f6bf1128dd89b7e15750d6c629bb719c,b09c1dfa7279eff3aa53c883f0be71ebf2ef58d2980863ec01c38316a4beb15d,3369a1508281082433c78fe0083966801b3d7085c521919558dc1265ecbee42f,streaming-long-csv-v1,blocked,CzeLan,512,720,42,0.0,0,0.0,10729,True,
1.0,2026-09-20T11:53:36.910358+00:00,1f59f317f6bf1128dd89b7e15750d6c629bb719c,b09c1dfa7279eff3aa53c883f0be71ebf2ef58d2980863ec01c38316a4beb15d,3369a1508281082433c78fe0083966801b3d7085c521919558dc1265ecbee42f,streaming-long-csv-v1,blocked,CzeLan,512,720,42,0.005,53,0.004939882561282505,10729,True,raw_coverage_much_larger_than_window_rate
1.0,2026-09-20T11:53:36.910358+00:00,1f59f317f6bf1128dd89b7e15750d6c629bb719c,b09c1dfa7279eff3aa53c883f0be71ebf2ef58d2980863ec01c38316a4beb15d,3369a1508281082433c78fe0083966801b3d7085c521919558dc1265ecbee42f,streaming-long-csv-v1,blocked,CzeLan,512,720,42,0.01,107,0.009972970453909963,10729,True,raw_coverage_much_larger_than_window_rate;high_window_overlap
1.0,2026-09-20T11:53:36.910358+00:00,1f59f317f6bf1128dd89b7e15750d6c629bb719c,b09c1dfa7279eff3aa53c883f0be71ebf2ef58d2980863ec01c38316a4beb15d,3369a1508281082433c78fe0083966801b3d7085c521919558dc1265ecbee42f,streaming-long-csv-v1,blocked,CzeLan,512,720,42,0.02,214,0.019945940907819926,10729,True,raw_coverage_much_larger_than_window_rate;high_window_overlap
1.0,2026-09-20T11:53:36.910358+00:00,1f59f317f6bf1128dd89b7e15750d6c629bb719c,b09c1dfa7279eff3aa53c883f0be71ebf2ef58d2980863ec01c38316a4beb15d,3369a1508281082433c78fe0083966801b3d7085c521919558dc1265ecbee42f,streaming-long-csv-v1,blocked,CzeLan,512,720,42,0.05,536,0.04995805760089477,10729,True,raw_coverage_much_larger_than_window_rate;high_window_overlap
1.0,2026-09-20T11:53:36.910358+00:00,1f59f317f6bf1128dd89b7e15750d6c629bb719c,b09c1dfa7279eff3aa53c883f0be71ebf2ef58d2980863ec01c38316a4beb15d,3369a1508281082433c78fe0083966801b3d7085c521919558dc1265ecbee42f,streaming-long-csv-v1,blocked,CzeLan,512,720,42,0.1,1072,0.09991611520178954,10729,True,raw_coverage_much_larger_than_window_rate;high_window_overlap
1.0,2026-09-20T11:53:36.910358+00:00,1f59f317f6bf1128dd89b7e15750d6c629bb719c,b09c1dfa7279eff3aa53c883f0be71ebf2ef58d2980863ec01c38316a4beb15d,3369a1508281082433c78fe0083966801b3d7085c521919558dc1265ecbee42f,streaming-long-csv-v1,blocked,CzeLan,512,720,42,0.2,2145,0.19992543573492405,10729,True,high_window_overlap
1.0,2026-09-20T11:53:36.910358+00:00,1f59f317f6bf1128dd89b7e15750d6c629bb719c,b09c1dfa7279eff3aa53c883f0be71ebf2ef58d2980863ec01c38316a4beb15d,3369a1508281082433c78fe0083966801b3d7085c521919558dc1265ecbee42f,streaming-long-csv-v1,blocked,CzeLan,512,720,42,0.5,5364,0.49995339733432753,10729,True,high_window_overlap
1.0,2026-09-20T11:53:36.910358+00:00,1f59f317f6bf1128dd89b7e15750d6c629bb719c,b09c1dfa7279eff3aa53c883f0be71ebf2ef58d2980863ec01c38316a4beb15d,3369a1508281082433c78fe0083966801b3d7085c521919558dc1265ecbee42f,streaming-long-csv-v1,blocked,CzeLan,512,720,42,1.0,10729,1.0,10729,True,high_window_overlap
